{"level":"error","message":"Registration error: AuditLog validation failed: user: Cast to ObjectId failed for value \"mockUserId123\" (type string) at path \"user\" because of \"BSONError\", entity.id: Cast to ObjectId failed for value \"mockUserId123\" (type string) at path \"entity.id\" because of \"BSONError\"","timestamp":"2026-05-30T04:02:02.290Z"}
{"level":"info","message":"POST /api/auth/register [Status: 500] - 37ms - IP: ::ffff:127.0.0.1","timestamp":"2026-05-30T04:02:02.303Z"}
{"level":"info","message":"POST /api/auth/register [Status: 400] - 3ms - IP: ::ffff:127.0.0.1","timestamp":"2026-05-30T04:02:02.333Z"}
{"level":"error","message":"Login error: User.findOne(...).select is not a function","timestamp":"2026-05-30T04:02:02.356Z"}
{"level":"info","message":"POST /api/auth/login [Status: 500] - 7ms - IP: ::ffff:127.0.0.1","timestamp":"2026-05-30T04:02:02.361Z"}
{"level":"info","message":"POST /api/auth/register [Status: 400] - 13ms - IP: ::ffff:127.0.0.1","timestamp":"2026-05-30T04:02:16.406Z"}
{"level":"info","message":"POST /api/auth/register [Status: 400] - 2ms - IP: ::ffff:127.0.0.1","timestamp":"2026-05-30T04:02:16.435Z"}
{"level":"error","message":"Login error: Operation `auditlogs.insertOne()` buffering timed out after 10000ms","timestamp":"2026-05-30T04:02:26.487Z"}
{"level":"info","message":"POST /api/auth/login [Status: 500] - 10035ms - IP: ::ffff:127.0.0.1","timestamp":"2026-05-30T04:02:26.489Z"}
{"level":"info","message":"POST /api/auth/register [Status: 400] - 13ms - IP: ::ffff:127.0.0.1","timestamp":"2026-05-30T04:02:39.645Z"}
{"level":"info","message":"POST /api/auth/register [Status: 400] - 2ms - IP: ::ffff:127.0.0.1","timestamp":"2026-05-30T04:02:39.675Z"}
{"level":"info","message":"User john@alphamatrix.com logged in successfully","timestamp":"2026-05-30T04:02:39.701Z"}
{"level":"error","message":"Login error: user.toJSON is not a function","timestamp":"2026-05-30T04:02:39.704Z"}
{"level":"info","message":"POST /api/auth/login [Status: 500] - 12ms - IP: ::ffff:127.0.0.1","timestamp":"2026-05-30T04:02:39.707Z"}
{"level":"info","message":"User john@alphamatrix.com registered successfully","timestamp":"2026-05-30T04:03:01.221Z"}
{"level":"info","message":"POST /api/auth/register [Status: 201] - 22ms - IP: ::ffff:127.0.0.1","timestamp":"2026-05-30T04:03:01.230Z"}
{"level":"info","message":"POST /api/auth/register [Status: 400] - 3ms - IP: ::ffff:127.0.0.1","timestamp":"2026-05-30T04:03:01.258Z"}
{"level":"info","message":"User john@alphamatrix.com logged in successfully","timestamp":"2026-05-30T04:03:01.278Z"}
{"level":"info","message":"POST /api/auth/login [Status: 200] - 5ms - IP: ::ffff:127.0.0.1","timestamp":"2026-05-30T04:03:01.282Z"}
{"level":"info","message":"User john@alphamatrix.com registered successfully","timestamp":"2026-05-30T04:08:10.840Z"}
{"level":"info","message":"POST /api/auth/register [Status: 201] - 28ms - IP: ::ffff:127.0.0.1","timestamp":"2026-05-30T04:08:10.850Z"}
{"level":"info","message":"POST /api/auth/register [Status: 400] - 3ms - IP: ::ffff:127.0.0.1","timestamp":"2026-05-30T04:08:10.878Z"}
{"level":"info","message":"User john@alphamatrix.com logged in successfully","timestamp":"2026-05-30T04:08:10.900Z"}
{"level":"info","message":"POST /api/auth/login [Status: 200] - 6ms - IP: ::ffff:127.0.0.1","timestamp":"2026-05-30T04:08:10.903Z"}
{"level":"info","message":"User john@alphamatrix.com registered successfully","timestamp":"2026-05-30T04:11:00.869Z"}
{"level":"info","message":"POST /api/auth/register [Status: 201] - 24ms - IP: ::ffff:127.0.0.1","timestamp":"2026-05-30T04:11:00.877Z"}
{"level":"info","message":"POST /api/auth/register [Status: 400] - 3ms - IP: ::ffff:127.0.0.1","timestamp":"2026-05-30T04:11:00.907Z"}
{"level":"info","message":"User john@alphamatrix.com logged in successfully","timestamp":"2026-05-30T04:11:00.928Z"}
{"level":"info","message":"POST /api/auth/login [Status: 200] - 5ms - IP: ::ffff:127.0.0.1","timestamp":"2026-05-30T04:11:00.931Z"}
{"level":"warn","message":"Redis reconnection limit exceeded. Staying in in-memory fallback mode.","timestamp":"2026-05-30T04:11:01.547Z"}
{"level":"info","message":"User john@alphamatrix.com registered successfully","timestamp":"2026-05-30T04:12:45.580Z"}
{"level":"info","message":"POST /api/auth/register [Status: 201] - 17ms - IP: ::ffff:127.0.0.1","timestamp":"2026-05-30T04:12:45.588Z"}
{"level":"info","message":"POST /api/auth/register [Status: 400] - 2ms - IP: ::ffff:127.0.0.1","timestamp":"2026-05-30T04:12:45.613Z"}
{"level":"info","message":"User john@alphamatrix.com logged in successfully","timestamp":"2026-05-30T04:12:45.634Z"}
{"level":"info","message":"POST /api/auth/login [Status: 200] - 6ms - IP: ::ffff:127.0.0.1","timestamp":"2026-05-30T04:12:45.638Z"}
{"level":"warn","message":"Redis reconnection limit exceeded. Staying in in-memory fallback mode.","timestamp":"2026-05-30T04:12:46.253Z"}
{"level":"info","message":"Incoming request: POST /api/auth/register","method":"POST","requestId":"4fcd3f40-8846-4407-a5e8-f6aae703f2c9","timestamp":"2026-05-30T04:14:50.711Z","url":"/api/auth/register"}
{"level":"info","message":"User john@alphamatrix.com registered successfully","method":"POST","requestId":"4fcd3f40-8846-4407-a5e8-f6aae703f2c9","timestamp":"2026-05-30T04:14:50.743Z","url":"/api/auth/register"}
{"level":"info","message":"Request completed: POST /api/auth/register [Status: 201] - 40ms","method":"POST","requestId":"4fcd3f40-8846-4407-a5e8-f6aae703f2c9","timestamp":"2026-05-30T04:14:50.750Z","url":"/api/auth/register"}
{"level":"info","message":"Incoming request: POST /api/auth/register","method":"POST","requestId":"a11fdbbe-f26e-479c-beb2-5af0b77ccda0","timestamp":"2026-05-30T04:14:50.812Z","url":"/api/auth/register"}
{"level":"info","message":"Request completed: POST /api/auth/register [Status: 400] - 13ms","method":"POST","requestId":"a11fdbbe-f26e-479c-beb2-5af0b77ccda0","timestamp":"2026-05-30T04:14:50.825Z","url":"/api/auth/register"}
{"level":"info","message":"Incoming request: POST /api/auth/login","method":"POST","requestId":"9f15b510-be7d-466b-af57-630f68bcfb13","timestamp":"2026-05-30T04:14:50.873Z","url":"/api/auth/login"}
{"level":"info","message":"User john@alphamatrix.com logged in successfully","method":"POST","requestId":"9f15b510-be7d-466b-af57-630f68bcfb13","timestamp":"2026-05-30T04:14:50.880Z","url":"/api/auth/login"}
{"level":"info","message":"Request completed: POST /api/auth/login [Status: 200] - 10ms","method":"POST","requestId":"9f15b510-be7d-466b-af57-630f68bcfb13","timestamp":"2026-05-30T04:14:50.883Z","url":"/api/auth/login"}
{"level":"warn","message":"Redis reconnection limit exceeded. Staying in in-memory fallback mode.","timestamp":"2026-05-30T04:14:51.440Z"}
{"level":"info","message":"Incoming request: POST /api/auth/register","method":"POST","requestId":"f6c4373a-0474-4f8b-a75c-2016e698feb3","timestamp":"2026-05-30T04:16:31.395Z","url":"/api/auth/register"}
{"level":"info","message":"User john@alphamatrix.com registered successfully","method":"POST","requestId":"f6c4373a-0474-4f8b-a75c-2016e698feb3","timestamp":"2026-05-30T04:16:31.422Z","url":"/api/auth/register"}
{"level":"info","message":"Request completed: POST /api/auth/register [Status: 201] - 39ms","method":"POST","requestId":"f6c4373a-0474-4f8b-a75c-2016e698feb3","timestamp":"2026-05-30T04:16:31.433Z","url":"/api/auth/register"}
{"level":"info","message":"Incoming request: POST /api/auth/register","method":"POST","requestId":"253632c2-7e98-445a-9e09-1a86ca5f9203","timestamp":"2026-05-30T04:16:31.459Z","url":"/api/auth/register"}
{"level":"info","message":"Request completed: POST /api/auth/register [Status: 400] - 14ms","method":"POST","requestId":"253632c2-7e98-445a-9e09-1a86ca5f9203","timestamp":"2026-05-30T04:16:31.473Z","url":"/api/auth/register"}
{"level":"info","message":"Incoming request: POST /api/auth/login","method":"POST","requestId":"9aecb82e-02d9-4bed-a760-3e46b432b763","timestamp":"2026-05-30T04:16:31.494Z","url":"/api/auth/login"}
{"level":"info","message":"User john@alphamatrix.com logged in successfully","method":"POST","requestId":"9aecb82e-02d9-4bed-a760-3e46b432b763","timestamp":"2026-05-30T04:16:31.505Z","url":"/api/auth/login"}
{"level":"info","message":"Request completed: POST /api/auth/login [Status: 200] - 14ms","method":"POST","requestId":"9aecb82e-02d9-4bed-a760-3e46b432b763","timestamp":"2026-05-30T04:16:31.508Z","url":"/api/auth/login"}
{"level":"warn","message":"Redis reconnection limit exceeded. Staying in in-memory fallback mode.","timestamp":"2026-05-30T04:16:32.091Z"}
{"level":"info","message":"Incoming request: POST /api/auth/register","method":"POST","requestId":"7c5e8af7-5211-4bd9-96c4-1be30ff51abc","timestamp":"2026-05-30T04:18:25.486Z","url":"/api/auth/register"}
{"level":"info","message":"User john@alphamatrix.com registered successfully","method":"POST","requestId":"7c5e8af7-5211-4bd9-96c4-1be30ff51abc","timestamp":"2026-05-30T04:18:25.515Z","url":"/api/auth/register"}
{"level":"info","message":"Request completed: POST /api/auth/register [Status: 201] - 41ms","method":"POST","requestId":"7c5e8af7-5211-4bd9-96c4-1be30ff51abc","timestamp":"2026-05-30T04:18:25.527Z","url":"/api/auth/register"}
{"level":"info","message":"Incoming request: POST /api/auth/register","method":"POST","requestId":"a526e0a9-6997-49ed-86ed-0d6deb4b2642","timestamp":"2026-05-30T04:18:25.561Z","url":"/api/auth/register"}
{"level":"info","message":"Request completed: POST /api/auth/register [Status: 400] - 15ms","method":"POST","requestId":"a526e0a9-6997-49ed-86ed-0d6deb4b2642","timestamp":"2026-05-30T04:18:25.576Z","url":"/api/auth/register"}
{"level":"info","message":"Incoming request: POST /api/auth/login","method":"POST","requestId":"fe1f2029-8fc1-40ee-869e-fbaae4da46cb","timestamp":"2026-05-30T04:18:25.595Z","url":"/api/auth/login"}
{"level":"info","message":"User john@alphamatrix.com logged in successfully","method":"POST","requestId":"fe1f2029-8fc1-40ee-869e-fbaae4da46cb","timestamp":"2026-05-30T04:18:25.608Z","url":"/api/auth/login"}
{"level":"info","message":"Request completed: POST /api/auth/login [Status: 200] - 16ms","method":"POST","requestId":"fe1f2029-8fc1-40ee-869e-fbaae4da46cb","timestamp":"2026-05-30T04:18:25.611Z","url":"/api/auth/login"}
{"level":"warn","message":"Redis reconnection limit exceeded. Staying in in-memory fallback mode.","timestamp":"2026-05-30T04:18:26.209Z"}
{"level":"info","message":"Incoming request: POST /api/auth/register","method":"POST","requestId":"99e5385d-198d-4f6b-9186-fa327a5cbbad","timestamp":"2026-05-30T04:20:03.629Z","url":"/api/auth/register"}
{"level":"info","message":"User john@alphamatrix.com registered successfully","method":"POST","requestId":"99e5385d-198d-4f6b-9186-fa327a5cbbad","timestamp":"2026-05-30T04:20:03.650Z","url":"/api/auth/register"}
{"level":"info","message":"Request completed: POST /api/auth/register [Status: 201] - 30ms","method":"POST","requestId":"99e5385d-198d-4f6b-9186-fa327a5cbbad","timestamp":"2026-05-30T04:20:03.659Z","url":"/api/auth/register"}
{"level":"info","message":"Incoming request: POST /api/auth/register","method":"POST","requestId":"12481e83-1829-4617-8f43-aa5c65f8e6e0","timestamp":"2026-05-30T04:20:03.726Z","url":"/api/auth/register"}
{"level":"info","message":"Request completed: POST /api/auth/register [Status: 400] - 15ms","method":"POST","requestId":"12481e83-1829-4617-8f43-aa5c65f8e6e0","timestamp":"2026-05-30T04:20:03.741Z","url":"/api/auth/register"}
{"level":"info","message":"Incoming request: POST /api/auth/login","method":"POST","requestId":"31146c14-b034-455a-bf65-53a3f704e0f2","timestamp":"2026-05-30T04:20:03.769Z","url":"/api/auth/login"}
{"level":"info","message":"User john@alphamatrix.com logged in successfully","method":"POST","requestId":"31146c14-b034-455a-bf65-53a3f704e0f2","timestamp":"2026-05-30T04:20:03.781Z","url":"/api/auth/login"}
{"level":"info","message":"Request completed: POST /api/auth/login [Status: 200] - 15ms","method":"POST","requestId":"31146c14-b034-455a-bf65-53a3f704e0f2","timestamp":"2026-05-30T04:20:03.784Z","url":"/api/auth/login"}
{"level":"warn","message":"Redis reconnection limit exceeded. Staying in in-memory fallback mode.","timestamp":"2026-05-30T04:20:04.366Z"}
{"level":"info","message":"Server initialized successfully on port 5000","timestamp":"2026-05-30T04:23:00.872Z"}
{"level":"info","message":"MongoDB Connected: localhost","timestamp":"2026-05-30T04:23:00.902Z"}
{"level":"warn","message":"Redis reconnection limit exceeded. Staying in in-memory fallback mode.","timestamp":"2026-05-30T04:23:01.522Z"}
{"level":"info","message":"Incoming request: GET /health","method":"GET","requestId":"307b0008-5c92-4678-850e-b11ad9dba582","timestamp":"2026-05-30T04:23:37.126Z","url":"/health"}
{"level":"info","message":"Request completed: GET /health [Status: 200] - 5ms","method":"GET","requestId":"307b0008-5c92-4678-850e-b11ad9dba582","timestamp":"2026-05-30T04:23:37.131Z","url":"/health"}
{"level":"info","message":"Incoming request: POST /api/v1/auth/register","method":"POST","requestId":"aaab4205-1f38-4075-bad9-ce17d8f41a06","timestamp":"2026-05-30T04:23:42.956Z","url":"/api/v1/auth/register"}
{"level":"info","message":"User jane@alphamatrix.com registered successfully","method":"POST","requestId":"aaab4205-1f38-4075-bad9-ce17d8f41a06","timestamp":"2026-05-30T04:23:43.132Z","url":"/api/v1/auth/register"}
{"level":"info","message":"Request completed: POST /api/v1/auth/register [Status: 201] - 178ms","method":"POST","requestId":"aaab4205-1f38-4075-bad9-ce17d8f41a06","timestamp":"2026-05-30T04:23:43.134Z","url":"/api/v1/auth/register"}
{"level":"info","message":"Server initialized successfully on port 5000","timestamp":"2026-05-30T04:27:09.929Z"}
{"level":"info","message":"MongoDB Connected: localhost","timestamp":"2026-05-30T04:27:09.957Z"}
{"level":"warn","message":"Redis reconnection limit exceeded. Staying in in-memory fallback mode.","timestamp":"2026-05-30T04:27:10.589Z"}
{"level":"info","message":"Incoming request: GET /api/v1","method":"GET","requestId":"fdf93467-9b45-483e-8065-00478031def7","timestamp":"2026-05-30T04:27:17.728Z","url":"/api/v1"}
{"level":"info","message":"Request completed: GET /api/v1 [Status: 404] - 6ms","method":"GET","requestId":"fdf93467-9b45-483e-8065-00478031def7","timestamp":"2026-05-30T04:27:17.734Z","url":"/api/v1"}
{"level":"info","message":"Incoming request: POST /api/auth/register","method":"POST","requestId":"df53110e-e18c-475f-aadb-aa8aa058b799","timestamp":"2026-05-31T08:17:15.012Z","url":"/api/auth/register"}
{"level":"info","message":"User john@alphamatrix.com registered successfully","method":"POST","requestId":"df53110e-e18c-475f-aadb-aa8aa058b799","timestamp":"2026-05-31T08:17:15.057Z","url":"/api/auth/register"}
{"level":"info","message":"Request completed: POST /api/auth/register [Status: 201] - 60ms","method":"POST","requestId":"df53110e-e18c-475f-aadb-aa8aa058b799","timestamp":"2026-05-31T08:17:15.069Z","url":"/api/auth/register"}
{"level":"info","message":"Incoming request: POST /api/auth/register","method":"POST","requestId":"7377a14b-e028-4124-9bb9-57f69de4e9ef","timestamp":"2026-05-31T08:17:15.126Z","url":"/api/auth/register"}
{"level":"info","message":"Request completed: POST /api/auth/register [Status: 400] - 18ms","method":"POST","requestId":"7377a14b-e028-4124-9bb9-57f69de4e9ef","timestamp":"2026-05-31T08:17:15.144Z","url":"/api/auth/register"}
{"level":"info","message":"Incoming request: POST /api/auth/login","method":"POST","requestId":"fedc1940-d0b8-449a-8c6b-c55e4cd40a62","timestamp":"2026-05-31T08:17:15.187Z","url":"/api/auth/login"}
{"level":"info","message":"User john@alphamatrix.com logged in successfully","method":"POST","requestId":"fedc1940-d0b8-449a-8c6b-c55e4cd40a62","timestamp":"2026-05-31T08:17:15.200Z","url":"/api/auth/login"}
{"level":"info","message":"Request completed: POST /api/auth/login [Status: 200] - 17ms","method":"POST","requestId":"fedc1940-d0b8-449a-8c6b-c55e4cd40a62","timestamp":"2026-05-31T08:17:15.204Z","url":"/api/auth/login"}
{"level":"warn","message":"Redis reconnection limit exceeded. Staying in in-memory fallback mode.","timestamp":"2026-05-31T08:17:15.769Z"}
{"level":"info","message":"Server initialized successfully on port 5000","timestamp":"2026-05-31T08:19:37.874Z"}
{"level":"info","message":"MongoDB Connected: localhost","timestamp":"2026-05-31T08:19:37.969Z"}
{"level":"warn","message":"Redis reconnection limit exceeded. Staying in in-memory fallback mode.","timestamp":"2026-05-31T08:19:38.581Z"}
{"level":"info","message":"Incoming request: POST /api/v1/auth/login","method":"POST","requestId":"e7e294b3-4029-4dae-8ceb-ad951423fadb","timestamp":"2026-05-31T08:20:45.533Z","url":"/api/v1/auth/login"}
{"level":"info","message":"Request completed: POST /api/v1/auth/login [Status: 401] - 104ms","method":"POST","requestId":"e7e294b3-4029-4dae-8ceb-ad951423fadb","timestamp":"2026-05-31T08:20:45.636Z","url":"/api/v1/auth/login"}
{"level":"info","message":"Incoming request: POST /api/v1/auth/login","method":"POST","requestId":"ad541043-ab21-4e8c-a327-d61b3834549d","timestamp":"2026-05-31T08:20:48.998Z","url":"/api/v1/auth/login"}
{"level":"info","message":"Request completed: POST /api/v1/auth/login [Status: 401] - 17ms","method":"POST","requestId":"ad541043-ab21-4e8c-a327-d61b3834549d","timestamp":"2026-05-31T08:20:49.014Z","url":"/api/v1/auth/login"}
{"level":"info","message":"Incoming request: POST /api/v1/auth/login","method":"POST","requestId":"64f602e1-4948-4a5b-9df5-832cf34f3ea6","timestamp":"2026-05-31T08:20:58.015Z","url":"/api/v1/auth/login"}
{"level":"info","message":"Request completed: POST /api/v1/auth/login [Status: 401] - 28ms","method":"POST","requestId":"64f602e1-4948-4a5b-9df5-832cf34f3ea6","timestamp":"2026-05-31T08:20:58.043Z","url":"/api/v1/auth/login"}
{"level":"info","message":"Server initialized successfully on port 5000","timestamp":"2026-05-31T08:24:59.620Z"}
{"level":"info","message":"MongoDB Connected: localhost","timestamp":"2026-05-31T08:24:59.655Z"}
{"level":"warn","message":"Redis reconnection limit exceeded. Staying in in-memory fallback mode.","timestamp":"2026-05-31T08:25:00.290Z"}
{"level":"info","message":"Incoming request: POST /api/v1/auth/login","method":"POST","requestId":"e6ac2d79-d449-4900-82dd-1b50a7a9e1f5","timestamp":"2026-05-31T08:25:56.303Z","url":"/api/v1/auth/login"}
{"level":"info","message":"User admin@alphamatrix.com logged in successfully","method":"POST","requestId":"e6ac2d79-d449-4900-82dd-1b50a7a9e1f5","timestamp":"2026-05-31T08:25:56.956Z","url":"/api/v1/auth/login"}
{"level":"info","message":"Request completed: POST /api/v1/auth/login [Status: 200] - 673ms","method":"POST","requestId":"e6ac2d79-d449-4900-82dd-1b50a7a9e1f5","timestamp":"2026-05-31T08:25:56.975Z","url":"/api/v1/auth/login"}
{"level":"info","message":"Client connected to WebSocket: E1QKZmT1S68rGjDWAAAB","timestamp":"2026-05-31T08:25:57.118Z"}
{"level":"info","message":"Incoming request: GET /api/v1/analytics/dashboard","method":"GET","requestId":"cfd1ba37-0c89-42f3-892f-436f544e2b11","timestamp":"2026-05-31T08:25:58.039Z","url":"/api/v1/analytics/dashboard"}
{"level":"info","message":"Request completed: GET /api/v1/analytics/dashboard [Status: 200] - 225ms","method":"GET","requestId":"cfd1ba37-0c89-42f3-892f-436f544e2b11","timestamp":"2026-05-31T08:25:58.264Z","url":"/api/v1/analytics/dashboard"}
{"level":"info","message":"Incoming request: GET /api/v1/analytics/dashboard","method":"GET","requestId":"3c4c3737-1d93-49c0-a0e4-aab2540d8a16","timestamp":"2026-05-31T08:25:58.270Z","url":"/api/v1/analytics/dashboard"}
{"level":"info","message":"Request completed: GET /api/v1/analytics/dashboard [Status: 200] - 5ms","method":"GET","requestId":"3c4c3737-1d93-49c0-a0e4-aab2540d8a16","timestamp":"2026-05-31T08:25:58.275Z","url":"/api/v1/analytics/dashboard"}
{"level":"info","message":"Incoming request: GET /api/v1/analytics/performance","method":"GET","requestId":"f9962de2-e5cb-4430-9833-334f13a1fb89","timestamp":"2026-05-31T08:25:58.287Z","url":"/api/v1/analytics/performance"}
{"level":"info","message":"Incoming request: GET /api/v1/analytics/branches","method":"GET","requestId":"5d66e235-f32d-44de-bf5a-612b2c0af4b6","timestamp":"2026-05-31T08:25:58.295Z","url":"/api/v1/analytics/branches"}
{"level":"info","message":"Request completed: GET /api/v1/analytics/branches [Status: 404] - 8ms","method":"GET","requestId":"5d66e235-f32d-44de-bf5a-612b2c0af4b6","timestamp":"2026-05-31T08:25:58.303Z","url":"/api/v1/analytics/branches"}
{"level":"info","message":"Incoming request: GET /api/v1/analytics/branches","method":"GET","requestId":"b9d89895-e011-438a-9b48-0a1c47fe1a07","timestamp":"2026-05-31T08:25:58.320Z","url":"/api/v1/analytics/branches"}
{"level":"info","message":"Request completed: GET /api/v1/analytics/branches [Status: 404] - 10ms","method":"GET","requestId":"b9d89895-e011-438a-9b48-0a1c47fe1a07","timestamp":"2026-05-31T08:25:58.330Z","url":"/api/v1/analytics/branches"}
{"level":"info","message":"Request completed: GET /api/v1/analytics/performance [Status: 200] - 64ms","method":"GET","requestId":"f9962de2-e5cb-4430-9833-334f13a1fb89","timestamp":"2026-05-31T08:25:58.351Z","url":"/api/v1/analytics/performance"}
{"level":"info","message":"Incoming request: GET /api/v1/analytics/performance","method":"GET","requestId":"4dc020da-19bd-4d5d-a237-5f6da3138781","timestamp":"2026-05-31T08:25:58.353Z","url":"/api/v1/analytics/performance"}
{"level":"info","message":"Request completed: GET /api/v1/analytics/performance [Status: 200] - 5ms","method":"GET","requestId":"4dc020da-19bd-4d5d-a237-5f6da3138781","timestamp":"2026-05-31T08:25:58.358Z","url":"/api/v1/analytics/performance"}
{"level":"info","message":"Client disconnected from WebSocket: E1QKZmT1S68rGjDWAAAB","timestamp":"2026-05-31T08:26:11.025Z"}
{"level":"info","message":"Client connected to WebSocket: -_KbGQOq-2NfTL7XAAAD","timestamp":"2026-05-31T08:26:11.403Z"}
{"level":"info","message":"Incoming request: GET /api/v1/analytics/dashboard","method":"GET","requestId":"b10a372d-610b-4b42-b898-e0e34ea18d04","timestamp":"2026-05-31T08:26:11.764Z","url":"/api/v1/analytics/dashboard"}
{"level":"info","message":"Request completed: GET /api/v1/analytics/dashboard [Status: 304] - 17ms","method":"GET","requestId":"b10a372d-610b-4b42-b898-e0e34ea18d04","timestamp":"2026-05-31T08:26:11.781Z","url":"/api/v1/analytics/dashboard"}
{"level":"info","message":"Incoming request: GET /api/v1/analytics/dashboard","method":"GET","requestId":"82052f9b-8aea-480d-a077-0dd574e6f998","timestamp":"2026-05-31T08:26:11.809Z","url":"/api/v1/analytics/dashboard"}
{"level":"info","message":"Request completed: GET /api/v1/analytics/dashboard [Status: 304] - 11ms","method":"GET","requestId":"82052f9b-8aea-480d-a077-0dd574e6f998","timestamp":"2026-05-31T08:26:11.820Z","url":"/api/v1/analytics/dashboard"}
{"level":"info","message":"Incoming request: GET /api/v1/analytics/performance","method":"GET","requestId":"2b673503-a8a8-425d-bd24-a63abd339959","timestamp":"2026-05-31T08:26:11.847Z","url":"/api/v1/analytics/performance"}
{"level":"info","message":"Request completed: GET /api/v1/analytics/performance [Status: 304] - 20ms","method":"GET","requestId":"2b673503-a8a8-425d-bd24-a63abd339959","timestamp":"2026-05-31T08:26:11.867Z","url":"/api/v1/analytics/performance"}
{"level":"info","message":"Incoming request: GET /api/v1/analytics/branches","method":"GET","requestId":"270ad4d6-9d12-46be-895e-7ee674ec3e96","timestamp":"2026-05-31T08:26:11.882Z","url":"/api/v1/analytics/branches"}
{"level":"info","message":"Request completed: GET /api/v1/analytics/branches [Status: 404] - 6ms","method":"GET","requestId":"270ad4d6-9d12-46be-895e-7ee674ec3e96","timestamp":"2026-05-31T08:26:11.888Z","url":"/api/v1/analytics/branches"}
{"level":"info","message":"Incoming request: GET /api/v1/analytics/performance","method":"GET","requestId":"ecbb13e6-5bb4-4917-abaa-1abd7f65fe7f","timestamp":"2026-05-31T08:26:11.899Z","url":"/api/v1/analytics/performance"}
{"level":"info","message":"Request completed: GET /api/v1/analytics/performance [Status: 304] - 18ms","method":"GET","requestId":"ecbb13e6-5bb4-4917-abaa-1abd7f65fe7f","timestamp":"2026-05-31T08:26:11.917Z","url":"/api/v1/analytics/performance"}
{"level":"info","message":"Incoming request: GET /api/v1/analytics/branches","method":"GET","requestId":"abb0a68c-e43c-48b5-a37d-81162ad7d00b","timestamp":"2026-05-31T08:26:11.923Z","url":"/api/v1/analytics/branches"}
{"level":"info","message":"Request completed: GET /api/v1/analytics/branches [Status: 404] - 27ms","method":"GET","requestId":"abb0a68c-e43c-48b5-a37d-81162ad7d00b","timestamp":"2026-05-31T08:26:11.950Z","url":"/api/v1/analytics/branches"}
{"level":"info","message":"Incoming request: GET /api/v1/predictions/history?page=1&limit=10","method":"GET","requestId":"55c22e07-2e9a-40de-85c2-348e07a3dc14","timestamp":"2026-05-31T08:26:35.933Z","url":"/api/v1/predictions/history?page=1&limit=10"}
{"level":"info","message":"Request completed: GET /api/v1/predictions/history?page=1&limit=10 [Status: 200] - 184ms","method":"GET","requestId":"55c22e07-2e9a-40de-85c2-348e07a3dc14","timestamp":"2026-05-31T08:26:36.116Z","url":"/api/v1/predictions/history?page=1&limit=10"}
{"level":"info","message":"Incoming request: GET /api/v1/predictions/history?page=1&limit=10","method":"GET","requestId":"f2269c8c-6cb2-4497-ae00-618dc5b27a0a","timestamp":"2026-05-31T08:26:36.119Z","url":"/api/v1/predictions/history?page=1&limit=10"}
{"level":"info","message":"Request completed: GET /api/v1/predictions/history?page=1&limit=10 [Status: 304] - 57ms","method":"GET","requestId":"f2269c8c-6cb2-4497-ae00-618dc5b27a0a","timestamp":"2026-05-31T08:26:36.176Z","url":"/api/v1/predictions/history?page=1&limit=10"}
{"level":"info","message":"Incoming request: GET /api/v1/audit-logs?page=1&limit=10&sortBy=createdAt&sortOrder=-1","method":"GET","requestId":"7f34283e-8c32-4ca2-b836-cd72811e52b9","timestamp":"2026-05-31T08:27:09.714Z","url":"/api/v1/audit-logs?page=1&limit=10&sortBy=createdAt&sortOrder=-1"}
{"level":"info","message":"Request completed: GET /api/v1/audit-logs?page=1&limit=10&sortBy=createdAt&sortOrder=-1 [Status: 200] - 166ms","method":"GET","requestId":"7f34283e-8c32-4ca2-b836-cd72811e52b9","timestamp":"2026-05-31T08:27:09.879Z","url":"/api/v1/audit-logs?page=1&limit=10&sortBy=createdAt&sortOrder=-1"}
{"level":"info","message":"Incoming request: GET /api/v1/audit-logs?page=1&limit=10&sortBy=createdAt&sortOrder=-1","method":"GET","requestId":"cee48f78-133d-411a-b7d4-953784534ca1","timestamp":"2026-05-31T08:27:09.888Z","url":"/api/v1/audit-logs?page=1&limit=10&sortBy=createdAt&sortOrder=-1"}
{"level":"info","message":"Request completed: GET /api/v1/audit-logs?page=1&limit=10&sortBy=createdAt&sortOrder=-1 [Status: 304] - 37ms","method":"GET","requestId":"cee48f78-133d-411a-b7d4-953784534ca1","timestamp":"2026-05-31T08:27:09.925Z","url":"/api/v1/audit-logs?page=1&limit=10&sortBy=createdAt&sortOrder=-1"}
{"level":"info","message":"Incoming request: GET /api/v1/analytics/dashboard","method":"GET","requestId":"d21e1597-c7f4-4e00-b7f1-acbaa92f6a7c","timestamp":"2026-05-31T08:29:09.179Z","url":"/api/v1/analytics/dashboard"}
{"level":"info","message":"Request completed: GET /api/v1/analytics/dashboard [Status: 304] - 61ms","method":"GET","requestId":"d21e1597-c7f4-4e00-b7f1-acbaa92f6a7c","timestamp":"2026-05-31T08:29:09.238Z","url":"/api/v1/analytics/dashboard"}
{"level":"info","message":"Incoming request: GET /api/v1/analytics/dashboard","method":"GET","requestId":"30c8eb12-7ebe-490e-9ba8-094d00007265","timestamp":"2026-05-31T08:29:09.242Z","url":"/api/v1/analytics/dashboard"}
{"level":"info","message":"Request completed: GET /api/v1/analytics/dashboard [Status: 304] - 6ms","method":"GET","requestId":"30c8eb12-7ebe-490e-9ba8-094d00007265","timestamp":"2026-05-31T08:29:09.248Z","url":"/api/v1/analytics/dashboard"}
{"level":"info","message":"Incoming request: GET /api/v1/analytics/branches","method":"GET","requestId":"30664447-c4a3-4a60-a2f7-c39ce6279d09","timestamp":"2026-05-31T08:29:09.253Z","url":"/api/v1/analytics/branches"}
{"level":"info","message":"Request completed: GET /api/v1/analytics/branches [Status: 404] - 6ms","method":"GET","requestId":"30664447-c4a3-4a60-a2f7-c39ce6279d09","timestamp":"2026-05-31T08:29:09.259Z","url":"/api/v1/analytics/branches"}
{"level":"info","message":"Incoming request: GET /api/v1/analytics/performance","method":"GET","requestId":"bf1d2e86-eed3-451a-8016-ed5eacce0602","timestamp":"2026-05-31T08:29:09.263Z","url":"/api/v1/analytics/performance"}
{"level":"info","message":"Request completed: GET /api/v1/analytics/performance [Status: 304] - 6ms","method":"GET","requestId":"bf1d2e86-eed3-451a-8016-ed5eacce0602","timestamp":"2026-05-31T08:29:09.269Z","url":"/api/v1/analytics/performance"}
{"level":"info","message":"Incoming request: GET /api/v1/analytics/performance","method":"GET","requestId":"52e4305c-d371-48f3-bbc8-1079e09514b3","timestamp":"2026-05-31T08:29:09.273Z","url":"/api/v1/analytics/performance"}
{"level":"info","message":"Request completed: GET /api/v1/analytics/performance [Status: 304] - 4ms","method":"GET","requestId":"52e4305c-d371-48f3-bbc8-1079e09514b3","timestamp":"2026-05-31T08:29:09.277Z","url":"/api/v1/analytics/performance"}
{"level":"info","message":"Incoming request: GET /api/v1/analytics/branches","method":"GET","requestId":"ba4af47a-78d3-4ee3-b367-809753729cbc","timestamp":"2026-05-31T08:29:09.306Z","url":"/api/v1/analytics/branches"}
{"level":"info","message":"Request completed: GET /api/v1/analytics/branches [Status: 404] - 5ms","method":"GET","requestId":"ba4af47a-78d3-4ee3-b367-809753729cbc","timestamp":"2026-05-31T08:29:09.310Z","url":"/api/v1/analytics/branches"}
{"level":"info","message":"Client disconnected from WebSocket: -_KbGQOq-2NfTL7XAAAD","timestamp":"2026-05-31T08:29:24.442Z"}
{"level":"info","message":"Client connected to WebSocket: TSIuAsB1ZHRLyOdnAAAF","timestamp":"2026-05-31T08:29:25.042Z"}
{"level":"info","message":"Incoming request: GET /api/v1/analytics/dashboard","method":"GET","requestId":"f7efb265-6d26-4dac-87ca-717e2cedf970","timestamp":"2026-05-31T08:29:25.096Z","url":"/api/v1/analytics/dashboard"}
{"level":"info","message":"Request completed: GET /api/v1/analytics/dashboard [Status: 304] - 5ms","method":"GET","requestId":"f7efb265-6d26-4dac-87ca-717e2cedf970","timestamp":"2026-05-31T08:29:25.101Z","url":"/api/v1/analytics/dashboard"}
{"level":"info","message":"Incoming request: GET /api/v1/analytics/dashboard","method":"GET","requestId":"0a8e8e95-305a-4726-888a-dd22ec0baab5","timestamp":"2026-05-31T08:29:25.104Z","url":"/api/v1/analytics/dashboard"}
{"level":"info","message":"Request completed: GET /api/v1/analytics/dashboard [Status: 304] - 4ms","method":"GET","requestId":"0a8e8e95-305a-4726-888a-dd22ec0baab5","timestamp":"2026-05-31T08:29:25.108Z","url":"/api/v1/analytics/dashboard"}
{"level":"info","message":"Incoming request: GET /api/v1/analytics/performance","method":"GET","requestId":"7fdc6c64-5145-45ee-9b8b-ee453520d151","timestamp":"2026-05-31T08:29:25.112Z","url":"/api/v1/analytics/performance"}
{"level":"info","message":"Request completed: GET /api/v1/analytics/performance [Status: 304] - 6ms","method":"GET","requestId":"7fdc6c64-5145-45ee-9b8b-ee453520d151","timestamp":"2026-05-31T08:29:25.118Z","url":"/api/v1/analytics/performance"}
{"level":"info","message":"Incoming request: GET /api/v1/analytics/branches","method":"GET","requestId":"e186a7ad-7ee8-47d4-a657-bc7563df2cde","timestamp":"2026-05-31T08:29:25.120Z","url":"/api/v1/analytics/branches"}
{"level":"info","message":"Request completed: GET /api/v1/analytics/branches [Status: 404] - 3ms","method":"GET","requestId":"e186a7ad-7ee8-47d4-a657-bc7563df2cde","timestamp":"2026-05-31T08:29:25.124Z","url":"/api/v1/analytics/branches"}
{"level":"info","message":"Incoming request: GET /api/v1/analytics/performance","method":"GET","requestId":"3fab28c5-4c6d-4244-949a-0416f0053aae","timestamp":"2026-05-31T08:29:25.125Z","url":"/api/v1/analytics/performance"}
{"level":"info","message":"Request completed: GET /api/v1/analytics/performance [Status: 304] - 3ms","method":"GET","requestId":"3fab28c5-4c6d-4244-949a-0416f0053aae","timestamp":"2026-05-31T08:29:25.128Z","url":"/api/v1/analytics/performance"}
{"level":"info","message":"Incoming request: GET /api/v1/analytics/branches","method":"GET","requestId":"89c088f1-1a85-4888-b74c-c090211282dc","timestamp":"2026-05-31T08:29:25.133Z","url":"/api/v1/analytics/branches"}
{"level":"info","message":"Request completed: GET /api/v1/analytics/branches [Status: 404] - 3ms","method":"GET","requestId":"89c088f1-1a85-4888-b74c-c090211282dc","timestamp":"2026-05-31T08:29:25.136Z","url":"/api/v1/analytics/branches"}
{"level":"info","message":"Client disconnected from WebSocket: TSIuAsB1ZHRLyOdnAAAF","timestamp":"2026-05-31T08:29:26.737Z"}
{"level":"info","message":"Client connected to WebSocket: 3jBZJ8tP-bO2qy2KAAAH","timestamp":"2026-05-31T08:29:26.873Z"}
{"level":"info","message":"Incoming request: GET /api/v1/analytics/dashboard","method":"GET","requestId":"8292fb57-38f8-4f04-991a-83901b0b822e","timestamp":"2026-05-31T08:29:27.154Z","url":"/api/v1/analytics/dashboard"}
{"level":"info","message":"Request completed: GET /api/v1/analytics/dashboard [Status: 304] - 4ms","method":"GET","requestId":"8292fb57-38f8-4f04-991a-83901b0b822e","timestamp":"2026-05-31T08:29:27.158Z","url":"/api/v1/analytics/dashboard"}
{"level":"info","message":"Incoming request: GET /api/v1/analytics/dashboard","method":"GET","requestId":"51682e92-6ce7-4ac7-a763-1d64f6defebe","timestamp":"2026-05-31T08:29:27.160Z","url":"/api/v1/analytics/dashboard"}
{"level":"info","message":"Request completed: GET /api/v1/analytics/dashboard [Status: 304] - 3ms","method":"GET","requestId":"51682e92-6ce7-4ac7-a763-1d64f6defebe","timestamp":"2026-05-31T08:29:27.163Z","url":"/api/v1/analytics/dashboard"}
{"level":"info","message":"Incoming request: GET /api/v1/analytics/performance","method":"GET","requestId":"05cd82ef-432c-453a-a37c-63cae515ccfd","timestamp":"2026-05-31T08:29:27.165Z","url":"/api/v1/analytics/performance"}
{"level":"info","message":"Request completed: GET /api/v1/analytics/performance [Status: 304] - 4ms","method":"GET","requestId":"05cd82ef-432c-453a-a37c-63cae515ccfd","timestamp":"2026-05-31T08:29:27.169Z","url":"/api/v1/analytics/performance"}
{"level":"info","message":"Incoming request: GET /api/v1/analytics/branches","method":"GET","requestId":"eb7a9e65-3118-4ddc-b9cc-6cda47b429c1","timestamp":"2026-05-31T08:29:27.170Z","url":"/api/v1/analytics/branches"}
{"level":"info","message":"Request completed: GET /api/v1/analytics/branches [Status: 404] - 4ms","method":"GET","requestId":"eb7a9e65-3118-4ddc-b9cc-6cda47b429c1","timestamp":"2026-05-31T08:29:27.174Z","url":"/api/v1/analytics/branches"}
{"level":"info","message":"Incoming request: GET /api/v1/analytics/performance","method":"GET","requestId":"c1705227-f5a7-4f22-b9d8-b1e30030bef7","timestamp":"2026-05-31T08:29:27.177Z","url":"/api/v1/analytics/performance"}
{"level":"info","message":"Request completed: GET /api/v1/analytics/performance [Status: 304] - 4ms","method":"GET","requestId":"c1705227-f5a7-4f22-b9d8-b1e30030bef7","timestamp":"2026-05-31T08:29:27.181Z","url":"/api/v1/analytics/performance"}
{"level":"info","message":"Incoming request: GET /api/v1/analytics/branches","method":"GET","requestId":"3ac7cc3a-0cd7-4d2b-a294-58b81502dda0","timestamp":"2026-05-31T08:29:27.182Z","url":"/api/v1/analytics/branches"}
{"level":"info","message":"Request completed: GET /api/v1/analytics/branches [Status: 404] - 3ms","method":"GET","requestId":"3ac7cc3a-0cd7-4d2b-a294-58b81502dda0","timestamp":"2026-05-31T08:29:27.185Z","url":"/api/v1/analytics/branches"}
{"level":"info","message":"Client disconnected from WebSocket: 3jBZJ8tP-bO2qy2KAAAH","timestamp":"2026-05-31T08:29:27.986Z"}
{"level":"info","message":"Client connected to WebSocket: RnXbwCmCK4KV8P8nAAAJ","timestamp":"2026-05-31T08:29:28.137Z"}
{"level":"info","message":"Incoming request: GET /api/v1/analytics/dashboard","method":"GET","requestId":"6c3b04d7-9b9f-4ab6-b33d-cd49e9bf9386","timestamp":"2026-05-31T08:29:28.416Z","url":"/api/v1/analytics/dashboard"}
{"level":"info","message":"Request completed: GET /api/v1/analytics/dashboard [Status: 304] - 2ms","method":"GET","requestId":"6c3b04d7-9b9f-4ab6-b33d-cd49e9bf9386","timestamp":"2026-05-31T08:29:28.418Z","url":"/api/v1/analytics/dashboard"}
{"level":"info","message":"Incoming request: GET /api/v1/analytics/dashboard","method":"GET","requestId":"a89d63c2-21f1-4a3d-850e-e11b1dee0331","timestamp":"2026-05-31T08:29:28.420Z","url":"/api/v1/analytics/dashboard"}
{"level":"info","message":"Request completed: GET /api/v1/analytics/dashboard [Status: 304] - 4ms","method":"GET","requestId":"a89d63c2-21f1-4a3d-850e-e11b1dee0331","timestamp":"2026-05-31T08:29:28.424Z","url":"/api/v1/analytics/dashboard"}
{"level":"info","message":"Incoming request: GET /api/v1/analytics/performance","method":"GET","requestId":"d96afb59-04a0-4be4-9622-5573cfe474e3","timestamp":"2026-05-31T08:29:28.425Z","url":"/api/v1/analytics/performance"}
{"level":"info","message":"Request completed: GET /api/v1/analytics/performance [Status: 304] - 3ms","method":"GET","requestId":"d96afb59-04a0-4be4-9622-5573cfe474e3","timestamp":"2026-05-31T08:29:28.428Z","url":"/api/v1/analytics/performance"}
{"level":"info","message":"Incoming request: GET /api/v1/analytics/branches","method":"GET","requestId":"fdc14cd7-e8ec-46a1-8abb-e02d9901a409","timestamp":"2026-05-31T08:29:28.429Z","url":"/api/v1/analytics/branches"}
{"level":"info","message":"Request completed: GET /api/v1/analytics/branches [Status: 404] - 4ms","method":"GET","requestId":"fdc14cd7-e8ec-46a1-8abb-e02d9901a409","timestamp":"2026-05-31T08:29:28.433Z","url":"/api/v1/analytics/branches"}
{"level":"info","message":"Incoming request: GET /api/v1/analytics/performance","method":"GET","requestId":"81d80410-92f7-4abe-b97b-2c0d97c5dc09","timestamp":"2026-05-31T08:29:28.434Z","url":"/api/v1/analytics/performance"}
{"level":"info","message":"Request completed: GET /api/v1/analytics/performance [Status: 304] - 3ms","method":"GET","requestId":"81d80410-92f7-4abe-b97b-2c0d97c5dc09","timestamp":"2026-05-31T08:29:28.437Z","url":"/api/v1/analytics/performance"}
{"level":"info","message":"Incoming request: GET /api/v1/analytics/branches","method":"GET","requestId":"d749202a-8b6b-47a0-a41d-8871b41ee8e8","timestamp":"2026-05-31T08:29:28.438Z","url":"/api/v1/analytics/branches"}
{"level":"info","message":"Request completed: GET /api/v1/analytics/branches [Status: 404] - 2ms","method":"GET","requestId":"d749202a-8b6b-47a0-a41d-8871b41ee8e8","timestamp":"2026-05-31T08:29:28.440Z","url":"/api/v1/analytics/branches"}
{"level":"info","message":"Incoming request: GET /dashboard","method":"GET","requestId":"c896d044-a4aa-4c47-bc70-38a9e594cda8","timestamp":"2026-05-31T08:29:46.884Z","url":"/dashboard"}
{"level":"info","message":"Request completed: GET /dashboard [Status: 404] - 2ms","method":"GET","requestId":"c896d044-a4aa-4c47-bc70-38a9e594cda8","timestamp":"2026-05-31T08:29:46.886Z","url":"/dashboard"}
{"level":"info","message":"Client disconnected from WebSocket: RnXbwCmCK4KV8P8nAAAJ","timestamp":"2026-05-31T08:29:47.222Z"}
{"level":"info","message":"Incoming request: GET /favicon.ico","method":"GET","requestId":"49f48ea9-ee45-4e73-9bab-ec6709fce46b","timestamp":"2026-05-31T08:29:47.236Z","url":"/favicon.ico"}
{"level":"info","message":"Request completed: GET /favicon.ico [Status: 404] - 2ms","method":"GET","requestId":"49f48ea9-ee45-4e73-9bab-ec6709fce46b","timestamp":"2026-05-31T08:29:47.238Z","url":"/favicon.ico"}
{"level":"info","message":"Client connected to WebSocket: FnVh6rYSKayUDN-IAAAL","timestamp":"2026-05-31T08:29:52.238Z"}
{"level":"info","message":"Incoming request: GET /api/v1/analytics/dashboard","method":"GET","requestId":"1d581c4f-ab20-440d-9b5c-94e08ae5062a","timestamp":"2026-05-31T08:29:52.538Z","url":"/api/v1/analytics/dashboard"}
{"level":"info","message":"Request completed: GET /api/v1/analytics/dashboard [Status: 304] - 3ms","method":"GET","requestId":"1d581c4f-ab20-440d-9b5c-94e08ae5062a","timestamp":"2026-05-31T08:29:52.541Z","url":"/api/v1/analytics/dashboard"}
{"level":"info","message":"Incoming request: GET /api/v1/analytics/dashboard","method":"GET","requestId":"ba9c0aa6-2d1c-4184-9b92-ad480ca9f737","timestamp":"2026-05-31T08:29:52.542Z","url":"/api/v1/analytics/dashboard"}
{"level":"info","message":"Request completed: GET /api/v1/analytics/dashboard [Status: 304] - 3ms","method":"GET","requestId":"ba9c0aa6-2d1c-4184-9b92-ad480ca9f737","timestamp":"2026-05-31T08:29:52.545Z","url":"/api/v1/analytics/dashboard"}
{"level":"info","message":"Incoming request: GET /api/v1/analytics/performance","method":"GET","requestId":"d2c2ae10-5fed-4347-b2fd-284a467bde44","timestamp":"2026-05-31T08:29:52.585Z","url":"/api/v1/analytics/performance"}
{"level":"info","message":"Request completed: GET /api/v1/analytics/performance [Status: 304] - 3ms","method":"GET","requestId":"d2c2ae10-5fed-4347-b2fd-284a467bde44","timestamp":"2026-05-31T08:29:52.588Z","url":"/api/v1/analytics/performance"}
{"level":"info","message":"Incoming request: GET /api/v1/analytics/branches","method":"GET","requestId":"55e3f6c2-16f4-4169-aced-973814c58ec3","timestamp":"2026-05-31T08:29:52.588Z","url":"/api/v1/analytics/branches"}
{"level":"info","message":"Request completed: GET /api/v1/analytics/branches [Status: 404] - 3ms","method":"GET","requestId":"55e3f6c2-16f4-4169-aced-973814c58ec3","timestamp":"2026-05-31T08:29:52.591Z","url":"/api/v1/analytics/branches"}
{"level":"info","message":"Incoming request: GET /api/v1/analytics/performance","method":"GET","requestId":"9adc7b8a-625c-410d-8cca-bb7e4be28ae0","timestamp":"2026-05-31T08:29:52.592Z","url":"/api/v1/analytics/performance"}
{"level":"info","message":"Request completed: GET /api/v1/analytics/performance [Status: 304] - 3ms","method":"GET","requestId":"9adc7b8a-625c-410d-8cca-bb7e4be28ae0","timestamp":"2026-05-31T08:29:52.595Z","url":"/api/v1/analytics/performance"}
{"level":"info","message":"Incoming request: GET /api/v1/analytics/branches","method":"GET","requestId":"c6723b5e-dadb-4cdc-918a-e7d043b29f03","timestamp":"2026-05-31T08:29:52.596Z","url":"/api/v1/analytics/branches"}
{"level":"info","message":"Request completed: GET /api/v1/analytics/branches [Status: 404] - 4ms","method":"GET","requestId":"c6723b5e-dadb-4cdc-918a-e7d043b29f03","timestamp":"2026-05-31T08:29:52.600Z","url":"/api/v1/analytics/branches"}
{"level":"info","message":"Incoming request: GET /api/v1/employees?page=1&limit=8&search=&sortBy=createdAt&sortOrder=desc","method":"GET","requestId":"c2391728-c191-4ffa-94b1-defaf601db47","timestamp":"2026-05-31T08:29:54.929Z","url":"/api/v1/employees?page=1&limit=8&search=&sortBy=createdAt&sortOrder=desc"}
{"level":"info","message":"Incoming request: GET /api/v1/branches","method":"GET","requestId":"88724027-d910-487f-aa3c-2af900e7b587","timestamp":"2026-05-31T08:29:54.955Z","url":"/api/v1/branches"}
{"level":"info","message":"Request completed: GET /api/v1/branches [Status: 200] - 153ms","method":"GET","requestId":"88724027-d910-487f-aa3c-2af900e7b587","timestamp":"2026-05-31T08:29:55.108Z","url":"/api/v1/branches"}
{"level":"info","message":"Request completed: GET /api/v1/employees?page=1&limit=8&search=&sortBy=createdAt&sortOrder=desc [Status: 200] - 181ms","method":"GET","requestId":"c2391728-c191-4ffa-94b1-defaf601db47","timestamp":"2026-05-31T08:29:55.110Z","url":"/api/v1/employees?page=1&limit=8&search=&sortBy=createdAt&sortOrder=desc"}
{"level":"info","message":"Incoming request: GET /api/v1/branches","method":"GET","requestId":"7fb41a02-ba14-4997-8a28-d4237161ab40","timestamp":"2026-05-31T08:29:55.111Z","url":"/api/v1/branches"}
{"level":"info","message":"Incoming request: GET /api/v1/employees?page=1&limit=8&search=&sortBy=createdAt&sortOrder=desc","method":"GET","requestId":"179d30a1-03d3-426d-9a1b-fea294c556dd","timestamp":"2026-05-31T08:29:55.117Z","url":"/api/v1/employees?page=1&limit=8&search=&sortBy=createdAt&sortOrder=desc"}
{"level":"info","message":"Request completed: GET /api/v1/branches [Status: 304] - 35ms","method":"GET","requestId":"7fb41a02-ba14-4997-8a28-d4237161ab40","timestamp":"2026-05-31T08:29:55.146Z","url":"/api/v1/branches"}
{"level":"info","message":"Request completed: GET /api/v1/employees?page=1&limit=8&search=&sortBy=createdAt&sortOrder=desc [Status: 304] - 39ms","method":"GET","requestId":"179d30a1-03d3-426d-9a1b-fea294c556dd","timestamp":"2026-05-31T08:29:55.156Z","url":"/api/v1/employees?page=1&limit=8&search=&sortBy=createdAt&sortOrder=desc"}
{"level":"info","message":"Incoming request: GET /api/v1/employees?page=1&limit=100","method":"GET","requestId":"d62d5cbd-50d3-4387-bb9b-bac559c187ae","timestamp":"2026-05-31T08:30:13.859Z","url":"/api/v1/employees?page=1&limit=100"}
{"level":"info","message":"Request completed: GET /api/v1/employees?page=1&limit=100 [Status: 200] - 18ms","method":"GET","requestId":"d62d5cbd-50d3-4387-bb9b-bac559c187ae","timestamp":"2026-05-31T08:30:13.877Z","url":"/api/v1/employees?page=1&limit=100"}
{"level":"info","message":"Incoming request: GET /api/v1/employees?page=1&limit=100","method":"GET","requestId":"173d4685-5f32-4e30-abcb-e1e260d43bfe","timestamp":"2026-05-31T08:30:13.879Z","url":"/api/v1/employees?page=1&limit=100"}
{"level":"info","message":"Request completed: GET /api/v1/employees?page=1&limit=100 [Status: 304] - 18ms","method":"GET","requestId":"173d4685-5f32-4e30-abcb-e1e260d43bfe","timestamp":"2026-05-31T08:30:13.897Z","url":"/api/v1/employees?page=1&limit=100"}
{"level":"info","message":"Incoming request: POST /api/v1/predictions/generate","method":"POST","requestId":"963a974a-c7f2-4dd0-8dff-42f33fbcb685","timestamp":"2026-05-31T08:30:48.447Z","url":"/api/v1/predictions/generate"}
{"level":"warn","message":"AI Service unavailable: . Using fallback prediction algorithm.","method":"POST","requestId":"963a974a-c7f2-4dd0-8dff-42f33fbcb685","timestamp":"2026-05-31T08:30:48.586Z","url":"/api/v1/predictions/generate"}
{"level":"error","message":"Generate prediction error: Prediction validation failed: type: `PROMOTION` is not a valid enum value for path `type`.","method":"POST","requestId":"963a974a-c7f2-4dd0-8dff-42f33fbcb685","timestamp":"2026-05-31T08:30:48.623Z","url":"/api/v1/predictions/generate"}
{"level":"info","message":"Request completed: POST /api/v1/predictions/generate [Status: 500] - 177ms","method":"POST","requestId":"963a974a-c7f2-4dd0-8dff-42f33fbcb685","timestamp":"2026-05-31T08:30:48.624Z","url":"/api/v1/predictions/generate"}
{"level":"info","message":"Incoming request: POST /api/v1/predictions/generate","method":"POST","requestId":"33364dc9-bcd4-442c-916c-995ebbe256cf","timestamp":"2026-05-31T08:30:57.847Z","url":"/api/v1/predictions/generate"}
{"level":"warn","message":"AI Service unavailable: . Using fallback prediction algorithm.","method":"POST","requestId":"33364dc9-bcd4-442c-916c-995ebbe256cf","timestamp":"2026-05-31T08:30:57.874Z","url":"/api/v1/predictions/generate"}
{"level":"error","message":"Generate prediction error: Prediction validation failed: type: `PROMOTION` is not a valid enum value for path `type`.","method":"POST","requestId":"33364dc9-bcd4-442c-916c-995ebbe256cf","timestamp":"2026-05-31T08:30:57.880Z","url":"/api/v1/predictions/generate"}
{"level":"info","message":"Request completed: POST /api/v1/predictions/generate [Status: 500] - 34ms","method":"POST","requestId":"33364dc9-bcd4-442c-916c-995ebbe256cf","timestamp":"2026-05-31T08:30:57.881Z","url":"/api/v1/predictions/generate"}
{"level":"info","message":"Incoming request: POST /api/v1/predictions/generate","method":"POST","requestId":"6ec0caaf-ebfe-4807-bf2b-af983263eb93","timestamp":"2026-05-31T08:31:00.549Z","url":"/api/v1/predictions/generate"}
{"level":"warn","message":"AI Service unavailable: . Using fallback prediction algorithm.","method":"POST","requestId":"6ec0caaf-ebfe-4807-bf2b-af983263eb93","timestamp":"2026-05-31T08:31:00.564Z","url":"/api/v1/predictions/generate"}
{"level":"error","message":"Generate prediction error: Prediction validation failed: type: `PROMOTION` is not a valid enum value for path `type`.","method":"POST","requestId":"6ec0caaf-ebfe-4807-bf2b-af983263eb93","timestamp":"2026-05-31T08:31:00.568Z","url":"/api/v1/predictions/generate"}
{"level":"info","message":"Request completed: POST /api/v1/predictions/generate [Status: 500] - 20ms","method":"POST","requestId":"6ec0caaf-ebfe-4807-bf2b-af983263eb93","timestamp":"2026-05-31T08:31:00.569Z","url":"/api/v1/predictions/generate"}
{"level":"info","message":"Incoming request: POST /api/v1/auth/login","method":"POST","requestId":"0f4ce61b-fe67-4024-b130-39030709e67e","timestamp":"2026-05-31T08:31:23.367Z","url":"/api/v1/auth/login"}
{"level":"info","message":"Request completed: POST /api/v1/auth/login [Status: 401] - 108ms","method":"POST","requestId":"0f4ce61b-fe67-4024-b130-39030709e67e","timestamp":"2026-05-31T08:31:23.475Z","url":"/api/v1/auth/login"}
{"level":"info","message":"Incoming request: POST /api/v1/auth/login","method":"POST","requestId":"e0ca0069-16f1-4c1c-b605-55664d0510f0","timestamp":"2026-05-31T08:31:38.967Z","url":"/api/v1/auth/login"}
{"level":"info","message":"Request completed: POST /api/v1/auth/login [Status: 401] - 10ms","method":"POST","requestId":"e0ca0069-16f1-4c1c-b605-55664d0510f0","timestamp":"2026-05-31T08:31:38.977Z","url":"/api/v1/auth/login"}
{"level":"info","message":"Incoming request: GET /api/v1/branches","method":"GET","requestId":"70a9e7d4-de25-4678-8533-ac0fb4da6943","timestamp":"2026-05-31T08:31:42.128Z","url":"/api/v1/branches"}
{"level":"info","message":"Request completed: GET /api/v1/branches [Status: 401] - 2ms","method":"GET","requestId":"70a9e7d4-de25-4678-8533-ac0fb4da6943","timestamp":"2026-05-31T08:31:42.130Z","url":"/api/v1/branches"}
{"level":"info","message":"Incoming request: GET /api/v1/branches","method":"GET","requestId":"dc9cdc0f-03d9-4f7a-8abd-ec646ec8d89f","timestamp":"2026-05-31T08:31:42.133Z","url":"/api/v1/branches"}
{"level":"info","message":"Request completed: GET /api/v1/branches [Status: 401] - 1ms","method":"GET","requestId":"dc9cdc0f-03d9-4f7a-8abd-ec646ec8d89f","timestamp":"2026-05-31T08:31:42.134Z","url":"/api/v1/branches"}
{"level":"info","message":"Client disconnected from WebSocket: FnVh6rYSKayUDN-IAAAL","timestamp":"2026-05-31T08:31:55.713Z"}
{"level":"info","message":"Client connected to WebSocket: Qq5DFNulX4QGc6aFAAAN","timestamp":"2026-05-31T08:32:01.726Z"}
{"level":"info","message":"Incoming request: GET /api/v1/analytics/dashboard","method":"GET","requestId":"c8ad018a-af97-4e7e-adba-a8c24b7c3a90","timestamp":"2026-05-31T08:32:01.842Z","url":"/api/v1/analytics/dashboard"}
{"level":"info","message":"Request completed: GET /api/v1/analytics/dashboard [Status: 200] - 86ms","method":"GET","requestId":"c8ad018a-af97-4e7e-adba-a8c24b7c3a90","timestamp":"2026-05-31T08:32:01.928Z","url":"/api/v1/analytics/dashboard"}
{"level":"info","message":"Incoming request: GET /api/v1/analytics/dashboard","method":"GET","requestId":"7eee5def-67ff-4335-a21a-520585192d2c","timestamp":"2026-05-31T08:32:01.930Z","url":"/api/v1/analytics/dashboard"}
{"level":"info","message":"Request completed: GET /api/v1/analytics/dashboard [Status: 200] - 6ms","method":"GET","requestId":"7eee5def-67ff-4335-a21a-520585192d2c","timestamp":"2026-05-31T08:32:01.936Z","url":"/api/v1/analytics/dashboard"}
{"level":"info","message":"Incoming request: GET /api/v1/analytics/performance","method":"GET","requestId":"b2e3236f-cab2-4807-b130-d4e1915146f0","timestamp":"2026-05-31T08:32:01.941Z","url":"/api/v1/analytics/performance"}
{"level":"info","message":"Incoming request: GET /api/v1/analytics/branches","method":"GET","requestId":"ba32a008-d44b-484a-815a-8d99b7230dd5","timestamp":"2026-05-31T08:32:01.946Z","url":"/api/v1/analytics/branches"}
{"level":"info","message":"Request completed: GET /api/v1/analytics/branches [Status: 404] - 6ms","method":"GET","requestId":"ba32a008-d44b-484a-815a-8d99b7230dd5","timestamp":"2026-05-31T08:32:01.952Z","url":"/api/v1/analytics/branches"}
{"level":"info","message":"Incoming request: GET /api/v1/analytics/branches","method":"GET","requestId":"ff267132-548d-4360-ad0f-b2f936893cc2","timestamp":"2026-05-31T08:32:01.957Z","url":"/api/v1/analytics/branches"}
{"level":"info","message":"Request completed: GET /api/v1/analytics/branches [Status: 404] - 3ms","method":"GET","requestId":"ff267132-548d-4360-ad0f-b2f936893cc2","timestamp":"2026-05-31T08:32:01.960Z","url":"/api/v1/analytics/branches"}
{"level":"info","message":"Request completed: GET /api/v1/analytics/performance [Status: 200] - 32ms","method":"GET","requestId":"b2e3236f-cab2-4807-b130-d4e1915146f0","timestamp":"2026-05-31T08:32:01.973Z","url":"/api/v1/analytics/performance"}
{"level":"info","message":"Incoming request: GET /api/v1/analytics/performance","method":"GET","requestId":"ec6f3e97-bf49-46dc-92f1-434a2d00c4ac","timestamp":"2026-05-31T08:32:01.974Z","url":"/api/v1/analytics/performance"}
{"level":"info","message":"Request completed: GET /api/v1/analytics/performance [Status: 200] - 3ms","method":"GET","requestId":"ec6f3e97-bf49-46dc-92f1-434a2d00c4ac","timestamp":"2026-05-31T08:32:01.977Z","url":"/api/v1/analytics/performance"}
{"level":"info","message":"Incoming request: GET /api/v1/employees?page=1&limit=8&search=&sortBy=createdAt&sortOrder=desc","method":"GET","requestId":"70079cba-7417-4e5e-82ff-d0c18df3fc42","timestamp":"2026-05-31T08:32:35.677Z","url":"/api/v1/employees?page=1&limit=8&search=&sortBy=createdAt&sortOrder=desc"}
{"level":"info","message":"Incoming request: GET /api/v1/branches","method":"GET","requestId":"de6d456b-64a0-4214-b2eb-0fd775a000f5","timestamp":"2026-05-31T08:32:35.684Z","url":"/api/v1/branches"}
{"level":"info","message":"Request completed: GET /api/v1/branches [Status: 304] - 29ms","method":"GET","requestId":"de6d456b-64a0-4214-b2eb-0fd775a000f5","timestamp":"2026-05-31T08:32:35.713Z","url":"/api/v1/branches"}
{"level":"info","message":"Request completed: GET /api/v1/employees?page=1&limit=8&search=&sortBy=createdAt&sortOrder=desc [Status: 304] - 37ms","method":"GET","requestId":"70079cba-7417-4e5e-82ff-d0c18df3fc42","timestamp":"2026-05-31T08:32:35.714Z","url":"/api/v1/employees?page=1&limit=8&search=&sortBy=createdAt&sortOrder=desc"}
{"level":"info","message":"Incoming request: GET /api/v1/branches","method":"GET","requestId":"326255b8-4d87-476e-9678-9124335a95a6","timestamp":"2026-05-31T08:32:35.717Z","url":"/api/v1/branches"}
{"level":"info","message":"Incoming request: GET /api/v1/employees?page=1&limit=8&search=&sortBy=createdAt&sortOrder=desc","method":"GET","requestId":"3b2649ed-af9f-48cb-84d8-5a1e37ad7375","timestamp":"2026-05-31T08:32:35.723Z","url":"/api/v1/employees?page=1&limit=8&search=&sortBy=createdAt&sortOrder=desc"}
{"level":"info","message":"Request completed: GET /api/v1/branches [Status: 304] - 25ms","method":"GET","requestId":"326255b8-4d87-476e-9678-9124335a95a6","timestamp":"2026-05-31T08:32:35.742Z","url":"/api/v1/branches"}
{"level":"info","message":"Request completed: GET /api/v1/employees?page=1&limit=8&search=&sortBy=createdAt&sortOrder=desc [Status: 304] - 24ms","method":"GET","requestId":"3b2649ed-af9f-48cb-84d8-5a1e37ad7375","timestamp":"2026-05-31T08:32:35.747Z","url":"/api/v1/employees?page=1&limit=8&search=&sortBy=createdAt&sortOrder=desc"}
{"level":"info","message":"Incoming request: GET /api/v1/employees?page=1&limit=8&search=&sortBy=createdAt&sortOrder=desc","method":"GET","requestId":"a8c6b0c4-bba8-49be-8ee9-64d5c0c6373a","timestamp":"2026-05-31T08:32:38.874Z","url":"/api/v1/employees?page=1&limit=8&search=&sortBy=createdAt&sortOrder=desc"}
{"level":"info","message":"Incoming request: GET /api/v1/branches","method":"GET","requestId":"e4e286e9-38f4-4a60-bf11-d8c93f81db28","timestamp":"2026-05-31T08:32:38.877Z","url":"/api/v1/branches"}
{"level":"info","message":"Request completed: GET /api/v1/branches [Status: 304] - 18ms","method":"GET","requestId":"e4e286e9-38f4-4a60-bf11-d8c93f81db28","timestamp":"2026-05-31T08:32:38.895Z","url":"/api/v1/branches"}
{"level":"info","message":"Request completed: GET /api/v1/employees?page=1&limit=8&search=&sortBy=createdAt&sortOrder=desc [Status: 304] - 23ms","method":"GET","requestId":"a8c6b0c4-bba8-49be-8ee9-64d5c0c6373a","timestamp":"2026-05-31T08:32:38.897Z","url":"/api/v1/employees?page=1&limit=8&search=&sortBy=createdAt&sortOrder=desc"}
{"level":"info","message":"Incoming request: GET /api/v1/branches","method":"GET","requestId":"bee756da-ffcb-455e-96a9-130dad02b02f","timestamp":"2026-05-31T08:32:38.900Z","url":"/api/v1/branches"}
{"level":"info","message":"Incoming request: GET /api/v1/employees?page=1&limit=8&search=&sortBy=createdAt&sortOrder=desc","method":"GET","requestId":"68e4fcc5-a58a-41fa-a575-232b22bff53c","timestamp":"2026-05-31T08:32:38.905Z","url":"/api/v1/employees?page=1&limit=8&search=&sortBy=createdAt&sortOrder=desc"}
{"level":"info","message":"Request completed: GET /api/v1/branches [Status: 304] - 23ms","method":"GET","requestId":"bee756da-ffcb-455e-96a9-130dad02b02f","timestamp":"2026-05-31T08:32:38.923Z","url":"/api/v1/branches"}
{"level":"info","message":"Request completed: GET /api/v1/employees?page=1&limit=8&search=&sortBy=createdAt&sortOrder=desc [Status: 304] - 23ms","method":"GET","requestId":"68e4fcc5-a58a-41fa-a575-232b22bff53c","timestamp":"2026-05-31T08:32:38.928Z","url":"/api/v1/employees?page=1&limit=8&search=&sortBy=createdAt&sortOrder=desc"}
{"level":"info","message":"Incoming request: GET /api/v1/employees?page=1&limit=100","method":"GET","requestId":"138b1d80-6594-4fd7-a90a-1b91031cf5d7","timestamp":"2026-05-31T08:32:59.039Z","url":"/api/v1/employees?page=1&limit=100"}
{"level":"info","message":"Request completed: GET /api/v1/employees?page=1&limit=100 [Status: 304] - 12ms","method":"GET","requestId":"138b1d80-6594-4fd7-a90a-1b91031cf5d7","timestamp":"2026-05-31T08:32:59.051Z","url":"/api/v1/employees?page=1&limit=100"}
{"level":"info","message":"Incoming request: GET /api/v1/employees?page=1&limit=100","method":"GET","requestId":"8a86b50f-f4b6-48b8-9f9a-d80e6aae7e4e","timestamp":"2026-05-31T08:32:59.053Z","url":"/api/v1/employees?page=1&limit=100"}
{"level":"info","message":"Request completed: GET /api/v1/employees?page=1&limit=100 [Status: 304] - 14ms","method":"GET","requestId":"8a86b50f-f4b6-48b8-9f9a-d80e6aae7e4e","timestamp":"2026-05-31T08:32:59.067Z","url":"/api/v1/employees?page=1&limit=100"}
{"level":"info","message":"Incoming request: POST /api/v1/predictions/generate","method":"POST","requestId":"78e05ffe-78fb-489d-bd6b-d26c9542dd06","timestamp":"2026-05-31T08:33:14.447Z","url":"/api/v1/predictions/generate"}
{"level":"warn","message":"AI Service unavailable: . Using fallback prediction algorithm.","method":"POST","requestId":"78e05ffe-78fb-489d-bd6b-d26c9542dd06","timestamp":"2026-05-31T08:33:14.489Z","url":"/api/v1/predictions/generate"}
{"level":"info","message":"Prediction generated for employee 6a1bf05ddb55c3db889cc883","method":"POST","requestId":"78e05ffe-78fb-489d-bd6b-d26c9542dd06","timestamp":"2026-05-31T08:33:14.558Z","url":"/api/v1/predictions/generate"}
{"level":"info","message":"Request completed: POST /api/v1/predictions/generate [Status: 201] - 113ms","method":"POST","requestId":"78e05ffe-78fb-489d-bd6b-d26c9542dd06","timestamp":"2026-05-31T08:33:14.560Z","url":"/api/v1/predictions/generate"}
{"level":"info","message":"Incoming request: POST /api/v1/predictions/generate","method":"POST","requestId":"14f9da7e-fc6f-4e76-ab43-4087cefd85ee","timestamp":"2026-05-31T08:33:23.311Z","url":"/api/v1/predictions/generate"}
{"level":"warn","message":"AI Service unavailable: . Using fallback prediction algorithm.","method":"POST","requestId":"14f9da7e-fc6f-4e76-ab43-4087cefd85ee","timestamp":"2026-05-31T08:33:23.351Z","url":"/api/v1/predictions/generate"}
{"level":"error","message":"Generate prediction error: Prediction validation failed: type: `PROMOTION` is not a valid enum value for path `type`.","method":"POST","requestId":"14f9da7e-fc6f-4e76-ab43-4087cefd85ee","timestamp":"2026-05-31T08:33:23.362Z","url":"/api/v1/predictions/generate"}
{"level":"info","message":"Request completed: POST /api/v1/predictions/generate [Status: 500] - 53ms","method":"POST","requestId":"14f9da7e-fc6f-4e76-ab43-4087cefd85ee","timestamp":"2026-05-31T08:33:23.364Z","url":"/api/v1/predictions/generate"}
{"level":"info","message":"Incoming request: POST /api/v1/predictions/generate","method":"POST","requestId":"6d1e9911-c156-438e-8cdb-e57db31f0354","timestamp":"2026-05-31T08:34:10.647Z","url":"/api/v1/predictions/generate"}
{"level":"warn","message":"AI Service unavailable: . Using fallback prediction algorithm.","method":"POST","requestId":"6d1e9911-c156-438e-8cdb-e57db31f0354","timestamp":"2026-05-31T08:34:10.677Z","url":"/api/v1/predictions/generate"}
{"level":"info","message":"Prediction generated for employee 6a1bf05ddb55c3db889cc883","method":"POST","requestId":"6d1e9911-c156-438e-8cdb-e57db31f0354","timestamp":"2026-05-31T08:34:10.693Z","url":"/api/v1/predictions/generate"}
{"level":"info","message":"Request completed: POST /api/v1/predictions/generate [Status: 201] - 48ms","method":"POST","requestId":"6d1e9911-c156-438e-8cdb-e57db31f0354","timestamp":"2026-05-31T08:34:10.695Z","url":"/api/v1/predictions/generate"}
{"level":"info","message":"Incoming request: GET /api/v1/predictions/history?page=1&limit=10","method":"GET","requestId":"bc156500-086b-4308-a662-b1b8b44b02ec","timestamp":"2026-05-31T08:34:14.333Z","url":"/api/v1/predictions/history?page=1&limit=10"}
{"level":"info","message":"Request completed: GET /api/v1/predictions/history?page=1&limit=10 [Status: 200] - 33ms","method":"GET","requestId":"bc156500-086b-4308-a662-b1b8b44b02ec","timestamp":"2026-05-31T08:34:14.366Z","url":"/api/v1/predictions/history?page=1&limit=10"}
{"level":"info","message":"Incoming request: GET /api/v1/predictions/history?page=1&limit=10","method":"GET","requestId":"3dc6009b-2b32-4411-ba1d-8a366e3ff653","timestamp":"2026-05-31T08:34:14.368Z","url":"/api/v1/predictions/history?page=1&limit=10"}
{"level":"info","message":"Request completed: GET /api/v1/predictions/history?page=1&limit=10 [Status: 304] - 29ms","method":"GET","requestId":"3dc6009b-2b32-4411-ba1d-8a366e3ff653","timestamp":"2026-05-31T08:34:14.397Z","url":"/api/v1/predictions/history?page=1&limit=10"}
{"level":"info","message":"Incoming request: GET /api/v1/predictions/history?page=1&limit=10&type=ATTRITION","method":"GET","requestId":"acec148d-6600-4a45-95bc-0d594a799f0e","timestamp":"2026-05-31T08:34:20.087Z","url":"/api/v1/predictions/history?page=1&limit=10&type=ATTRITION"}
{"level":"info","message":"Request completed: GET /api/v1/predictions/history?page=1&limit=10&type=ATTRITION [Status: 200] - 25ms","method":"GET","requestId":"acec148d-6600-4a45-95bc-0d594a799f0e","timestamp":"2026-05-31T08:34:20.113Z","url":"/api/v1/predictions/history?page=1&limit=10&type=ATTRITION"}
{"level":"info","message":"Incoming request: GET /api/v1/predictions/history?page=1&limit=10&riskLevel=MEDIUM&type=ATTRITION","method":"GET","requestId":"87fc1aa7-544d-4fb4-bc9c-a75311f6dab4","timestamp":"2026-05-31T08:34:22.897Z","url":"/api/v1/predictions/history?page=1&limit=10&riskLevel=MEDIUM&type=ATTRITION"}
{"level":"info","message":"Request completed: GET /api/v1/predictions/history?page=1&limit=10&riskLevel=MEDIUM&type=ATTRITION [Status: 200] - 9ms","method":"GET","requestId":"87fc1aa7-544d-4fb4-bc9c-a75311f6dab4","timestamp":"2026-05-31T08:34:22.906Z","url":"/api/v1/predictions/history?page=1&limit=10&riskLevel=MEDIUM&type=ATTRITION"}
{"level":"info","message":"Incoming request: GET /api/v1/audit-logs?page=1&limit=10&sortBy=createdAt&sortOrder=-1","method":"GET","requestId":"60e9b625-339c-4fb3-a722-179156669e24","timestamp":"2026-05-31T08:34:33.145Z","url":"/api/v1/audit-logs?page=1&limit=10&sortBy=createdAt&sortOrder=-1"}
{"level":"info","message":"Request completed: GET /api/v1/audit-logs?page=1&limit=10&sortBy=createdAt&sortOrder=-1 [Status: 200] - 14ms","method":"GET","requestId":"60e9b625-339c-4fb3-a722-179156669e24","timestamp":"2026-05-31T08:34:33.159Z","url":"/api/v1/audit-logs?page=1&limit=10&sortBy=createdAt&sortOrder=-1"}
{"level":"info","message":"Incoming request: GET /api/v1/audit-logs?page=1&limit=10&sortBy=createdAt&sortOrder=-1","method":"GET","requestId":"4db161d6-cfbb-4204-9c5d-fee0d518f17d","timestamp":"2026-05-31T08:34:33.162Z","url":"/api/v1/audit-logs?page=1&limit=10&sortBy=createdAt&sortOrder=-1"}
{"level":"info","message":"Request completed: GET /api/v1/audit-logs?page=1&limit=10&sortBy=createdAt&sortOrder=-1 [Status: 304] - 11ms","method":"GET","requestId":"4db161d6-cfbb-4204-9c5d-fee0d518f17d","timestamp":"2026-05-31T08:34:33.173Z","url":"/api/v1/audit-logs?page=1&limit=10&sortBy=createdAt&sortOrder=-1"}
{"level":"info","message":"Incoming request: GET /api/v1/analytics/dashboard","method":"GET","requestId":"cd75de5f-ec3e-43a9-b02d-29f807f12733","timestamp":"2026-05-31T08:34:48.552Z","url":"/api/v1/analytics/dashboard"}
{"level":"info","message":"Request completed: GET /api/v1/analytics/dashboard [Status: 304] - 2ms","method":"GET","requestId":"cd75de5f-ec3e-43a9-b02d-29f807f12733","timestamp":"2026-05-31T08:34:48.554Z","url":"/api/v1/analytics/dashboard"}
{"level":"info","message":"Incoming request: GET /api/v1/analytics/dashboard","method":"GET","requestId":"82cc506b-3b81-4dea-b4a2-05b3a05be98c","timestamp":"2026-05-31T08:34:48.556Z","url":"/api/v1/analytics/dashboard"}
{"level":"info","message":"Request completed: GET /api/v1/analytics/dashboard [Status: 304] - 2ms","method":"GET","requestId":"82cc506b-3b81-4dea-b4a2-05b3a05be98c","timestamp":"2026-05-31T08:34:48.558Z","url":"/api/v1/analytics/dashboard"}
{"level":"info","message":"Incoming request: GET /api/v1/analytics/performance","method":"GET","requestId":"74eacf7a-3abd-42e7-8f41-93f7161963a5","timestamp":"2026-05-31T08:34:48.562Z","url":"/api/v1/analytics/performance"}
{"level":"info","message":"Request completed: GET /api/v1/analytics/performance [Status: 304] - 2ms","method":"GET","requestId":"74eacf7a-3abd-42e7-8f41-93f7161963a5","timestamp":"2026-05-31T08:34:48.564Z","url":"/api/v1/analytics/performance"}
{"level":"info","message":"Incoming request: GET /api/v1/analytics/branches","method":"GET","requestId":"12c88261-4471-4f04-9895-0a21aa219e05","timestamp":"2026-05-31T08:34:48.565Z","url":"/api/v1/analytics/branches"}
{"level":"info","message":"Request completed: GET /api/v1/analytics/branches [Status: 404] - 2ms","method":"GET","requestId":"12c88261-4471-4f04-9895-0a21aa219e05","timestamp":"2026-05-31T08:34:48.567Z","url":"/api/v1/analytics/branches"}
{"level":"info","message":"Incoming request: GET /api/v1/analytics/performance","method":"GET","requestId":"0d27df2b-509b-4928-8d7f-a2a6d7227d98","timestamp":"2026-05-31T08:34:48.568Z","url":"/api/v1/analytics/performance"}
{"level":"info","message":"Request completed: GET /api/v1/analytics/performance [Status: 304] - 3ms","method":"GET","requestId":"0d27df2b-509b-4928-8d7f-a2a6d7227d98","timestamp":"2026-05-31T08:34:48.571Z","url":"/api/v1/analytics/performance"}
{"level":"info","message":"Incoming request: GET /api/v1/analytics/branches","method":"GET","requestId":"1aab48fc-293b-448a-ba5e-a7185ffef455","timestamp":"2026-05-31T08:34:48.571Z","url":"/api/v1/analytics/branches"}
{"level":"info","message":"Request completed: GET /api/v1/analytics/branches [Status: 404] - 3ms","method":"GET","requestId":"1aab48fc-293b-448a-ba5e-a7185ffef455","timestamp":"2026-05-31T08:34:48.574Z","url":"/api/v1/analytics/branches"}
{"level":"info","message":"Incoming request: GET /","method":"GET","requestId":"5665f322-50db-40c3-8aac-3da21b6d8806","timestamp":"2026-05-31T08:36:27.033Z","url":"/"}
{"level":"info","message":"Request completed: GET / [Status: 404] - 30ms","method":"GET","requestId":"5665f322-50db-40c3-8aac-3da21b6d8806","timestamp":"2026-05-31T08:36:27.061Z","url":"/"}
{"level":"info","message":"Incoming request: GET /favicon.ico","method":"GET","requestId":"2b1244e5-fa16-4cff-ad09-94e5f665b260","timestamp":"2026-05-31T08:36:27.808Z","url":"/favicon.ico"}
{"level":"info","message":"Request completed: GET /favicon.ico [Status: 404] - 2ms","method":"GET","requestId":"2b1244e5-fa16-4cff-ad09-94e5f665b260","timestamp":"2026-05-31T08:36:27.810Z","url":"/favicon.ico"}
{"level":"info","message":"Incoming request: GET /health","method":"GET","requestId":"bc312d82-2ab5-4035-841f-ac97e99bbc38","timestamp":"2026-05-31T08:36:39.510Z","url":"/health"}
{"level":"info","message":"Request completed: GET /health [Status: 200] - 49ms","method":"GET","requestId":"bc312d82-2ab5-4035-841f-ac97e99bbc38","timestamp":"2026-05-31T08:36:39.560Z","url":"/health"}
{"level":"info","message":"Incoming request: GET /api/docs","method":"GET","requestId":"2c5fa37b-1154-4bcd-8aef-44a5cf80f63d","timestamp":"2026-05-31T08:36:46.591Z","url":"/api/docs"}
{"level":"info","message":"Request completed: GET /api/docs [Status: 301] - 70ms","method":"GET","requestId":"2c5fa37b-1154-4bcd-8aef-44a5cf80f63d","timestamp":"2026-05-31T08:36:46.662Z","url":"/api/docs"}
{"level":"info","message":"Incoming request: GET /api/docs/","method":"GET","requestId":"9fd77ea0-c919-450c-952c-b20331336517","timestamp":"2026-05-31T08:36:46.672Z","url":"/api/docs/"}
{"level":"info","message":"Request completed: GET /api/docs/ [Status: 200] - 18ms","method":"GET","requestId":"9fd77ea0-c919-450c-952c-b20331336517","timestamp":"2026-05-31T08:36:46.691Z","url":"/api/docs/"}
{"level":"info","message":"Incoming request: GET /api/docs/swagger-ui.css","method":"GET","requestId":"ad05fb88-565e-4b9a-ba3d-a0f386b8d908","timestamp":"2026-05-31T08:36:46.808Z","url":"/api/docs/swagger-ui.css"}
{"level":"info","message":"Incoming request: GET /api/docs/swagger-ui-bundle.js","method":"GET","requestId":"f4c9c7f7-b2e3-44ec-86c0-afebd6d5e34e","timestamp":"2026-05-31T08:36:46.829Z","url":"/api/docs/swagger-ui-bundle.js"}
{"level":"info","message":"Incoming request: GET /api/docs/swagger-ui-standalone-preset.js","method":"GET","requestId":"d4cf861c-fcb0-4334-a312-d5018287903c","timestamp":"2026-05-31T08:36:46.831Z","url":"/api/docs/swagger-ui-standalone-preset.js"}
{"level":"info","message":"Incoming request: GET /api/docs/swagger-ui-init.js","method":"GET","requestId":"bc041519-e5e5-439c-887d-ef68409d5a18","timestamp":"2026-05-31T08:36:46.833Z","url":"/api/docs/swagger-ui-init.js"}
{"level":"info","message":"Request completed: GET /api/docs/swagger-ui-init.js [Status: 200] - 3ms","method":"GET","requestId":"bc041519-e5e5-439c-887d-ef68409d5a18","timestamp":"2026-05-31T08:36:46.836Z","url":"/api/docs/swagger-ui-init.js"}
{"level":"info","message":"Request completed: GET /api/docs/swagger-ui.css [Status: 200] - 47ms","method":"GET","requestId":"ad05fb88-565e-4b9a-ba3d-a0f386b8d908","timestamp":"2026-05-31T08:36:46.855Z","url":"/api/docs/swagger-ui.css"}
{"level":"info","message":"Request completed: GET /api/docs/swagger-ui-standalone-preset.js [Status: 200] - 39ms","method":"GET","requestId":"d4cf861c-fcb0-4334-a312-d5018287903c","timestamp":"2026-05-31T08:36:46.870Z","url":"/api/docs/swagger-ui-standalone-preset.js"}
{"level":"info","message":"Request completed: GET /api/docs/swagger-ui-bundle.js [Status: 200] - 51ms","method":"GET","requestId":"f4c9c7f7-b2e3-44ec-86c0-afebd6d5e34e","timestamp":"2026-05-31T08:36:46.880Z","url":"/api/docs/swagger-ui-bundle.js"}
{"level":"info","message":"Incoming request: GET /api/docs/favicon-32x32.png","method":"GET","requestId":"41c62c34-ec34-4af8-a8f0-d2cd2240b5d2","timestamp":"2026-05-31T08:36:47.688Z","url":"/api/docs/favicon-32x32.png"}
{"level":"info","message":"Request completed: GET /api/docs/favicon-32x32.png [Status: 200] - 5ms","method":"GET","requestId":"41c62c34-ec34-4af8-a8f0-d2cd2240b5d2","timestamp":"2026-05-31T08:36:47.693Z","url":"/api/docs/favicon-32x32.png"}
{"level":"error","message":"Error: Blocked by CORS policy - Strict Origin Verification failed","stack":"Error: Blocked by CORS policy - Strict Origin Verification failed\n    at origin (file:///C:/Users/Gaura/Documents/Codex/2026-05-21/AlphaMatrix19/backend/src/app.js:44:16)\n    at C:\\Users\\Gaura\\Documents\\Codex\\2026-05-21\\AlphaMatrix19\\backend\\node_modules\\cors\\lib\\index.js:219:13\n    at optionsCallback (C:\\Users\\Gaura\\Documents\\Codex\\2026-05-21\\AlphaMatrix19\\backend\\node_modules\\cors\\lib\\index.js:199:9)\n    at corsMiddleware (C:\\Users\\Gaura\\Documents\\Codex\\2026-05-21\\AlphaMatrix19\\backend\\node_modules\\cors\\lib\\index.js:204:7)\n    at Layer.handle [as handle_request] (C:\\Users\\Gaura\\Documents\\Codex\\2026-05-21\\AlphaMatrix19\\backend\\node_modules\\express\\lib\\router\\layer.js:95:5)\n    at trim_prefix (C:\\Users\\Gaura\\Documents\\Codex\\2026-05-21\\AlphaMatrix19\\backend\\node_modules\\express\\lib\\router\\index.js:328:13)\n    at C:\\Users\\Gaura\\Documents\\Codex\\2026-05-21\\AlphaMatrix19\\backend\\node_modules\\express\\lib\\router\\index.js:286:9\n    at Function.process_params (C:\\Users\\Gaura\\Documents\\Codex\\2026-05-21\\AlphaMatrix19\\backend\\node_modules\\express\\lib\\router\\index.js:346:12)\n    at next (C:\\Users\\Gaura\\Documents\\Codex\\2026-05-21\\AlphaMatrix19\\backend\\node_modules\\express\\lib\\router\\index.js:280:10)\n    at internalNext (file:///C:/Users/Gaura/Documents/Codex/2026-05-21/AlphaMatrix19/backend/node_modules/helmet/index.mjs:533:6)","timestamp":"2026-05-31T08:38:10.364Z"}
{"level":"error","message":"Error: Blocked by CORS policy - Strict Origin Verification failed","stack":"Error: Blocked by CORS policy - Strict Origin Verification failed\n    at origin (file:///C:/Users/Gaura/Documents/Codex/2026-05-21/AlphaMatrix19/backend/src/app.js:44:16)\n    at C:\\Users\\Gaura\\Documents\\Codex\\2026-05-21\\AlphaMatrix19\\backend\\node_modules\\cors\\lib\\index.js:219:13\n    at optionsCallback (C:\\Users\\Gaura\\Documents\\Codex\\2026-05-21\\AlphaMatrix19\\backend\\node_modules\\cors\\lib\\index.js:199:9)\n    at corsMiddleware (C:\\Users\\Gaura\\Documents\\Codex\\2026-05-21\\AlphaMatrix19\\backend\\node_modules\\cors\\lib\\index.js:204:7)\n    at Layer.handle [as handle_request] (C:\\Users\\Gaura\\Documents\\Codex\\2026-05-21\\AlphaMatrix19\\backend\\node_modules\\express\\lib\\router\\layer.js:95:5)\n    at trim_prefix (C:\\Users\\Gaura\\Documents\\Codex\\2026-05-21\\AlphaMatrix19\\backend\\node_modules\\express\\lib\\router\\index.js:328:13)\n    at C:\\Users\\Gaura\\Documents\\Codex\\2026-05-21\\AlphaMatrix19\\backend\\node_modules\\express\\lib\\router\\index.js:286:9\n    at Function.process_params (C:\\Users\\Gaura\\Documents\\Codex\\2026-05-21\\AlphaMatrix19\\backend\\node_modules\\express\\lib\\router\\index.js:346:12)\n    at next (C:\\Users\\Gaura\\Documents\\Codex\\2026-05-21\\AlphaMatrix19\\backend\\node_modules\\express\\lib\\router\\index.js:280:10)\n    at internalNext (file:///C:/Users/Gaura/Documents/Codex/2026-05-21/AlphaMatrix19/backend/node_modules/helmet/index.mjs:533:6)","timestamp":"2026-05-31T08:38:13.529Z"}
{"level":"info","message":"Server initialized successfully on port 5000","timestamp":"2026-05-31T08:41:39.464Z"}
{"level":"info","message":"MongoDB Connected: localhost","timestamp":"2026-05-31T08:41:39.551Z"}
{"level":"info","message":"Client connected to WebSocket: 1-sj2Vsrwbjs2KASAAAB","timestamp":"2026-05-31T08:41:39.761Z"}
{"level":"warn","message":"Redis reconnection limit exceeded. Staying in in-memory fallback mode.","timestamp":"2026-05-31T08:41:40.297Z"}
{"level":"info","message":"Server initialized successfully on port 5000","timestamp":"2026-05-31T08:41:46.444Z"}
{"level":"info","message":"MongoDB Connected: localhost","timestamp":"2026-05-31T08:41:46.532Z"}
{"level":"warn","message":"Redis reconnection limit exceeded. Staying in in-memory fallback mode.","timestamp":"2026-05-31T08:41:47.188Z"}
{"level":"info","message":"Client connected to WebSocket: 1s_bGcOMFFKhsyFiAAAB","timestamp":"2026-05-31T08:41:47.696Z"}
{"level":"info","message":"Server initialized successfully on port 5000","timestamp":"2026-05-31T08:41:52.673Z"}
{"level":"info","message":"MongoDB Connected: localhost","timestamp":"2026-05-31T08:41:52.721Z"}
{"level":"warn","message":"Redis reconnection limit exceeded. Staying in in-memory fallback mode.","timestamp":"2026-05-31T08:41:53.379Z"}
{"level":"info","message":"Client connected to WebSocket: YTpDGqAIYUK1n8HkAAAB","timestamp":"2026-05-31T08:41:54.034Z"}
{"level":"info","message":"Client disconnected from WebSocket: YTpDGqAIYUK1n8HkAAAB","timestamp":"2026-05-31T08:41:54.911Z"}
{"level":"info","message":"Incoming request: POST /api/auth/register","method":"POST","requestId":"0aa25544-1f2e-45a1-bd87-17d33f4d18dc","timestamp":"2026-05-31T08:42:35.585Z","url":"/api/auth/register"}
{"level":"info","message":"User john@alphamatrix.com registered successfully","method":"POST","requestId":"0aa25544-1f2e-45a1-bd87-17d33f4d18dc","timestamp":"2026-05-31T08:42:35.636Z","url":"/api/auth/register"}
{"level":"info","message":"Request completed: POST /api/auth/register [Status: 201] - 62ms","method":"POST","requestId":"0aa25544-1f2e-45a1-bd87-17d33f4d18dc","timestamp":"2026-05-31T08:42:35.647Z","url":"/api/auth/register"}
{"level":"info","message":"Incoming request: POST /api/auth/register","method":"POST","requestId":"636413ab-c2a1-4760-ba03-2d8f02b6170a","timestamp":"2026-05-31T08:42:35.707Z","url":"/api/auth/register"}
{"level":"info","message":"Request completed: POST /api/auth/register [Status: 400] - 14ms","method":"POST","requestId":"636413ab-c2a1-4760-ba03-2d8f02b6170a","timestamp":"2026-05-31T08:42:35.721Z","url":"/api/auth/register"}
{"level":"info","message":"Incoming request: POST /api/auth/login","method":"POST","requestId":"2fb3fbeb-4a5d-4f57-af5b-e98654fccd36","timestamp":"2026-05-31T08:42:35.765Z","url":"/api/auth/login"}
{"level":"info","message":"User john@alphamatrix.com logged in successfully","method":"POST","requestId":"2fb3fbeb-4a5d-4f57-af5b-e98654fccd36","timestamp":"2026-05-31T08:42:35.779Z","url":"/api/auth/login"}
{"level":"info","message":"Request completed: POST /api/auth/login [Status: 200] - 21ms","method":"POST","requestId":"2fb3fbeb-4a5d-4f57-af5b-e98654fccd36","timestamp":"2026-05-31T08:42:35.786Z","url":"/api/auth/login"}
{"level":"warn","message":"Redis reconnection limit exceeded. Staying in in-memory fallback mode.","timestamp":"2026-05-31T08:42:36.372Z"}
{"level":"info","message":"Client connected to WebSocket: AQfRFxTw-mMusclCAAAD","timestamp":"2026-05-31T08:43:15.440Z"}
{"level":"info","message":"Incoming request: POST /api/v1/auth/login","method":"POST","requestId":"6e50eb1c-609b-4ccf-ad3e-20df7ef8f4f5","timestamp":"2026-05-31T08:44:02.017Z","url":"/api/v1/auth/login"}
{"level":"info","message":"User admin@alphamatrix.com logged in successfully","method":"POST","requestId":"6e50eb1c-609b-4ccf-ad3e-20df7ef8f4f5","timestamp":"2026-05-31T08:44:03.644Z","url":"/api/v1/auth/login"}
{"level":"info","message":"Request completed: POST /api/v1/auth/login [Status: 200] - 1656ms","method":"POST","requestId":"6e50eb1c-609b-4ccf-ad3e-20df7ef8f4f5","timestamp":"2026-05-31T08:44:03.672Z","url":"/api/v1/auth/login"}
{"level":"info","message":"Client disconnected from WebSocket: AQfRFxTw-mMusclCAAAD","timestamp":"2026-05-31T08:44:03.739Z"}
{"level":"info","message":"Client connected to WebSocket: EdLvEGGoWlJl2dNaAAAF","timestamp":"2026-05-31T08:44:03.818Z"}
{"level":"info","message":"Incoming request: GET /api/v1/analytics/dashboard","method":"GET","requestId":"10c39624-5b1b-4b47-a82e-282682c6f340","timestamp":"2026-05-31T08:44:04.635Z","url":"/api/v1/analytics/dashboard"}
{"level":"info","message":"Request completed: GET /api/v1/analytics/dashboard [Status: 200] - 532ms","method":"GET","requestId":"10c39624-5b1b-4b47-a82e-282682c6f340","timestamp":"2026-05-31T08:44:05.167Z","url":"/api/v1/analytics/dashboard"}
{"level":"info","message":"Incoming request: GET /api/v1/analytics/dashboard","method":"GET","requestId":"b4e41a31-8526-4ef0-8448-85e43a954f02","timestamp":"2026-05-31T08:44:05.180Z","url":"/api/v1/analytics/dashboard"}
{"level":"info","message":"Request completed: GET /api/v1/analytics/dashboard [Status: 200] - 13ms","method":"GET","requestId":"b4e41a31-8526-4ef0-8448-85e43a954f02","timestamp":"2026-05-31T08:44:05.193Z","url":"/api/v1/analytics/dashboard"}
{"level":"info","message":"Incoming request: GET /api/v1/analytics/performance","method":"GET","requestId":"58ba9af7-07ca-48a0-8cc7-54c106f5eddb","timestamp":"2026-05-31T08:44:05.211Z","url":"/api/v1/analytics/performance"}
{"level":"info","message":"Incoming request: GET /api/v1/analytics/branches-comparison","method":"GET","requestId":"6163924c-c0ef-4bc3-b384-9a46f825d506","timestamp":"2026-05-31T08:44:05.228Z","url":"/api/v1/analytics/branches-comparison"}
{"level":"info","message":"Request completed: GET /api/v1/analytics/performance [Status: 200] - 207ms","method":"GET","requestId":"58ba9af7-07ca-48a0-8cc7-54c106f5eddb","timestamp":"2026-05-31T08:44:05.419Z","url":"/api/v1/analytics/performance"}
{"level":"info","message":"Incoming request: GET /api/v1/analytics/performance","method":"GET","requestId":"3c5d7461-9bb5-4bb1-8cbc-d2ad51ec9860","timestamp":"2026-05-31T08:44:05.470Z","url":"/api/v1/analytics/performance"}
{"level":"info","message":"Request completed: GET /api/v1/analytics/performance [Status: 200] - 16ms","method":"GET","requestId":"3c5d7461-9bb5-4bb1-8cbc-d2ad51ec9860","timestamp":"2026-05-31T08:44:05.486Z","url":"/api/v1/analytics/performance"}
{"level":"info","message":"Request completed: GET /api/v1/analytics/branches-comparison [Status: 200] - 317ms","method":"GET","requestId":"6163924c-c0ef-4bc3-b384-9a46f825d506","timestamp":"2026-05-31T08:44:05.546Z","url":"/api/v1/analytics/branches-comparison"}
{"level":"info","message":"Incoming request: GET /api/v1/analytics/branches-comparison","method":"GET","requestId":"632fd9f4-3bf9-4138-a4c3-19572439bd7b","timestamp":"2026-05-31T08:44:05.557Z","url":"/api/v1/analytics/branches-comparison"}
{"level":"info","message":"Request completed: GET /api/v1/analytics/branches-comparison [Status: 200] - 13ms","method":"GET","requestId":"632fd9f4-3bf9-4138-a4c3-19572439bd7b","timestamp":"2026-05-31T08:44:05.570Z","url":"/api/v1/analytics/branches-comparison"}
{"level":"info","message":"Incoming request: GET /api/v1/employees?page=1&limit=100","method":"GET","requestId":"c9bdb4e9-4efe-4782-96a1-0fda77730c9c","timestamp":"2026-05-31T08:44:35.103Z","url":"/api/v1/employees?page=1&limit=100"}
{"level":"info","message":"Request completed: GET /api/v1/employees?page=1&limit=100 [Status: 304] - 173ms","method":"GET","requestId":"c9bdb4e9-4efe-4782-96a1-0fda77730c9c","timestamp":"2026-05-31T08:44:35.275Z","url":"/api/v1/employees?page=1&limit=100"}
{"level":"info","message":"Incoming request: GET /api/v1/employees?page=1&limit=100","method":"GET","requestId":"082f87a5-af61-4e87-a5fb-2998c46aa053","timestamp":"2026-05-31T08:44:35.314Z","url":"/api/v1/employees?page=1&limit=100"}
{"level":"info","message":"Request completed: GET /api/v1/employees?page=1&limit=100 [Status: 304] - 43ms","method":"GET","requestId":"082f87a5-af61-4e87-a5fb-2998c46aa053","timestamp":"2026-05-31T08:44:35.357Z","url":"/api/v1/employees?page=1&limit=100"}
{"level":"info","message":"Incoming request: POST /api/v1/predictions/generate","method":"POST","requestId":"72260b2b-50c1-412a-835d-d1c126ceb860","timestamp":"2026-05-31T08:45:53.941Z","url":"/api/v1/predictions/generate"}
{"level":"warn","message":"AI Service unavailable: . Using fallback prediction algorithm.","method":"POST","requestId":"72260b2b-50c1-412a-835d-d1c126ceb860","timestamp":"2026-05-31T08:45:55.762Z","url":"/api/v1/predictions/generate"}
{"level":"info","message":"Prediction generated for employee 6a1bf05ddb55c3db889cc883","method":"POST","requestId":"72260b2b-50c1-412a-835d-d1c126ceb860","timestamp":"2026-05-31T08:45:56.328Z","url":"/api/v1/predictions/generate"}
{"level":"info","message":"Request completed: POST /api/v1/predictions/generate [Status: 201] - 2419ms","method":"POST","requestId":"72260b2b-50c1-412a-835d-d1c126ceb860","timestamp":"2026-05-31T08:45:56.347Z","url":"/api/v1/predictions/generate"}
{"level":"info","message":"Client disconnected from WebSocket: EdLvEGGoWlJl2dNaAAAF","timestamp":"2026-05-31T09:00:41.568Z"}
{"level":"info","message":"Client connected to WebSocket: s4IR_dvyFV-ZcRAlAAAH","timestamp":"2026-05-31T09:00:44.134Z"}
{"level":"info","message":"Client disconnected from WebSocket: s4IR_dvyFV-ZcRAlAAAH","timestamp":"2026-05-31T09:00:45.190Z"}
{"level":"info","message":"Client connected to WebSocket: mvmBCier-dcKNvVLAAAK","timestamp":"2026-05-31T09:10:34.611Z"}
{"level":"info","message":"Client connected to WebSocket: 9ksyrjUVvtnt-FbbAAAL","timestamp":"2026-05-31T09:10:34.668Z"}
{"level":"info","message":"Client disconnected from WebSocket: mvmBCier-dcKNvVLAAAK","timestamp":"2026-05-31T09:10:35.505Z"}
{"level":"info","message":"Client disconnected from WebSocket: 9ksyrjUVvtnt-FbbAAAL","timestamp":"2026-05-31T09:10:38.869Z"}
{"level":"info","message":"Client connected to WebSocket: wvtWXkNyMz1_1IKgAAAN","timestamp":"2026-05-31T09:10:40.658Z"}
{"level":"info","message":"Incoming request: GET /api/v1/employees?page=1&limit=100","method":"GET","requestId":"0ba1c920-9f1f-4b3b-92c8-002e17657248","timestamp":"2026-05-31T09:10:41.718Z","url":"/api/v1/employees?page=1&limit=100"}
{"level":"info","message":"Request completed: GET /api/v1/employees?page=1&limit=100 [Status: 401] - 963ms","method":"GET","requestId":"0ba1c920-9f1f-4b3b-92c8-002e17657248","timestamp":"2026-05-31T09:10:42.678Z","url":"/api/v1/employees?page=1&limit=100"}
{"level":"info","message":"Incoming request: GET /api/v1/employees?page=1&limit=100","method":"GET","requestId":"17507cb8-202b-412f-842a-67776b8cbc8d","timestamp":"2026-05-31T09:10:42.786Z","url":"/api/v1/employees?page=1&limit=100"}
{"level":"info","message":"Request completed: GET /api/v1/employees?page=1&limit=100 [Status: 401] - 29ms","method":"GET","requestId":"17507cb8-202b-412f-842a-67776b8cbc8d","timestamp":"2026-05-31T09:10:42.812Z","url":"/api/v1/employees?page=1&limit=100"}
{"level":"info","message":"Incoming request: POST /api/v1/auth/refresh","method":"POST","requestId":"66d8b47b-57f2-4b3d-96df-c026253996bb","timestamp":"2026-05-31T09:10:42.934Z","url":"/api/v1/auth/refresh"}
{"level":"info","message":"Request completed: POST /api/v1/auth/refresh [Status: 404] - 135ms","method":"POST","requestId":"66d8b47b-57f2-4b3d-96df-c026253996bb","timestamp":"2026-05-31T09:10:43.069Z","url":"/api/v1/auth/refresh"}
{"level":"info","message":"Incoming request: POST /api/v1/auth/refresh","method":"POST","requestId":"32faba99-0346-4d01-9e6f-baa94ca24ae0","timestamp":"2026-05-31T09:10:43.095Z","url":"/api/v1/auth/refresh"}
{"level":"info","message":"Request completed: POST /api/v1/auth/refresh [Status: 404] - 10ms","method":"POST","requestId":"32faba99-0346-4d01-9e6f-baa94ca24ae0","timestamp":"2026-05-31T09:10:43.105Z","url":"/api/v1/auth/refresh"}
{"level":"info","message":"Client disconnected from WebSocket: wvtWXkNyMz1_1IKgAAAN","timestamp":"2026-05-31T09:10:43.202Z"}
{"level":"info","message":"Incoming request: POST /api/v1/auth/login","method":"POST","requestId":"93904c1f-d894-46da-a44e-95f106c21cda","timestamp":"2026-05-31T09:33:31.368Z","url":"/api/v1/auth/login"}
{"level":"info","message":"Request completed: POST /api/v1/auth/login [Status: 401] - 858ms","method":"POST","requestId":"93904c1f-d894-46da-a44e-95f106c21cda","timestamp":"2026-05-31T09:33:32.218Z","url":"/api/v1/auth/login"}
{"level":"info","message":"Server initialized successfully on port 5000","timestamp":"2026-05-31T10:02:57.779Z"}
{"level":"info","message":"MongoDB Connected: localhost","timestamp":"2026-05-31T10:02:57.838Z"}
{"level":"warn","message":"Redis reconnection limit exceeded. Staying in in-memory fallback mode.","timestamp":"2026-05-31T10:02:58.455Z"}
{"level":"info","message":"Incoming request: POST /api/v1/auth/login","method":"POST","requestId":"8d3b277c-e2ff-46b9-a89e-2af41aab19f6","timestamp":"2026-05-31T10:06:12.862Z","url":"/api/v1/auth/login"}
{"level":"info","message":"User admin@alphamatrix.com logged in successfully","method":"POST","requestId":"8d3b277c-e2ff-46b9-a89e-2af41aab19f6","timestamp":"2026-05-31T10:06:13.801Z","url":"/api/v1/auth/login"}
{"level":"info","message":"Request completed: POST /api/v1/auth/login [Status: 200] - 961ms","method":"POST","requestId":"8d3b277c-e2ff-46b9-a89e-2af41aab19f6","timestamp":"2026-05-31T10:06:13.821Z","url":"/api/v1/auth/login"}
{"level":"info","message":"Client connected to WebSocket: xMNXFDd0yZZ02ORrAAAB","timestamp":"2026-05-31T10:06:14.455Z"}
{"level":"info","message":"Client disconnected from WebSocket: xMNXFDd0yZZ02ORrAAAB","timestamp":"2026-05-31T10:06:23.650Z"}
{"level":"info","message":"Client connected to WebSocket: bwlSd3Cq64TL6PABAAAD","timestamp":"2026-05-31T10:06:25.927Z"}
{"level":"info","message":"Incoming request: GET /api/v1/analytics/dashboard?bypassCache=false","method":"GET","requestId":"adde132e-cc6d-481e-afd7-9bb55089150c","timestamp":"2026-05-31T10:06:27.311Z","url":"/api/v1/analytics/dashboard?bypassCache=false"}
{"level":"info","message":"Request completed: GET /api/v1/analytics/dashboard?bypassCache=false [Status: 200] - 360ms","method":"GET","requestId":"adde132e-cc6d-481e-afd7-9bb55089150c","timestamp":"2026-05-31T10:06:27.672Z","url":"/api/v1/analytics/dashboard?bypassCache=false"}
{"level":"info","message":"Incoming request: GET /api/v1/analytics/dashboard?bypassCache=false","method":"GET","requestId":"77b0694c-e96a-48fb-a72a-fb2288646419","timestamp":"2026-05-31T10:06:27.684Z","url":"/api/v1/analytics/dashboard?bypassCache=false"}
{"level":"info","message":"Request completed: GET /api/v1/analytics/dashboard?bypassCache=false [Status: 200] - 12ms","method":"GET","requestId":"77b0694c-e96a-48fb-a72a-fb2288646419","timestamp":"2026-05-31T10:06:27.696Z","url":"/api/v1/analytics/dashboard?bypassCache=false"}
{"level":"info","message":"Incoming request: GET /api/v1/analytics/performance?bypassCache=false","method":"GET","requestId":"fb8261be-c7d5-4d2f-bd8d-e7810b284a6a","timestamp":"2026-05-31T10:06:27.903Z","url":"/api/v1/analytics/performance?bypassCache=false"}
{"level":"info","message":"Request completed: GET /api/v1/analytics/performance?bypassCache=false [Status: 200] - 54ms","method":"GET","requestId":"fb8261be-c7d5-4d2f-bd8d-e7810b284a6a","timestamp":"2026-05-31T10:06:27.957Z","url":"/api/v1/analytics/performance?bypassCache=false"}
{"level":"info","message":"Incoming request: GET /api/v1/analytics/branches-comparison","method":"GET","requestId":"c1ac8802-f76e-491e-94a4-21d246d8dc94","timestamp":"2026-05-31T10:06:27.983Z","url":"/api/v1/analytics/branches-comparison"}
{"level":"info","message":"Incoming request: GET /api/v1/analytics/performance?bypassCache=false","method":"GET","requestId":"de67c942-749f-41ed-b481-87e041d28405","timestamp":"2026-05-31T10:06:27.993Z","url":"/api/v1/analytics/performance?bypassCache=false"}
{"level":"info","message":"Request completed: GET /api/v1/analytics/performance?bypassCache=false [Status: 200] - 11ms","method":"GET","requestId":"de67c942-749f-41ed-b481-87e041d28405","timestamp":"2026-05-31T10:06:28.004Z","url":"/api/v1/analytics/performance?bypassCache=false"}
{"level":"info","message":"Request completed: GET /api/v1/analytics/branches-comparison [Status: 200] - 91ms","method":"GET","requestId":"c1ac8802-f76e-491e-94a4-21d246d8dc94","timestamp":"2026-05-31T10:06:28.074Z","url":"/api/v1/analytics/branches-comparison"}
{"level":"info","message":"Incoming request: GET /api/v1/analytics/branches-comparison","method":"GET","requestId":"c5d695d1-36c3-48e6-8b53-0d73056d3f8f","timestamp":"2026-05-31T10:06:28.113Z","url":"/api/v1/analytics/branches-comparison"}
{"level":"info","message":"Request completed: GET /api/v1/analytics/branches-comparison [Status: 200] - 6ms","method":"GET","requestId":"c5d695d1-36c3-48e6-8b53-0d73056d3f8f","timestamp":"2026-05-31T10:06:28.119Z","url":"/api/v1/analytics/branches-comparison"}
{"level":"info","message":"Incoming request: GET /api/v1/predictions/history?limit=100","method":"GET","requestId":"10eecd6b-5baf-4c5f-977c-3f823455a6d6","timestamp":"2026-05-31T10:06:28.806Z","url":"/api/v1/predictions/history?limit=100"}
{"level":"info","message":"Request completed: GET /api/v1/predictions/history?limit=100 [Status: 200] - 85ms","method":"GET","requestId":"10eecd6b-5baf-4c5f-977c-3f823455a6d6","timestamp":"2026-05-31T10:06:28.891Z","url":"/api/v1/predictions/history?limit=100"}
{"level":"info","message":"Incoming request: GET /api/v1/predictions/history?limit=100","method":"GET","requestId":"062aa97a-2c92-4687-9204-095fa395de1c","timestamp":"2026-05-31T10:06:28.903Z","url":"/api/v1/predictions/history?limit=100"}
{"level":"info","message":"Request completed: GET /api/v1/predictions/history?limit=100 [Status: 304] - 48ms","method":"GET","requestId":"062aa97a-2c92-4687-9204-095fa395de1c","timestamp":"2026-05-31T10:06:28.951Z","url":"/api/v1/predictions/history?limit=100"}
{"level":"info","message":"Incoming request: GET /api/v1/analytics/dashboard?bypassCache=true","method":"GET","requestId":"0ca3d9b1-e0ce-4ba1-bb22-da0d7cdc9c56","timestamp":"2026-05-31T10:06:46.920Z","url":"/api/v1/analytics/dashboard?bypassCache=true"}
{"level":"info","message":"Request completed: GET /api/v1/analytics/dashboard?bypassCache=true [Status: 200] - 126ms","method":"GET","requestId":"0ca3d9b1-e0ce-4ba1-bb22-da0d7cdc9c56","timestamp":"2026-05-31T10:06:47.045Z","url":"/api/v1/analytics/dashboard?bypassCache=true"}
{"level":"info","message":"Incoming request: GET /api/v1/analytics/performance?bypassCache=true","method":"GET","requestId":"8441dacd-3480-4054-be14-3d9b7ed9d992","timestamp":"2026-05-31T10:06:47.123Z","url":"/api/v1/analytics/performance?bypassCache=true"}
{"level":"info","message":"Incoming request: GET /api/v1/analytics/branches-comparison","method":"GET","requestId":"747f8afa-32f1-4756-95ea-f3813fdd4f6f","timestamp":"2026-05-31T10:06:47.129Z","url":"/api/v1/analytics/branches-comparison"}
{"level":"info","message":"Request completed: GET /api/v1/analytics/branches-comparison [Status: 304] - 10ms","method":"GET","requestId":"747f8afa-32f1-4756-95ea-f3813fdd4f6f","timestamp":"2026-05-31T10:06:47.139Z","url":"/api/v1/analytics/branches-comparison"}
{"level":"info","message":"Request completed: GET /api/v1/analytics/performance?bypassCache=true [Status: 200] - 64ms","method":"GET","requestId":"8441dacd-3480-4054-be14-3d9b7ed9d992","timestamp":"2026-05-31T10:06:47.186Z","url":"/api/v1/analytics/performance?bypassCache=true"}
{"level":"info","message":"Incoming request: GET /api/v1/predictions/history?limit=100","method":"GET","requestId":"9b10e4cf-3a04-44e9-b40f-d8c16771fc40","timestamp":"2026-05-31T10:06:48.069Z","url":"/api/v1/predictions/history?limit=100"}
{"level":"info","message":"Request completed: GET /api/v1/predictions/history?limit=100 [Status: 304] - 62ms","method":"GET","requestId":"9b10e4cf-3a04-44e9-b40f-d8c16771fc40","timestamp":"2026-05-31T10:06:48.131Z","url":"/api/v1/predictions/history?limit=100"}
{"level":"info","message":"Incoming request: GET /api/v1/analytics/dashboard?bypassCache=true","method":"GET","requestId":"4f950441-4869-44b3-8324-c7ac33c35144","timestamp":"2026-05-31T10:06:51.311Z","url":"/api/v1/analytics/dashboard?bypassCache=true"}
{"level":"info","message":"Request completed: GET /api/v1/analytics/dashboard?bypassCache=true [Status: 304] - 299ms","method":"GET","requestId":"4f950441-4869-44b3-8324-c7ac33c35144","timestamp":"2026-05-31T10:06:51.610Z","url":"/api/v1/analytics/dashboard?bypassCache=true"}
{"level":"info","message":"Incoming request: GET /api/v1/analytics/performance?bypassCache=true","method":"GET","requestId":"ceb1ccb6-11d2-42af-a9b5-a0da921f551e","timestamp":"2026-05-31T10:06:51.623Z","url":"/api/v1/analytics/performance?bypassCache=true"}
{"level":"info","message":"Incoming request: GET /api/v1/analytics/branches-comparison","method":"GET","requestId":"7cae3dae-a6e1-4701-ba80-66e4f92a5130","timestamp":"2026-05-31T10:06:51.641Z","url":"/api/v1/analytics/branches-comparison"}
{"level":"info","message":"Request completed: GET /api/v1/analytics/branches-comparison [Status: 304] - 5ms","method":"GET","requestId":"7cae3dae-a6e1-4701-ba80-66e4f92a5130","timestamp":"2026-05-31T10:06:51.646Z","url":"/api/v1/analytics/branches-comparison"}
{"level":"info","message":"Request completed: GET /api/v1/analytics/performance?bypassCache=true [Status: 304] - 44ms","method":"GET","requestId":"ceb1ccb6-11d2-42af-a9b5-a0da921f551e","timestamp":"2026-05-31T10:06:51.667Z","url":"/api/v1/analytics/performance?bypassCache=true"}
{"level":"info","message":"Incoming request: GET /api/v1/predictions/history?limit=100","method":"GET","requestId":"03941f9b-b627-4c32-8a6e-74a95bd42178","timestamp":"2026-05-31T10:06:52.126Z","url":"/api/v1/predictions/history?limit=100"}
{"level":"info","message":"Request completed: GET /api/v1/predictions/history?limit=100 [Status: 304] - 57ms","method":"GET","requestId":"03941f9b-b627-4c32-8a6e-74a95bd42178","timestamp":"2026-05-31T10:06:52.183Z","url":"/api/v1/predictions/history?limit=100"}
{"level":"info","message":"Incoming request: GET /api/v1/analytics/dashboard?bypassCache=false","method":"GET","requestId":"1144c75e-3026-4c76-83dc-97df48de75c0","timestamp":"2026-05-31T10:07:03.461Z","url":"/api/v1/analytics/dashboard?bypassCache=false"}
{"level":"info","message":"Request completed: GET /api/v1/analytics/dashboard?bypassCache=false [Status: 304] - 5ms","method":"GET","requestId":"1144c75e-3026-4c76-83dc-97df48de75c0","timestamp":"2026-05-31T10:07:03.466Z","url":"/api/v1/analytics/dashboard?bypassCache=false"}
{"level":"info","message":"Incoming request: GET /api/v1/analytics/dashboard?bypassCache=false","method":"GET","requestId":"f2aea200-388e-4667-aa6c-85e59f9cf9b6","timestamp":"2026-05-31T10:07:03.473Z","url":"/api/v1/analytics/dashboard?bypassCache=false"}
{"level":"info","message":"Request completed: GET /api/v1/analytics/dashboard?bypassCache=false [Status: 304] - 3ms","method":"GET","requestId":"f2aea200-388e-4667-aa6c-85e59f9cf9b6","timestamp":"2026-05-31T10:07:03.476Z","url":"/api/v1/analytics/dashboard?bypassCache=false"}
{"level":"info","message":"Incoming request: GET /api/v1/analytics/performance?bypassCache=false","method":"GET","requestId":"696cbca8-407f-4156-a983-df39bf9f8fc8","timestamp":"2026-05-31T10:07:03.515Z","url":"/api/v1/analytics/performance?bypassCache=false"}
{"level":"info","message":"Request completed: GET /api/v1/analytics/performance?bypassCache=false [Status: 304] - 8ms","method":"GET","requestId":"696cbca8-407f-4156-a983-df39bf9f8fc8","timestamp":"2026-05-31T10:07:03.523Z","url":"/api/v1/analytics/performance?bypassCache=false"}
{"level":"info","message":"Incoming request: GET /api/v1/analytics/branches-comparison","method":"GET","requestId":"da0494d8-d3bc-484b-867b-afe84604718f","timestamp":"2026-05-31T10:07:03.535Z","url":"/api/v1/analytics/branches-comparison"}
{"level":"info","message":"Request completed: GET /api/v1/analytics/branches-comparison [Status: 304] - 4ms","method":"GET","requestId":"da0494d8-d3bc-484b-867b-afe84604718f","timestamp":"2026-05-31T10:07:03.539Z","url":"/api/v1/analytics/branches-comparison"}
{"level":"info","message":"Incoming request: GET /api/v1/analytics/performance?bypassCache=false","method":"GET","requestId":"f6a33dc4-3c01-40ef-92af-5151a7308614","timestamp":"2026-05-31T10:07:03.543Z","url":"/api/v1/analytics/performance?bypassCache=false"}
{"level":"info","message":"Request completed: GET /api/v1/analytics/performance?bypassCache=false [Status: 304] - 5ms","method":"GET","requestId":"f6a33dc4-3c01-40ef-92af-5151a7308614","timestamp":"2026-05-31T10:07:03.548Z","url":"/api/v1/analytics/performance?bypassCache=false"}
{"level":"info","message":"Incoming request: GET /api/v1/analytics/branches-comparison","method":"GET","requestId":"3a34b86c-5a8a-4060-8b41-d967b17ef50d","timestamp":"2026-05-31T10:07:03.550Z","url":"/api/v1/analytics/branches-comparison"}
{"level":"info","message":"Request completed: GET /api/v1/analytics/branches-comparison [Status: 304] - 3ms","method":"GET","requestId":"3a34b86c-5a8a-4060-8b41-d967b17ef50d","timestamp":"2026-05-31T10:07:03.553Z","url":"/api/v1/analytics/branches-comparison"}
{"level":"info","message":"Incoming request: GET /api/v1/predictions/history?limit=100","method":"GET","requestId":"43eacac8-1767-43b7-afaf-b94457a85be1","timestamp":"2026-05-31T10:07:03.659Z","url":"/api/v1/predictions/history?limit=100"}
{"level":"info","message":"Request completed: GET /api/v1/predictions/history?limit=100 [Status: 304] - 69ms","method":"GET","requestId":"43eacac8-1767-43b7-afaf-b94457a85be1","timestamp":"2026-05-31T10:07:03.729Z","url":"/api/v1/predictions/history?limit=100"}
{"level":"info","message":"Incoming request: GET /api/v1/predictions/history?limit=100","method":"GET","requestId":"d41f84f9-29e9-41e4-b132-6287fc0d8a7b","timestamp":"2026-05-31T10:07:03.799Z","url":"/api/v1/predictions/history?limit=100"}
{"level":"info","message":"Request completed: GET /api/v1/predictions/history?limit=100 [Status: 304] - 59ms","method":"GET","requestId":"d41f84f9-29e9-41e4-b132-6287fc0d8a7b","timestamp":"2026-05-31T10:07:03.858Z","url":"/api/v1/predictions/history?limit=100"}
{"level":"info","message":"Incoming request: GET /api/v1/analytics/dashboard?bypassCache=true","method":"GET","requestId":"5e66b379-0d26-44b0-b06b-1ae4efca115a","timestamp":"2026-05-31T10:07:15.471Z","url":"/api/v1/analytics/dashboard?bypassCache=true"}
{"level":"info","message":"Request completed: GET /api/v1/analytics/dashboard?bypassCache=true [Status: 304] - 76ms","method":"GET","requestId":"5e66b379-0d26-44b0-b06b-1ae4efca115a","timestamp":"2026-05-31T10:07:15.547Z","url":"/api/v1/analytics/dashboard?bypassCache=true"}
{"level":"info","message":"Incoming request: GET /api/v1/analytics/performance?bypassCache=true","method":"GET","requestId":"d63b8067-62fd-4825-a9be-8d015d41bbc0","timestamp":"2026-05-31T10:07:15.594Z","url":"/api/v1/analytics/performance?bypassCache=true"}
{"level":"info","message":"Incoming request: GET /api/v1/analytics/branches-comparison","method":"GET","requestId":"97ade98d-5bfa-43ff-956b-7bf73eb92241","timestamp":"2026-05-31T10:07:15.601Z","url":"/api/v1/analytics/branches-comparison"}
{"level":"info","message":"Request completed: GET /api/v1/analytics/branches-comparison [Status: 304] - 5ms","method":"GET","requestId":"97ade98d-5bfa-43ff-956b-7bf73eb92241","timestamp":"2026-05-31T10:07:15.606Z","url":"/api/v1/analytics/branches-comparison"}
{"level":"info","message":"Request completed: GET /api/v1/analytics/performance?bypassCache=true [Status: 304] - 47ms","method":"GET","requestId":"d63b8067-62fd-4825-a9be-8d015d41bbc0","timestamp":"2026-05-31T10:07:15.641Z","url":"/api/v1/analytics/performance?bypassCache=true"}
{"level":"info","message":"Incoming request: GET /api/v1/predictions/history?limit=100","method":"GET","requestId":"1fef6cf9-e588-4d7a-98a7-e77af640525b","timestamp":"2026-05-31T10:07:16.109Z","url":"/api/v1/predictions/history?limit=100"}
{"level":"info","message":"Request completed: GET /api/v1/predictions/history?limit=100 [Status: 304] - 52ms","method":"GET","requestId":"1fef6cf9-e588-4d7a-98a7-e77af640525b","timestamp":"2026-05-31T10:07:16.161Z","url":"/api/v1/predictions/history?limit=100"}
{"level":"info","message":"Incoming request: GET /api/v1/analytics/dashboard?bypassCache=false","method":"GET","requestId":"e58e6966-ea1a-448d-a2f8-2f76b94f2121","timestamp":"2026-05-31T10:07:26.782Z","url":"/api/v1/analytics/dashboard?bypassCache=false"}
{"level":"info","message":"Request completed: GET /api/v1/analytics/dashboard?bypassCache=false [Status: 304] - 46ms","method":"GET","requestId":"e58e6966-ea1a-448d-a2f8-2f76b94f2121","timestamp":"2026-05-31T10:07:26.828Z","url":"/api/v1/analytics/dashboard?bypassCache=false"}
{"level":"info","message":"Incoming request: GET /api/v1/analytics/dashboard?bypassCache=false","method":"GET","requestId":"7093eb41-41c6-4e84-8c93-c70adbfcc46b","timestamp":"2026-05-31T10:07:26.833Z","url":"/api/v1/analytics/dashboard?bypassCache=false"}
{"level":"info","message":"Request completed: GET /api/v1/analytics/dashboard?bypassCache=false [Status: 304] - 5ms","method":"GET","requestId":"7093eb41-41c6-4e84-8c93-c70adbfcc46b","timestamp":"2026-05-31T10:07:26.838Z","url":"/api/v1/analytics/dashboard?bypassCache=false"}
{"level":"info","message":"Incoming request: GET /api/v1/analytics/performance?bypassCache=false","method":"GET","requestId":"0049f100-dfb0-4c22-a292-b022f94beeac","timestamp":"2026-05-31T10:07:27.011Z","url":"/api/v1/analytics/performance?bypassCache=false"}
{"level":"info","message":"Request completed: GET /api/v1/analytics/performance?bypassCache=false [Status: 304] - 7ms","method":"GET","requestId":"0049f100-dfb0-4c22-a292-b022f94beeac","timestamp":"2026-05-31T10:07:27.018Z","url":"/api/v1/analytics/performance?bypassCache=false"}
{"level":"info","message":"Incoming request: GET /api/v1/analytics/branches-comparison","method":"GET","requestId":"bd71f365-c9a6-40fd-b422-b847df543e9a","timestamp":"2026-05-31T10:07:27.019Z","url":"/api/v1/analytics/branches-comparison"}
{"level":"info","message":"Request completed: GET /api/v1/analytics/branches-comparison [Status: 304] - 5ms","method":"GET","requestId":"bd71f365-c9a6-40fd-b422-b847df543e9a","timestamp":"2026-05-31T10:07:27.024Z","url":"/api/v1/analytics/branches-comparison"}
{"level":"info","message":"Incoming request: GET /api/v1/analytics/performance?bypassCache=false","method":"GET","requestId":"98a79fbb-fccd-4615-963c-f7bc2a9d5de5","timestamp":"2026-05-31T10:07:27.111Z","url":"/api/v1/analytics/performance?bypassCache=false"}
{"level":"info","message":"Request completed: GET /api/v1/analytics/performance?bypassCache=false [Status: 304] - 4ms","method":"GET","requestId":"98a79fbb-fccd-4615-963c-f7bc2a9d5de5","timestamp":"2026-05-31T10:07:27.115Z","url":"/api/v1/analytics/performance?bypassCache=false"}
{"level":"info","message":"Incoming request: GET /api/v1/analytics/branches-comparison","method":"GET","requestId":"59ba2259-b10d-4327-ae34-cce5bf21ffce","timestamp":"2026-05-31T10:07:27.120Z","url":"/api/v1/analytics/branches-comparison"}
{"level":"info","message":"Request completed: GET /api/v1/analytics/branches-comparison [Status: 304] - 4ms","method":"GET","requestId":"59ba2259-b10d-4327-ae34-cce5bf21ffce","timestamp":"2026-05-31T10:07:27.124Z","url":"/api/v1/analytics/branches-comparison"}
{"level":"info","message":"Incoming request: GET /api/v1/predictions/history?limit=100","method":"GET","requestId":"6e76e0de-ce40-405b-be29-e60549654197","timestamp":"2026-05-31T10:07:27.145Z","url":"/api/v1/predictions/history?limit=100"}
{"level":"info","message":"Request completed: GET /api/v1/predictions/history?limit=100 [Status: 304] - 59ms","method":"GET","requestId":"6e76e0de-ce40-405b-be29-e60549654197","timestamp":"2026-05-31T10:07:27.204Z","url":"/api/v1/predictions/history?limit=100"}
{"level":"info","message":"Incoming request: GET /api/v1/predictions/history?limit=100","method":"GET","requestId":"6b6c2a63-abfc-4a5d-befe-25d52c4a945d","timestamp":"2026-05-31T10:07:31.025Z","url":"/api/v1/predictions/history?limit=100"}
{"level":"info","message":"Request completed: GET /api/v1/predictions/history?limit=100 [Status: 304] - 54ms","method":"GET","requestId":"6b6c2a63-abfc-4a5d-befe-25d52c4a945d","timestamp":"2026-05-31T10:07:31.079Z","url":"/api/v1/predictions/history?limit=100"}
{"level":"info","message":"Incoming request: GET /api/v1/analytics/dashboard?bypassCache=true","method":"GET","requestId":"a4d284bc-20d9-47d6-95b9-67f91e68b282","timestamp":"2026-05-31T10:07:38.726Z","url":"/api/v1/analytics/dashboard?bypassCache=true"}
{"level":"info","message":"Request completed: GET /api/v1/analytics/dashboard?bypassCache=true [Status: 304] - 98ms","method":"GET","requestId":"a4d284bc-20d9-47d6-95b9-67f91e68b282","timestamp":"2026-05-31T10:07:38.824Z","url":"/api/v1/analytics/dashboard?bypassCache=true"}
{"level":"info","message":"Incoming request: GET /api/v1/analytics/performance?bypassCache=true","method":"GET","requestId":"de789df7-bd78-4293-8f0f-88990942a481","timestamp":"2026-05-31T10:07:38.865Z","url":"/api/v1/analytics/performance?bypassCache=true"}
{"level":"info","message":"Incoming request: GET /api/v1/analytics/branches-comparison","method":"GET","requestId":"3d11d13c-0352-4639-802b-dede384a0502","timestamp":"2026-05-31T10:07:38.871Z","url":"/api/v1/analytics/branches-comparison"}
{"level":"info","message":"Request completed: GET /api/v1/analytics/branches-comparison [Status: 304] - 4ms","method":"GET","requestId":"3d11d13c-0352-4639-802b-dede384a0502","timestamp":"2026-05-31T10:07:38.876Z","url":"/api/v1/analytics/branches-comparison"}
{"level":"info","message":"Request completed: GET /api/v1/analytics/performance?bypassCache=true [Status: 304] - 43ms","method":"GET","requestId":"de789df7-bd78-4293-8f0f-88990942a481","timestamp":"2026-05-31T10:07:38.908Z","url":"/api/v1/analytics/performance?bypassCache=true"}
{"level":"info","message":"Incoming request: GET /api/v1/predictions/history?limit=100","method":"GET","requestId":"78ea8a79-75ad-4e4c-b067-77b55555ec75","timestamp":"2026-05-31T10:07:39.337Z","url":"/api/v1/predictions/history?limit=100"}
{"level":"info","message":"Request completed: GET /api/v1/predictions/history?limit=100 [Status: 304] - 50ms","method":"GET","requestId":"78ea8a79-75ad-4e4c-b067-77b55555ec75","timestamp":"2026-05-31T10:07:39.386Z","url":"/api/v1/predictions/history?limit=100"}
{"level":"info","message":"Incoming request: GET /api/v1/analytics/dashboard?bypassCache=false","method":"GET","requestId":"20bafb30-b326-47f2-8d77-d6b1c50c00de","timestamp":"2026-05-31T10:07:48.862Z","url":"/api/v1/analytics/dashboard?bypassCache=false"}
{"level":"info","message":"Request completed: GET /api/v1/analytics/dashboard?bypassCache=false [Status: 304] - 5ms","method":"GET","requestId":"20bafb30-b326-47f2-8d77-d6b1c50c00de","timestamp":"2026-05-31T10:07:48.867Z","url":"/api/v1/analytics/dashboard?bypassCache=false"}
{"level":"info","message":"Incoming request: GET /api/v1/analytics/dashboard?bypassCache=false","method":"GET","requestId":"79960e01-4152-41fc-ad8b-42dd3fa9586f","timestamp":"2026-05-31T10:07:48.878Z","url":"/api/v1/analytics/dashboard?bypassCache=false"}
{"level":"info","message":"Request completed: GET /api/v1/analytics/dashboard?bypassCache=false [Status: 304] - 5ms","method":"GET","requestId":"79960e01-4152-41fc-ad8b-42dd3fa9586f","timestamp":"2026-05-31T10:07:48.883Z","url":"/api/v1/analytics/dashboard?bypassCache=false"}
{"level":"info","message":"Incoming request: GET /api/v1/analytics/performance?bypassCache=false","method":"GET","requestId":"73b9805d-884b-42c5-af3d-3f64cc7f389b","timestamp":"2026-05-31T10:07:48.917Z","url":"/api/v1/analytics/performance?bypassCache=false"}
{"level":"info","message":"Request completed: GET /api/v1/analytics/performance?bypassCache=false [Status: 304] - 10ms","method":"GET","requestId":"73b9805d-884b-42c5-af3d-3f64cc7f389b","timestamp":"2026-05-31T10:07:48.927Z","url":"/api/v1/analytics/performance?bypassCache=false"}
{"level":"info","message":"Incoming request: GET /api/v1/analytics/branches-comparison","method":"GET","requestId":"58cb82c1-658a-48b0-bade-9f0aa6e90041","timestamp":"2026-05-31T10:07:48.932Z","url":"/api/v1/analytics/branches-comparison"}
{"level":"info","message":"Request completed: GET /api/v1/analytics/branches-comparison [Status: 304] - 5ms","method":"GET","requestId":"58cb82c1-658a-48b0-bade-9f0aa6e90041","timestamp":"2026-05-31T10:07:48.937Z","url":"/api/v1/analytics/branches-comparison"}
{"level":"info","message":"Incoming request: GET /api/v1/analytics/performance?bypassCache=false","method":"GET","requestId":"09e08d85-fa02-409d-a947-f0ac4d629729","timestamp":"2026-05-31T10:07:48.946Z","url":"/api/v1/analytics/performance?bypassCache=false"}
{"level":"info","message":"Request completed: GET /api/v1/analytics/performance?bypassCache=false [Status: 304] - 4ms","method":"GET","requestId":"09e08d85-fa02-409d-a947-f0ac4d629729","timestamp":"2026-05-31T10:07:48.950Z","url":"/api/v1/analytics/performance?bypassCache=false"}
{"level":"info","message":"Incoming request: GET /api/v1/analytics/branches-comparison","method":"GET","requestId":"e8a71e18-4bd9-4ff3-8c4a-afe24366273b","timestamp":"2026-05-31T10:07:48.955Z","url":"/api/v1/analytics/branches-comparison"}
{"level":"info","message":"Request completed: GET /api/v1/analytics/branches-comparison [Status: 304] - 7ms","method":"GET","requestId":"e8a71e18-4bd9-4ff3-8c4a-afe24366273b","timestamp":"2026-05-31T10:07:48.962Z","url":"/api/v1/analytics/branches-comparison"}
{"level":"info","message":"Incoming request: GET /api/v1/predictions/history?limit=100","method":"GET","requestId":"8500445c-b06c-45b7-965b-e903c487c0c1","timestamp":"2026-05-31T10:07:49.130Z","url":"/api/v1/predictions/history?limit=100"}
{"level":"info","message":"Request completed: GET /api/v1/predictions/history?limit=100 [Status: 304] - 57ms","method":"GET","requestId":"8500445c-b06c-45b7-965b-e903c487c0c1","timestamp":"2026-05-31T10:07:49.187Z","url":"/api/v1/predictions/history?limit=100"}
{"level":"info","message":"Incoming request: GET /api/v1/predictions/history?limit=100","method":"GET","requestId":"3223b8b4-0c8e-48fd-aebb-88baa324cbcc","timestamp":"2026-05-31T10:07:54.392Z","url":"/api/v1/predictions/history?limit=100"}
{"level":"info","message":"Request completed: GET /api/v1/predictions/history?limit=100 [Status: 304] - 46ms","method":"GET","requestId":"3223b8b4-0c8e-48fd-aebb-88baa324cbcc","timestamp":"2026-05-31T10:07:54.438Z","url":"/api/v1/predictions/history?limit=100"}
{"level":"info","message":"Incoming request: GET /api/v1/analytics/dashboard?bypassCache=true","method":"GET","requestId":"0d537d45-70d8-4a15-bb13-4aed0b932100","timestamp":"2026-05-31T10:08:00.891Z","url":"/api/v1/analytics/dashboard?bypassCache=true"}
{"level":"info","message":"Request completed: GET /api/v1/analytics/dashboard?bypassCache=true [Status: 304] - 94ms","method":"GET","requestId":"0d537d45-70d8-4a15-bb13-4aed0b932100","timestamp":"2026-05-31T10:08:00.985Z","url":"/api/v1/analytics/dashboard?bypassCache=true"}
{"level":"info","message":"Incoming request: GET /api/v1/analytics/performance?bypassCache=true","method":"GET","requestId":"74425b65-6c56-4cf9-9401-751cf3085538","timestamp":"2026-05-31T10:08:01.045Z","url":"/api/v1/analytics/performance?bypassCache=true"}
{"level":"info","message":"Incoming request: GET /api/v1/analytics/branches-comparison","method":"GET","requestId":"1aa91648-3d8d-405d-ae18-5bc1c0529345","timestamp":"2026-05-31T10:08:01.069Z","url":"/api/v1/analytics/branches-comparison"}
{"level":"info","message":"Request completed: GET /api/v1/analytics/branches-comparison [Status: 304] - 8ms","method":"GET","requestId":"1aa91648-3d8d-405d-ae18-5bc1c0529345","timestamp":"2026-05-31T10:08:01.077Z","url":"/api/v1/analytics/branches-comparison"}
{"level":"info","message":"Request completed: GET /api/v1/analytics/performance?bypassCache=true [Status: 304] - 45ms","method":"GET","requestId":"74425b65-6c56-4cf9-9401-751cf3085538","timestamp":"2026-05-31T10:08:01.090Z","url":"/api/v1/analytics/performance?bypassCache=true"}
{"level":"info","message":"Incoming request: GET /api/v1/predictions/history?limit=100","method":"GET","requestId":"130933e9-29a7-470b-b365-e35a586ed044","timestamp":"2026-05-31T10:08:01.602Z","url":"/api/v1/predictions/history?limit=100"}
{"level":"info","message":"Request completed: GET /api/v1/predictions/history?limit=100 [Status: 304] - 68ms","method":"GET","requestId":"130933e9-29a7-470b-b365-e35a586ed044","timestamp":"2026-05-31T10:08:01.670Z","url":"/api/v1/predictions/history?limit=100"}
{"level":"info","message":"Incoming request: GET /api/v1/analytics/dashboard?bypassCache=true","method":"GET","requestId":"7788db1d-7f21-4d8d-bb05-6cd25a1c624e","timestamp":"2026-05-31T10:08:12.919Z","url":"/api/v1/analytics/dashboard?bypassCache=true"}
{"level":"info","message":"Request completed: GET /api/v1/analytics/dashboard?bypassCache=true [Status: 304] - 94ms","method":"GET","requestId":"7788db1d-7f21-4d8d-bb05-6cd25a1c624e","timestamp":"2026-05-31T10:08:13.013Z","url":"/api/v1/analytics/dashboard?bypassCache=true"}
{"level":"info","message":"Incoming request: GET /api/v1/analytics/performance?bypassCache=true","method":"GET","requestId":"45b91209-49f4-425d-bbff-122670d94bbd","timestamp":"2026-05-31T10:08:13.100Z","url":"/api/v1/analytics/performance?bypassCache=true"}
{"level":"info","message":"Request completed: GET /api/v1/analytics/performance?bypassCache=true [Status: 304] - 29ms","method":"GET","requestId":"45b91209-49f4-425d-bbff-122670d94bbd","timestamp":"2026-05-31T10:08:13.129Z","url":"/api/v1/analytics/performance?bypassCache=true"}
{"level":"info","message":"Incoming request: GET /api/v1/analytics/branches-comparison","method":"GET","requestId":"75ff7c3e-59e0-43f9-9261-038098e8ec82","timestamp":"2026-05-31T10:08:13.130Z","url":"/api/v1/analytics/branches-comparison"}
{"level":"info","message":"Request completed: GET /api/v1/analytics/branches-comparison [Status: 304] - 6ms","method":"GET","requestId":"75ff7c3e-59e0-43f9-9261-038098e8ec82","timestamp":"2026-05-31T10:08:13.136Z","url":"/api/v1/analytics/branches-comparison"}
{"level":"info","message":"Incoming request: GET /api/v1/predictions/history?limit=100","method":"GET","requestId":"23168453-09d8-4a8f-a164-e0ee9db0e28d","timestamp":"2026-05-31T10:08:14.223Z","url":"/api/v1/predictions/history?limit=100"}
{"level":"info","message":"Request completed: GET /api/v1/predictions/history?limit=100 [Status: 304] - 51ms","method":"GET","requestId":"23168453-09d8-4a8f-a164-e0ee9db0e28d","timestamp":"2026-05-31T10:08:14.274Z","url":"/api/v1/predictions/history?limit=100"}
{"level":"info","message":"Incoming request: GET /api/v1/analytics/dashboard?bypassCache=false","method":"GET","requestId":"644c3d6a-b764-4b7e-9554-78d82c67a3a4","timestamp":"2026-05-31T10:08:20.349Z","url":"/api/v1/analytics/dashboard?bypassCache=false"}
{"level":"info","message":"Request completed: GET /api/v1/analytics/dashboard?bypassCache=false [Status: 304] - 5ms","method":"GET","requestId":"644c3d6a-b764-4b7e-9554-78d82c67a3a4","timestamp":"2026-05-31T10:08:20.354Z","url":"/api/v1/analytics/dashboard?bypassCache=false"}
{"level":"info","message":"Incoming request: GET /api/v1/analytics/dashboard?bypassCache=false","method":"GET","requestId":"f6e5de09-0957-4398-879f-a2a9013ce133","timestamp":"2026-05-31T10:08:20.363Z","url":"/api/v1/analytics/dashboard?bypassCache=false"}
{"level":"info","message":"Request completed: GET /api/v1/analytics/dashboard?bypassCache=false [Status: 304] - 4ms","method":"GET","requestId":"f6e5de09-0957-4398-879f-a2a9013ce133","timestamp":"2026-05-31T10:08:20.367Z","url":"/api/v1/analytics/dashboard?bypassCache=false"}
{"level":"info","message":"Incoming request: GET /api/v1/analytics/performance?bypassCache=false","method":"GET","requestId":"bb81eb48-cb47-4c4e-a080-eeb99ee4ee32","timestamp":"2026-05-31T10:08:20.394Z","url":"/api/v1/analytics/performance?bypassCache=false"}
{"level":"info","message":"Request completed: GET /api/v1/analytics/performance?bypassCache=false [Status: 304] - 5ms","method":"GET","requestId":"bb81eb48-cb47-4c4e-a080-eeb99ee4ee32","timestamp":"2026-05-31T10:08:20.399Z","url":"/api/v1/analytics/performance?bypassCache=false"}
{"level":"info","message":"Incoming request: GET /api/v1/analytics/branches-comparison","method":"GET","requestId":"59b1afbb-9c2c-4cc5-ab19-d3e4192a6b4b","timestamp":"2026-05-31T10:08:20.412Z","url":"/api/v1/analytics/branches-comparison"}
{"level":"info","message":"Request completed: GET /api/v1/analytics/branches-comparison [Status: 304] - 5ms","method":"GET","requestId":"59b1afbb-9c2c-4cc5-ab19-d3e4192a6b4b","timestamp":"2026-05-31T10:08:20.417Z","url":"/api/v1/analytics/branches-comparison"}
{"level":"info","message":"Incoming request: GET /api/v1/analytics/performance?bypassCache=false","method":"GET","requestId":"36d0e5d8-cdd8-4e32-900d-122a63fcc280","timestamp":"2026-05-31T10:08:20.420Z","url":"/api/v1/analytics/performance?bypassCache=false"}
{"level":"info","message":"Request completed: GET /api/v1/analytics/performance?bypassCache=false [Status: 304] - 7ms","method":"GET","requestId":"36d0e5d8-cdd8-4e32-900d-122a63fcc280","timestamp":"2026-05-31T10:08:20.428Z","url":"/api/v1/analytics/performance?bypassCache=false"}
{"level":"info","message":"Incoming request: GET /api/v1/analytics/branches-comparison","method":"GET","requestId":"3c0a882c-29b3-4aa5-8299-439f49b0e35b","timestamp":"2026-05-31T10:08:20.431Z","url":"/api/v1/analytics/branches-comparison"}
{"level":"info","message":"Request completed: GET /api/v1/analytics/branches-comparison [Status: 304] - 4ms","method":"GET","requestId":"3c0a882c-29b3-4aa5-8299-439f49b0e35b","timestamp":"2026-05-31T10:08:20.435Z","url":"/api/v1/analytics/branches-comparison"}
{"level":"info","message":"Incoming request: GET /api/v1/predictions/history?limit=100","method":"GET","requestId":"24796f78-d3ee-492e-9a68-6ecca85ad3b0","timestamp":"2026-05-31T10:08:20.712Z","url":"/api/v1/predictions/history?limit=100"}
{"level":"info","message":"Request completed: GET /api/v1/predictions/history?limit=100 [Status: 304] - 47ms","method":"GET","requestId":"24796f78-d3ee-492e-9a68-6ecca85ad3b0","timestamp":"2026-05-31T10:08:20.759Z","url":"/api/v1/predictions/history?limit=100"}
{"level":"info","message":"Incoming request: GET /api/v1/predictions/history?limit=100","method":"GET","requestId":"c81bd73c-b86d-407c-a6ef-7fe22a5883b7","timestamp":"2026-05-31T10:08:20.781Z","url":"/api/v1/predictions/history?limit=100"}
{"level":"info","message":"Request completed: GET /api/v1/predictions/history?limit=100 [Status: 304] - 51ms","method":"GET","requestId":"c81bd73c-b86d-407c-a6ef-7fe22a5883b7","timestamp":"2026-05-31T10:08:20.832Z","url":"/api/v1/predictions/history?limit=100"}
{"level":"info","message":"Incoming request: GET /api/v1/analytics/dashboard?bypassCache=true","method":"GET","requestId":"347fcd6b-5818-4662-9f55-543b41c5dcd2","timestamp":"2026-05-31T10:08:32.375Z","url":"/api/v1/analytics/dashboard?bypassCache=true"}
{"level":"info","message":"Request completed: GET /api/v1/analytics/dashboard?bypassCache=true [Status: 304] - 74ms","method":"GET","requestId":"347fcd6b-5818-4662-9f55-543b41c5dcd2","timestamp":"2026-05-31T10:08:32.449Z","url":"/api/v1/analytics/dashboard?bypassCache=true"}
{"level":"info","message":"Incoming request: GET /api/v1/analytics/performance?bypassCache=true","method":"GET","requestId":"d0e00c09-94e6-4d09-a5bd-428547cde630","timestamp":"2026-05-31T10:08:32.472Z","url":"/api/v1/analytics/performance?bypassCache=true"}
{"level":"info","message":"Incoming request: GET /api/v1/analytics/branches-comparison","method":"GET","requestId":"97560b7a-c403-4f77-a858-6ade5672a15d","timestamp":"2026-05-31T10:08:32.499Z","url":"/api/v1/analytics/branches-comparison"}
{"level":"info","message":"Request completed: GET /api/v1/analytics/branches-comparison [Status: 304] - 7ms","method":"GET","requestId":"97560b7a-c403-4f77-a858-6ade5672a15d","timestamp":"2026-05-31T10:08:32.506Z","url":"/api/v1/analytics/branches-comparison"}
{"level":"info","message":"Request completed: GET /api/v1/analytics/performance?bypassCache=true [Status: 304] - 38ms","method":"GET","requestId":"d0e00c09-94e6-4d09-a5bd-428547cde630","timestamp":"2026-05-31T10:08:32.510Z","url":"/api/v1/analytics/performance?bypassCache=true"}
{"level":"info","message":"Incoming request: GET /api/v1/predictions/history?limit=100","method":"GET","requestId":"a8d65aeb-248c-449f-bc8e-948b2f78a900","timestamp":"2026-05-31T10:08:32.916Z","url":"/api/v1/predictions/history?limit=100"}
{"level":"info","message":"Request completed: GET /api/v1/predictions/history?limit=100 [Status: 304] - 48ms","method":"GET","requestId":"a8d65aeb-248c-449f-bc8e-948b2f78a900","timestamp":"2026-05-31T10:08:32.964Z","url":"/api/v1/predictions/history?limit=100"}
{"level":"info","message":"Incoming request: GET /api/v1/analytics/dashboard?bypassCache=false","method":"GET","requestId":"a662058f-5f55-4395-b411-aa13e77643d5","timestamp":"2026-05-31T10:08:42.530Z","url":"/api/v1/analytics/dashboard?bypassCache=false"}
{"level":"info","message":"Request completed: GET /api/v1/analytics/dashboard?bypassCache=false [Status: 304] - 6ms","method":"GET","requestId":"a662058f-5f55-4395-b411-aa13e77643d5","timestamp":"2026-05-31T10:08:42.535Z","url":"/api/v1/analytics/dashboard?bypassCache=false"}
{"level":"info","message":"Incoming request: GET /api/v1/analytics/dashboard?bypassCache=false","method":"GET","requestId":"3860a00d-bce3-4935-a49e-0fc97f62b12b","timestamp":"2026-05-31T10:08:42.543Z","url":"/api/v1/analytics/dashboard?bypassCache=false"}
{"level":"info","message":"Request completed: GET /api/v1/analytics/dashboard?bypassCache=false [Status: 304] - 4ms","method":"GET","requestId":"3860a00d-bce3-4935-a49e-0fc97f62b12b","timestamp":"2026-05-31T10:08:42.547Z","url":"/api/v1/analytics/dashboard?bypassCache=false"}
{"level":"info","message":"Incoming request: GET /api/v1/analytics/performance?bypassCache=false","method":"GET","requestId":"6f978f5f-a81a-44e7-879e-4ee0e4783a81","timestamp":"2026-05-31T10:08:42.574Z","url":"/api/v1/analytics/performance?bypassCache=false"}
{"level":"info","message":"Request completed: GET /api/v1/analytics/performance?bypassCache=false [Status: 304] - 5ms","method":"GET","requestId":"6f978f5f-a81a-44e7-879e-4ee0e4783a81","timestamp":"2026-05-31T10:08:42.580Z","url":"/api/v1/analytics/performance?bypassCache=false"}
{"level":"info","message":"Incoming request: GET /api/v1/analytics/branches-comparison","method":"GET","requestId":"cf150213-2e9e-4496-8794-f568ff1f4db5","timestamp":"2026-05-31T10:08:42.805Z","url":"/api/v1/analytics/branches-comparison"}
{"level":"info","message":"Request completed: GET /api/v1/analytics/branches-comparison [Status: 304] - 6ms","method":"GET","requestId":"cf150213-2e9e-4496-8794-f568ff1f4db5","timestamp":"2026-05-31T10:08:42.811Z","url":"/api/v1/analytics/branches-comparison"}
{"level":"info","message":"Incoming request: GET /api/v1/analytics/performance?bypassCache=false","method":"GET","requestId":"f4a675ca-f204-4186-815a-bb4514732f6b","timestamp":"2026-05-31T10:08:43.256Z","url":"/api/v1/analytics/performance?bypassCache=false"}
{"level":"info","message":"Request completed: GET /api/v1/analytics/performance?bypassCache=false [Status: 304] - 5ms","method":"GET","requestId":"f4a675ca-f204-4186-815a-bb4514732f6b","timestamp":"2026-05-31T10:08:43.261Z","url":"/api/v1/analytics/performance?bypassCache=false"}
{"level":"info","message":"Incoming request: GET /api/v1/analytics/branches-comparison","method":"GET","requestId":"b7cd4443-4599-4785-bba3-41da73f2f379","timestamp":"2026-05-31T10:08:43.262Z","url":"/api/v1/analytics/branches-comparison"}
{"level":"info","message":"Request completed: GET /api/v1/analytics/branches-comparison [Status: 304] - 5ms","method":"GET","requestId":"b7cd4443-4599-4785-bba3-41da73f2f379","timestamp":"2026-05-31T10:08:43.267Z","url":"/api/v1/analytics/branches-comparison"}
{"level":"info","message":"Incoming request: GET /api/v1/predictions/history?limit=100","method":"GET","requestId":"652b126c-d773-4e24-8ecc-bb8eb23e4285","timestamp":"2026-05-31T10:08:43.457Z","url":"/api/v1/predictions/history?limit=100"}
{"level":"info","message":"Request completed: GET /api/v1/predictions/history?limit=100 [Status: 304] - 43ms","method":"GET","requestId":"652b126c-d773-4e24-8ecc-bb8eb23e4285","timestamp":"2026-05-31T10:08:43.500Z","url":"/api/v1/predictions/history?limit=100"}
{"level":"info","message":"Incoming request: GET /api/v1/predictions/history?limit=100","method":"GET","requestId":"c0ab7bef-061a-402c-80fc-dd9e94ba52e5","timestamp":"2026-05-31T10:08:43.506Z","url":"/api/v1/predictions/history?limit=100"}
{"level":"info","message":"Request completed: GET /api/v1/predictions/history?limit=100 [Status: 304] - 40ms","method":"GET","requestId":"c0ab7bef-061a-402c-80fc-dd9e94ba52e5","timestamp":"2026-05-31T10:08:43.546Z","url":"/api/v1/predictions/history?limit=100"}
{"level":"info","message":"Incoming request: GET /api/v1/analytics/dashboard?bypassCache=true","method":"GET","requestId":"1986e346-afdb-4ec1-9864-63a1c2859176","timestamp":"2026-05-31T10:08:54.649Z","url":"/api/v1/analytics/dashboard?bypassCache=true"}
{"level":"info","message":"Request completed: GET /api/v1/analytics/dashboard?bypassCache=true [Status: 304] - 93ms","method":"GET","requestId":"1986e346-afdb-4ec1-9864-63a1c2859176","timestamp":"2026-05-31T10:08:54.742Z","url":"/api/v1/analytics/dashboard?bypassCache=true"}
{"level":"info","message":"Incoming request: GET /api/v1/analytics/performance?bypassCache=true","method":"GET","requestId":"2a677964-43da-49d2-9570-c56f05c49ed7","timestamp":"2026-05-31T10:08:54.804Z","url":"/api/v1/analytics/performance?bypassCache=true"}
{"level":"info","message":"Request completed: GET /api/v1/analytics/performance?bypassCache=true [Status: 304] - 38ms","method":"GET","requestId":"2a677964-43da-49d2-9570-c56f05c49ed7","timestamp":"2026-05-31T10:08:54.842Z","url":"/api/v1/analytics/performance?bypassCache=true"}
{"level":"info","message":"Incoming request: GET /api/v1/analytics/branches-comparison","method":"GET","requestId":"8264eca4-6d64-4918-86ef-19c83e38b3da","timestamp":"2026-05-31T10:08:54.868Z","url":"/api/v1/analytics/branches-comparison"}
{"level":"info","message":"Request completed: GET /api/v1/analytics/branches-comparison [Status: 304] - 7ms","method":"GET","requestId":"8264eca4-6d64-4918-86ef-19c83e38b3da","timestamp":"2026-05-31T10:08:54.875Z","url":"/api/v1/analytics/branches-comparison"}
{"level":"info","message":"Incoming request: GET /api/v1/predictions/history?limit=100","method":"GET","requestId":"aa7d2d7d-a412-4895-8b8a-4f299b78cc9d","timestamp":"2026-05-31T10:08:55.417Z","url":"/api/v1/predictions/history?limit=100"}
{"level":"info","message":"Request completed: GET /api/v1/predictions/history?limit=100 [Status: 304] - 73ms","method":"GET","requestId":"aa7d2d7d-a412-4895-8b8a-4f299b78cc9d","timestamp":"2026-05-31T10:08:55.490Z","url":"/api/v1/predictions/history?limit=100"}
{"level":"info","message":"Incoming request: GET /api/v1/analytics/dashboard?bypassCache=true","method":"GET","requestId":"6c6c5ad7-eaf8-4dc6-a47a-05b0cdd3a8cc","timestamp":"2026-05-31T10:09:06.579Z","url":"/api/v1/analytics/dashboard?bypassCache=true"}
{"level":"info","message":"Request completed: GET /api/v1/analytics/dashboard?bypassCache=true [Status: 304] - 172ms","method":"GET","requestId":"6c6c5ad7-eaf8-4dc6-a47a-05b0cdd3a8cc","timestamp":"2026-05-31T10:09:06.751Z","url":"/api/v1/analytics/dashboard?bypassCache=true"}
{"level":"info","message":"Incoming request: GET /api/v1/analytics/performance?bypassCache=true","method":"GET","requestId":"43977c81-9d22-4166-81cf-b7f62a30cf50","timestamp":"2026-05-31T10:09:06.865Z","url":"/api/v1/analytics/performance?bypassCache=true"}
{"level":"info","message":"Incoming request: GET /api/v1/analytics/branches-comparison","method":"GET","requestId":"5c7ea870-dbf8-48de-80ad-a67a3db28b91","timestamp":"2026-05-31T10:09:06.881Z","url":"/api/v1/analytics/branches-comparison"}
{"level":"info","message":"Request completed: GET /api/v1/analytics/branches-comparison [Status: 304] - 6ms","method":"GET","requestId":"5c7ea870-dbf8-48de-80ad-a67a3db28b91","timestamp":"2026-05-31T10:09:06.887Z","url":"/api/v1/analytics/branches-comparison"}
{"level":"info","message":"Request completed: GET /api/v1/analytics/performance?bypassCache=true [Status: 304] - 37ms","method":"GET","requestId":"43977c81-9d22-4166-81cf-b7f62a30cf50","timestamp":"2026-05-31T10:09:06.902Z","url":"/api/v1/analytics/performance?bypassCache=true"}
{"level":"info","message":"Incoming request: GET /api/v1/predictions/history?limit=100","method":"GET","requestId":"04fdb46b-d8ac-4fe9-bb9e-d5f14a2847d6","timestamp":"2026-05-31T10:09:07.713Z","url":"/api/v1/predictions/history?limit=100"}
{"level":"info","message":"Request completed: GET /api/v1/predictions/history?limit=100 [Status: 304] - 70ms","method":"GET","requestId":"04fdb46b-d8ac-4fe9-bb9e-d5f14a2847d6","timestamp":"2026-05-31T10:09:07.783Z","url":"/api/v1/predictions/history?limit=100"}
{"level":"info","message":"Incoming request: GET /api/v1/analytics/dashboard?bypassCache=false","method":"GET","requestId":"d6997790-946f-4166-94dc-19c8c5d5546a","timestamp":"2026-05-31T10:09:17.493Z","url":"/api/v1/analytics/dashboard?bypassCache=false"}
{"level":"info","message":"Request completed: GET /api/v1/analytics/dashboard?bypassCache=false [Status: 304] - 10ms","method":"GET","requestId":"d6997790-946f-4166-94dc-19c8c5d5546a","timestamp":"2026-05-31T10:09:17.503Z","url":"/api/v1/analytics/dashboard?bypassCache=false"}
{"level":"info","message":"Incoming request: GET /api/v1/analytics/dashboard?bypassCache=false","method":"GET","requestId":"d9d0f2f1-f78a-4781-9855-e11f75992cb4","timestamp":"2026-05-31T10:09:17.531Z","url":"/api/v1/analytics/dashboard?bypassCache=false"}
{"level":"info","message":"Request completed: GET /api/v1/analytics/dashboard?bypassCache=false [Status: 304] - 6ms","method":"GET","requestId":"d9d0f2f1-f78a-4781-9855-e11f75992cb4","timestamp":"2026-05-31T10:09:17.537Z","url":"/api/v1/analytics/dashboard?bypassCache=false"}
{"level":"info","message":"Incoming request: GET /api/v1/analytics/performance?bypassCache=false","method":"GET","requestId":"0962b205-8bf8-4127-980c-609e00e405e0","timestamp":"2026-05-31T10:09:18.032Z","url":"/api/v1/analytics/performance?bypassCache=false"}
{"level":"info","message":"Request completed: GET /api/v1/analytics/performance?bypassCache=false [Status: 304] - 6ms","method":"GET","requestId":"0962b205-8bf8-4127-980c-609e00e405e0","timestamp":"2026-05-31T10:09:18.038Z","url":"/api/v1/analytics/performance?bypassCache=false"}
{"level":"info","message":"Incoming request: GET /api/v1/analytics/branches-comparison","method":"GET","requestId":"fbb6ed20-72c0-4cd5-adc6-a2f95f9e0243","timestamp":"2026-05-31T10:09:18.052Z","url":"/api/v1/analytics/branches-comparison"}
{"level":"info","message":"Request completed: GET /api/v1/analytics/branches-comparison [Status: 304] - 7ms","method":"GET","requestId":"fbb6ed20-72c0-4cd5-adc6-a2f95f9e0243","timestamp":"2026-05-31T10:09:18.058Z","url":"/api/v1/analytics/branches-comparison"}
{"level":"info","message":"Incoming request: GET /api/v1/analytics/performance?bypassCache=false","method":"GET","requestId":"bb92d5d4-ed34-4431-869b-9840f5c7014e","timestamp":"2026-05-31T10:09:18.162Z","url":"/api/v1/analytics/performance?bypassCache=false"}
{"level":"info","message":"Request completed: GET /api/v1/analytics/performance?bypassCache=false [Status: 304] - 8ms","method":"GET","requestId":"bb92d5d4-ed34-4431-869b-9840f5c7014e","timestamp":"2026-05-31T10:09:18.169Z","url":"/api/v1/analytics/performance?bypassCache=false"}
{"level":"info","message":"Incoming request: GET /api/v1/analytics/branches-comparison","method":"GET","requestId":"87f2f70f-5d9c-4791-a8f5-5992a54de05f","timestamp":"2026-05-31T10:09:18.178Z","url":"/api/v1/analytics/branches-comparison"}
{"level":"info","message":"Request completed: GET /api/v1/analytics/branches-comparison [Status: 304] - 11ms","method":"GET","requestId":"87f2f70f-5d9c-4791-a8f5-5992a54de05f","timestamp":"2026-05-31T10:09:18.189Z","url":"/api/v1/analytics/branches-comparison"}
{"level":"info","message":"Incoming request: GET /api/v1/predictions/history?limit=100","method":"GET","requestId":"6391fa92-0d42-4e7f-b235-0328894b7942","timestamp":"2026-05-31T10:09:18.390Z","url":"/api/v1/predictions/history?limit=100"}
{"level":"info","message":"Request completed: GET /api/v1/predictions/history?limit=100 [Status: 304] - 145ms","method":"GET","requestId":"6391fa92-0d42-4e7f-b235-0328894b7942","timestamp":"2026-05-31T10:09:18.535Z","url":"/api/v1/predictions/history?limit=100"}
{"level":"info","message":"Incoming request: GET /api/v1/predictions/history?limit=100","method":"GET","requestId":"88b0dffa-75aa-4132-94a5-a8abbdce5be8","timestamp":"2026-05-31T10:09:18.569Z","url":"/api/v1/predictions/history?limit=100"}
{"level":"info","message":"Request completed: GET /api/v1/predictions/history?limit=100 [Status: 304] - 76ms","method":"GET","requestId":"88b0dffa-75aa-4132-94a5-a8abbdce5be8","timestamp":"2026-05-31T10:09:18.645Z","url":"/api/v1/predictions/history?limit=100"}
{"level":"info","message":"Incoming request: GET /api/v1/analytics/dashboard?bypassCache=true","method":"GET","requestId":"140fc933-8714-4a52-abe9-58f3a2d7d9dc","timestamp":"2026-05-31T10:09:29.519Z","url":"/api/v1/analytics/dashboard?bypassCache=true"}
{"level":"info","message":"Request completed: GET /api/v1/analytics/dashboard?bypassCache=true [Status: 304] - 137ms","method":"GET","requestId":"140fc933-8714-4a52-abe9-58f3a2d7d9dc","timestamp":"2026-05-31T10:09:29.656Z","url":"/api/v1/analytics/dashboard?bypassCache=true"}
{"level":"info","message":"Incoming request: GET /api/v1/analytics/performance?bypassCache=true","method":"GET","requestId":"7ded6279-4496-4d0c-a795-ef40ba1b542c","timestamp":"2026-05-31T10:09:29.744Z","url":"/api/v1/analytics/performance?bypassCache=true"}
{"level":"info","message":"Incoming request: GET /api/v1/analytics/branches-comparison","method":"GET","requestId":"946f6311-abab-4e79-9e9a-890591ce94e5","timestamp":"2026-05-31T10:09:29.751Z","url":"/api/v1/analytics/branches-comparison"}
{"level":"info","message":"Request completed: GET /api/v1/analytics/branches-comparison [Status: 304] - 6ms","method":"GET","requestId":"946f6311-abab-4e79-9e9a-890591ce94e5","timestamp":"2026-05-31T10:09:29.757Z","url":"/api/v1/analytics/branches-comparison"}
{"level":"info","message":"Request completed: GET /api/v1/analytics/performance?bypassCache=true [Status: 304] - 39ms","method":"GET","requestId":"7ded6279-4496-4d0c-a795-ef40ba1b542c","timestamp":"2026-05-31T10:09:29.783Z","url":"/api/v1/analytics/performance?bypassCache=true"}
{"level":"info","message":"Incoming request: GET /api/v1/predictions/history?limit=100","method":"GET","requestId":"694990a2-ec20-4da6-b208-0ddaa5530eb4","timestamp":"2026-05-31T10:09:31.510Z","url":"/api/v1/predictions/history?limit=100"}
{"level":"info","message":"Request completed: GET /api/v1/predictions/history?limit=100 [Status: 304] - 53ms","method":"GET","requestId":"694990a2-ec20-4da6-b208-0ddaa5530eb4","timestamp":"2026-05-31T10:09:31.563Z","url":"/api/v1/predictions/history?limit=100"}
{"level":"info","message":"Incoming request: GET /api/v1/analytics/dashboard?bypassCache=true","method":"GET","requestId":"f29b01e3-1628-4fc1-a6c7-bc020a7a72aa","timestamp":"2026-05-31T10:09:41.474Z","url":"/api/v1/analytics/dashboard?bypassCache=true"}
{"level":"info","message":"Request completed: GET /api/v1/analytics/dashboard?bypassCache=true [Status: 304] - 152ms","method":"GET","requestId":"f29b01e3-1628-4fc1-a6c7-bc020a7a72aa","timestamp":"2026-05-31T10:09:41.626Z","url":"/api/v1/analytics/dashboard?bypassCache=true"}
{"level":"info","message":"Incoming request: GET /api/v1/analytics/performance?bypassCache=true","method":"GET","requestId":"61089455-e321-484d-8d7e-84ea387c47d6","timestamp":"2026-05-31T10:09:41.698Z","url":"/api/v1/analytics/performance?bypassCache=true"}
{"level":"info","message":"Incoming request: GET /api/v1/analytics/branches-comparison","method":"GET","requestId":"2c67b650-fa29-45d7-89a2-b818a84ee9dd","timestamp":"2026-05-31T10:09:41.711Z","url":"/api/v1/analytics/branches-comparison"}
{"level":"info","message":"Request completed: GET /api/v1/analytics/branches-comparison [Status: 304] - 10ms","method":"GET","requestId":"2c67b650-fa29-45d7-89a2-b818a84ee9dd","timestamp":"2026-05-31T10:09:41.721Z","url":"/api/v1/analytics/branches-comparison"}
{"level":"info","message":"Request completed: GET /api/v1/analytics/performance?bypassCache=true [Status: 304] - 74ms","method":"GET","requestId":"61089455-e321-484d-8d7e-84ea387c47d6","timestamp":"2026-05-31T10:09:41.773Z","url":"/api/v1/analytics/performance?bypassCache=true"}
{"level":"info","message":"Incoming request: GET /api/v1/predictions/history?limit=100","method":"GET","requestId":"5b4f0ece-67e2-466a-baef-0e5cea33df37","timestamp":"2026-05-31T10:09:42.012Z","url":"/api/v1/predictions/history?limit=100"}
{"level":"info","message":"Request completed: GET /api/v1/predictions/history?limit=100 [Status: 429] - 42ms","method":"GET","requestId":"5b4f0ece-67e2-466a-baef-0e5cea33df37","timestamp":"2026-05-31T10:09:42.054Z","url":"/api/v1/predictions/history?limit=100"}
{"level":"info","message":"Incoming request: GET /api/v1/analytics/dashboard?bypassCache=false","method":"GET","requestId":"2a5166b7-42ad-4887-8b0f-bc7c2e2a374b","timestamp":"2026-05-31T10:09:43.335Z","url":"/api/v1/analytics/dashboard?bypassCache=false"}
{"level":"info","message":"Request completed: GET /api/v1/analytics/dashboard?bypassCache=false [Status: 429] - 7ms","method":"GET","requestId":"2a5166b7-42ad-4887-8b0f-bc7c2e2a374b","timestamp":"2026-05-31T10:09:43.342Z","url":"/api/v1/analytics/dashboard?bypassCache=false"}
{"level":"info","message":"Incoming request: GET /api/v1/analytics/dashboard?bypassCache=false","method":"GET","requestId":"9a13c31e-e7c5-4016-8787-5a968d842c10","timestamp":"2026-05-31T10:09:43.354Z","url":"/api/v1/analytics/dashboard?bypassCache=false"}
{"level":"info","message":"Request completed: GET /api/v1/analytics/dashboard?bypassCache=false [Status: 429] - 2ms","method":"GET","requestId":"9a13c31e-e7c5-4016-8787-5a968d842c10","timestamp":"2026-05-31T10:09:43.356Z","url":"/api/v1/analytics/dashboard?bypassCache=false"}
{"level":"info","message":"Incoming request: GET /api/v1/analytics/dashboard?bypassCache=true","method":"GET","requestId":"88f8b531-e1c0-421a-be0a-56ad82c2d1f2","timestamp":"2026-05-31T10:09:55.482Z","url":"/api/v1/analytics/dashboard?bypassCache=true"}
{"level":"info","message":"Request completed: GET /api/v1/analytics/dashboard?bypassCache=true [Status: 429] - 8ms","method":"GET","requestId":"88f8b531-e1c0-421a-be0a-56ad82c2d1f2","timestamp":"2026-05-31T10:09:55.490Z","url":"/api/v1/analytics/dashboard?bypassCache=true"}
{"level":"info","message":"Client disconnected from WebSocket: bwlSd3Cq64TL6PABAAAD","timestamp":"2026-05-31T10:09:56.743Z"}
{"level":"info","message":"Client connected to WebSocket: Pr39zsaAx9Qs_5eNAAAF","timestamp":"2026-05-31T10:09:57.980Z"}
{"level":"info","message":"Incoming request: GET /api/v1/analytics/dashboard?bypassCache=false","method":"GET","requestId":"fb068625-78a6-4ac6-8682-4f599bdd1d42","timestamp":"2026-05-31T10:09:58.508Z","url":"/api/v1/analytics/dashboard?bypassCache=false"}
{"level":"info","message":"Request completed: GET /api/v1/analytics/dashboard?bypassCache=false [Status: 429] - 3ms","method":"GET","requestId":"fb068625-78a6-4ac6-8682-4f599bdd1d42","timestamp":"2026-05-31T10:09:58.511Z","url":"/api/v1/analytics/dashboard?bypassCache=false"}
{"level":"info","message":"Incoming request: GET /api/v1/analytics/dashboard?bypassCache=false","method":"GET","requestId":"ffb9a508-6c83-47c6-91dc-569f7e5853a8","timestamp":"2026-05-31T10:09:58.527Z","url":"/api/v1/analytics/dashboard?bypassCache=false"}
{"level":"info","message":"Request completed: GET /api/v1/analytics/dashboard?bypassCache=false [Status: 429] - 2ms","method":"GET","requestId":"ffb9a508-6c83-47c6-91dc-569f7e5853a8","timestamp":"2026-05-31T10:09:58.529Z","url":"/api/v1/analytics/dashboard?bypassCache=false"}
{"level":"info","message":"Incoming request: GET /api/v1/analytics/dashboard?bypassCache=true","method":"GET","requestId":"2537d500-2e8b-49e6-9a44-b9e1aec99bd1","timestamp":"2026-05-31T10:10:10.603Z","url":"/api/v1/analytics/dashboard?bypassCache=true"}
{"level":"info","message":"Request completed: GET /api/v1/analytics/dashboard?bypassCache=true [Status: 429] - 9ms","method":"GET","requestId":"2537d500-2e8b-49e6-9a44-b9e1aec99bd1","timestamp":"2026-05-31T10:10:10.611Z","url":"/api/v1/analytics/dashboard?bypassCache=true"}
{"level":"info","message":"Incoming request: GET /api/v1/analytics/dashboard?bypassCache=true","method":"GET","requestId":"7e421b48-9619-4501-baad-084aa729489e","timestamp":"2026-05-31T10:10:22.668Z","url":"/api/v1/analytics/dashboard?bypassCache=true"}
{"level":"info","message":"Request completed: GET /api/v1/analytics/dashboard?bypassCache=true [Status: 429] - 7ms","method":"GET","requestId":"7e421b48-9619-4501-baad-084aa729489e","timestamp":"2026-05-31T10:10:22.677Z","url":"/api/v1/analytics/dashboard?bypassCache=true"}
{"level":"info","message":"Incoming request: GET /api/v1/analytics/dashboard?bypassCache=false","method":"GET","requestId":"16f395ef-64e8-4d75-a3b2-015b69223300","timestamp":"2026-05-31T10:10:24.943Z","url":"/api/v1/analytics/dashboard?bypassCache=false"}
{"level":"info","message":"Request completed: GET /api/v1/analytics/dashboard?bypassCache=false [Status: 429] - 4ms","method":"GET","requestId":"16f395ef-64e8-4d75-a3b2-015b69223300","timestamp":"2026-05-31T10:10:24.947Z","url":"/api/v1/analytics/dashboard?bypassCache=false"}
{"level":"info","message":"Incoming request: GET /api/v1/analytics/dashboard?bypassCache=false","method":"GET","requestId":"5fdb7db4-8eb9-4173-9423-eda6d55ae1c5","timestamp":"2026-05-31T10:10:25.001Z","url":"/api/v1/analytics/dashboard?bypassCache=false"}
{"level":"info","message":"Request completed: GET /api/v1/analytics/dashboard?bypassCache=false [Status: 429] - 11ms","method":"GET","requestId":"5fdb7db4-8eb9-4173-9423-eda6d55ae1c5","timestamp":"2026-05-31T10:10:25.012Z","url":"/api/v1/analytics/dashboard?bypassCache=false"}
{"level":"info","message":"Incoming request: GET /api/v1/analytics/dashboard?bypassCache=true","method":"GET","requestId":"fc3669ee-691a-480c-a9fa-bf409f624a00","timestamp":"2026-05-31T10:10:36.977Z","url":"/api/v1/analytics/dashboard?bypassCache=true"}
{"level":"info","message":"Request completed: GET /api/v1/analytics/dashboard?bypassCache=true [Status: 429] - 9ms","method":"GET","requestId":"fc3669ee-691a-480c-a9fa-bf409f624a00","timestamp":"2026-05-31T10:10:36.986Z","url":"/api/v1/analytics/dashboard?bypassCache=true"}
{"level":"info","message":"Incoming request: GET /api/v1/analytics/dashboard?bypassCache=true","method":"GET","requestId":"12269d23-3910-4c4c-a9e4-f0b0f092e7d9","timestamp":"2026-05-31T10:10:48.980Z","url":"/api/v1/analytics/dashboard?bypassCache=true"}
{"level":"info","message":"Request completed: GET /api/v1/analytics/dashboard?bypassCache=true [Status: 429] - 6ms","method":"GET","requestId":"12269d23-3910-4c4c-a9e4-f0b0f092e7d9","timestamp":"2026-05-31T10:10:48.986Z","url":"/api/v1/analytics/dashboard?bypassCache=true"}
{"level":"info","message":"Incoming request: GET /api/v1/employees?page=1&limit=8&search=&sortBy=createdAt&sortOrder=desc","method":"GET","requestId":"b18710cf-2194-4925-8059-bcd1253c988d","timestamp":"2026-05-31T10:10:54.099Z","url":"/api/v1/employees?page=1&limit=8&search=&sortBy=createdAt&sortOrder=desc"}
{"level":"info","message":"Request completed: GET /api/v1/employees?page=1&limit=8&search=&sortBy=createdAt&sortOrder=desc [Status: 429] - 4ms","method":"GET","requestId":"b18710cf-2194-4925-8059-bcd1253c988d","timestamp":"2026-05-31T10:10:54.102Z","url":"/api/v1/employees?page=1&limit=8&search=&sortBy=createdAt&sortOrder=desc"}
{"level":"info","message":"Incoming request: GET /api/v1/branches","method":"GET","requestId":"41ae9f8e-1b0e-4e3e-9ded-701d98403cfa","timestamp":"2026-05-31T10:10:54.104Z","url":"/api/v1/branches"}
{"level":"info","message":"Request completed: GET /api/v1/branches [Status: 429] - 3ms","method":"GET","requestId":"41ae9f8e-1b0e-4e3e-9ded-701d98403cfa","timestamp":"2026-05-31T10:10:54.107Z","url":"/api/v1/branches"}
{"level":"info","message":"Incoming request: GET /api/v1/employees?page=1&limit=8&search=&sortBy=createdAt&sortOrder=desc","method":"GET","requestId":"f879ff40-640c-4514-bd13-22a651eb67cd","timestamp":"2026-05-31T10:10:54.118Z","url":"/api/v1/employees?page=1&limit=8&search=&sortBy=createdAt&sortOrder=desc"}
{"level":"info","message":"Request completed: GET /api/v1/employees?page=1&limit=8&search=&sortBy=createdAt&sortOrder=desc [Status: 429] - 8ms","method":"GET","requestId":"f879ff40-640c-4514-bd13-22a651eb67cd","timestamp":"2026-05-31T10:10:54.126Z","url":"/api/v1/employees?page=1&limit=8&search=&sortBy=createdAt&sortOrder=desc"}
{"level":"info","message":"Incoming request: GET /api/v1/branches","method":"GET","requestId":"0eb3cbd4-cc26-42c3-9755-73c22c538550","timestamp":"2026-05-31T10:10:54.127Z","url":"/api/v1/branches"}
{"level":"info","message":"Request completed: GET /api/v1/branches [Status: 429] - 5ms","method":"GET","requestId":"0eb3cbd4-cc26-42c3-9755-73c22c538550","timestamp":"2026-05-31T10:10:54.132Z","url":"/api/v1/branches"}
{"level":"info","message":"Client disconnected from WebSocket: Pr39zsaAx9Qs_5eNAAAF","timestamp":"2026-05-31T10:11:16.988Z"}
{"level":"info","message":"Client connected to WebSocket: PyT3Jnm_ZMmSdYvrAAAH","timestamp":"2026-05-31T10:11:18.058Z"}
{"level":"info","message":"Incoming request: GET /api/v1/employees?page=1&limit=8&search=&sortBy=createdAt&sortOrder=desc","method":"GET","requestId":"d568072a-b48a-4439-a133-bf5bf1cdd4f1","timestamp":"2026-05-31T10:11:18.339Z","url":"/api/v1/employees?page=1&limit=8&search=&sortBy=createdAt&sortOrder=desc"}
{"level":"info","message":"Request completed: GET /api/v1/employees?page=1&limit=8&search=&sortBy=createdAt&sortOrder=desc [Status: 429] - 6ms","method":"GET","requestId":"d568072a-b48a-4439-a133-bf5bf1cdd4f1","timestamp":"2026-05-31T10:11:18.345Z","url":"/api/v1/employees?page=1&limit=8&search=&sortBy=createdAt&sortOrder=desc"}
{"level":"info","message":"Incoming request: GET /api/v1/branches","method":"GET","requestId":"b60c2c1a-a2c3-42fb-b175-a99bd6514ce9","timestamp":"2026-05-31T10:11:18.346Z","url":"/api/v1/branches"}
{"level":"info","message":"Request completed: GET /api/v1/branches [Status: 429] - 3ms","method":"GET","requestId":"b60c2c1a-a2c3-42fb-b175-a99bd6514ce9","timestamp":"2026-05-31T10:11:18.349Z","url":"/api/v1/branches"}
{"level":"info","message":"Incoming request: GET /api/v1/employees?page=1&limit=8&search=&sortBy=createdAt&sortOrder=desc","method":"GET","requestId":"db2ebf4a-9b39-4c81-8cab-41e5bcb88042","timestamp":"2026-05-31T10:11:18.357Z","url":"/api/v1/employees?page=1&limit=8&search=&sortBy=createdAt&sortOrder=desc"}
{"level":"info","message":"Request completed: GET /api/v1/employees?page=1&limit=8&search=&sortBy=createdAt&sortOrder=desc [Status: 429] - 6ms","method":"GET","requestId":"db2ebf4a-9b39-4c81-8cab-41e5bcb88042","timestamp":"2026-05-31T10:11:18.363Z","url":"/api/v1/employees?page=1&limit=8&search=&sortBy=createdAt&sortOrder=desc"}
{"level":"info","message":"Incoming request: GET /api/v1/branches","method":"GET","requestId":"b25c7b4f-4a59-47b1-b14a-56aa17aeba87","timestamp":"2026-05-31T10:11:18.368Z","url":"/api/v1/branches"}
{"level":"info","message":"Request completed: GET /api/v1/branches [Status: 429] - 3ms","method":"GET","requestId":"b25c7b4f-4a59-47b1-b14a-56aa17aeba87","timestamp":"2026-05-31T10:11:18.371Z","url":"/api/v1/branches"}
{"level":"info","message":"Client disconnected from WebSocket: PyT3Jnm_ZMmSdYvrAAAH","timestamp":"2026-05-31T10:11:40.105Z"}
{"level":"info","message":"Client connected to WebSocket: EiohqtWsnykyL54NAAAJ","timestamp":"2026-05-31T10:11:40.766Z"}
{"level":"info","message":"Incoming request: GET /api/v1/analytics/dashboard?bypassCache=false","method":"GET","requestId":"84d28f1e-e604-4e08-8a1a-83320eaf1f33","timestamp":"2026-05-31T10:11:41.403Z","url":"/api/v1/analytics/dashboard?bypassCache=false"}
{"level":"info","message":"Request completed: GET /api/v1/analytics/dashboard?bypassCache=false [Status: 429] - 5ms","method":"GET","requestId":"84d28f1e-e604-4e08-8a1a-83320eaf1f33","timestamp":"2026-05-31T10:11:41.408Z","url":"/api/v1/analytics/dashboard?bypassCache=false"}
{"level":"info","message":"Incoming request: GET /api/v1/analytics/dashboard?bypassCache=false","method":"GET","requestId":"791f1703-f435-4ca3-9a8b-83273620e8ba","timestamp":"2026-05-31T10:11:41.412Z","url":"/api/v1/analytics/dashboard?bypassCache=false"}
{"level":"info","message":"Request completed: GET /api/v1/analytics/dashboard?bypassCache=false [Status: 429] - 3ms","method":"GET","requestId":"791f1703-f435-4ca3-9a8b-83273620e8ba","timestamp":"2026-05-31T10:11:41.416Z","url":"/api/v1/analytics/dashboard?bypassCache=false"}
{"level":"info","message":"Incoming request: GET /api/v1/analytics/dashboard?bypassCache=true","method":"GET","requestId":"991f90e0-ca90-4912-9be5-b3fb09cc486b","timestamp":"2026-05-31T10:11:53.482Z","url":"/api/v1/analytics/dashboard?bypassCache=true"}
{"level":"info","message":"Request completed: GET /api/v1/analytics/dashboard?bypassCache=true [Status: 429] - 4ms","method":"GET","requestId":"991f90e0-ca90-4912-9be5-b3fb09cc486b","timestamp":"2026-05-31T10:11:53.486Z","url":"/api/v1/analytics/dashboard?bypassCache=true"}
{"level":"info","message":"Incoming request: GET /api/v1/analytics/dashboard?bypassCache=true","method":"GET","requestId":"0edd1207-a1ac-4dec-a2db-6f1cc1f9b3a0","timestamp":"2026-05-31T10:12:05.421Z","url":"/api/v1/analytics/dashboard?bypassCache=true"}
{"level":"info","message":"Request completed: GET /api/v1/analytics/dashboard?bypassCache=true [Status: 429] - 4ms","method":"GET","requestId":"0edd1207-a1ac-4dec-a2db-6f1cc1f9b3a0","timestamp":"2026-05-31T10:12:05.425Z","url":"/api/v1/analytics/dashboard?bypassCache=true"}
{"level":"info","message":"Incoming request: GET /api/v1/employees?page=1&limit=8&search=&sortBy=createdAt&sortOrder=desc","method":"GET","requestId":"755098a9-d151-4553-916e-f0b8225507d7","timestamp":"2026-05-31T10:12:12.430Z","url":"/api/v1/employees?page=1&limit=8&search=&sortBy=createdAt&sortOrder=desc"}
{"level":"info","message":"Request completed: GET /api/v1/employees?page=1&limit=8&search=&sortBy=createdAt&sortOrder=desc [Status: 429] - 6ms","method":"GET","requestId":"755098a9-d151-4553-916e-f0b8225507d7","timestamp":"2026-05-31T10:12:12.436Z","url":"/api/v1/employees?page=1&limit=8&search=&sortBy=createdAt&sortOrder=desc"}
{"level":"info","message":"Incoming request: GET /api/v1/branches","method":"GET","requestId":"365fbf6f-cbe8-4936-b38f-615c37498982","timestamp":"2026-05-31T10:12:12.441Z","url":"/api/v1/branches"}
{"level":"info","message":"Request completed: GET /api/v1/branches [Status: 429] - 2ms","method":"GET","requestId":"365fbf6f-cbe8-4936-b38f-615c37498982","timestamp":"2026-05-31T10:12:12.443Z","url":"/api/v1/branches"}
{"level":"info","message":"Incoming request: GET /api/v1/employees?page=1&limit=8&search=&sortBy=createdAt&sortOrder=desc","method":"GET","requestId":"4bb5d46b-da6b-462f-b582-b683558edd48","timestamp":"2026-05-31T10:12:12.451Z","url":"/api/v1/employees?page=1&limit=8&search=&sortBy=createdAt&sortOrder=desc"}
{"level":"info","message":"Request completed: GET /api/v1/employees?page=1&limit=8&search=&sortBy=createdAt&sortOrder=desc [Status: 429] - 4ms","method":"GET","requestId":"4bb5d46b-da6b-462f-b582-b683558edd48","timestamp":"2026-05-31T10:12:12.455Z","url":"/api/v1/employees?page=1&limit=8&search=&sortBy=createdAt&sortOrder=desc"}
{"level":"info","message":"Incoming request: GET /api/v1/branches","method":"GET","requestId":"5e158a3b-30b0-4061-8d9e-0d7c4df0272a","timestamp":"2026-05-31T10:12:12.528Z","url":"/api/v1/branches"}
{"level":"info","message":"Request completed: GET /api/v1/branches [Status: 429] - 38ms","method":"GET","requestId":"5e158a3b-30b0-4061-8d9e-0d7c4df0272a","timestamp":"2026-05-31T10:12:12.566Z","url":"/api/v1/branches"}
{"level":"info","message":"Client disconnected from WebSocket: EiohqtWsnykyL54NAAAJ","timestamp":"2026-05-31T10:12:25.674Z"}
{"level":"info","message":"Client connected to WebSocket: uuwGpyEiazMw4tAAAAAL","timestamp":"2026-05-31T10:12:26.335Z"}
{"level":"info","message":"Incoming request: GET /api/v1/employees?page=1&limit=8&search=&sortBy=createdAt&sortOrder=desc","method":"GET","requestId":"fec1f749-1ca8-4f4b-8ef6-2d94bf30fa67","timestamp":"2026-05-31T10:12:26.693Z","url":"/api/v1/employees?page=1&limit=8&search=&sortBy=createdAt&sortOrder=desc"}
{"level":"info","message":"Request completed: GET /api/v1/employees?page=1&limit=8&search=&sortBy=createdAt&sortOrder=desc [Status: 429] - 5ms","method":"GET","requestId":"fec1f749-1ca8-4f4b-8ef6-2d94bf30fa67","timestamp":"2026-05-31T10:12:26.698Z","url":"/api/v1/employees?page=1&limit=8&search=&sortBy=createdAt&sortOrder=desc"}
{"level":"info","message":"Incoming request: GET /api/v1/branches","method":"GET","requestId":"67e87398-a6d1-47e3-86fa-c73449e28878","timestamp":"2026-05-31T10:12:26.706Z","url":"/api/v1/branches"}
{"level":"info","message":"Request completed: GET /api/v1/branches [Status: 429] - 10ms","method":"GET","requestId":"67e87398-a6d1-47e3-86fa-c73449e28878","timestamp":"2026-05-31T10:12:26.716Z","url":"/api/v1/branches"}
{"level":"info","message":"Incoming request: GET /api/v1/employees?page=1&limit=8&search=&sortBy=createdAt&sortOrder=desc","method":"GET","requestId":"4ae503fc-eb4a-4ee3-bf6d-a8862824a4e0","timestamp":"2026-05-31T10:12:26.739Z","url":"/api/v1/employees?page=1&limit=8&search=&sortBy=createdAt&sortOrder=desc"}
{"level":"info","message":"Request completed: GET /api/v1/employees?page=1&limit=8&search=&sortBy=createdAt&sortOrder=desc [Status: 429] - 16ms","method":"GET","requestId":"4ae503fc-eb4a-4ee3-bf6d-a8862824a4e0","timestamp":"2026-05-31T10:12:26.755Z","url":"/api/v1/employees?page=1&limit=8&search=&sortBy=createdAt&sortOrder=desc"}
{"level":"info","message":"Incoming request: GET /api/v1/branches","method":"GET","requestId":"f784ae18-52c6-42aa-a086-5601e05b72cf","timestamp":"2026-05-31T10:12:26.819Z","url":"/api/v1/branches"}
{"level":"info","message":"Request completed: GET /api/v1/branches [Status: 429] - 3ms","method":"GET","requestId":"f784ae18-52c6-42aa-a086-5601e05b72cf","timestamp":"2026-05-31T10:12:26.822Z","url":"/api/v1/branches"}
{"level":"info","message":"Incoming request: POST /api/v1/employees","method":"POST","requestId":"ddeee40b-9dde-4b32-b9fa-363e7c94c9b3","timestamp":"2026-05-31T10:16:50.687Z","url":"/api/v1/employees"}
{"level":"info","message":"Request completed: POST /api/v1/employees [Status: 429] - 111ms","method":"POST","requestId":"ddeee40b-9dde-4b32-b9fa-363e7c94c9b3","timestamp":"2026-05-31T10:16:50.789Z","url":"/api/v1/employees"}
{"level":"info","message":"Incoming request: POST /api/v1/employees","method":"POST","requestId":"2e884590-c78e-4975-ad13-053ac3c9389c","timestamp":"2026-05-31T10:17:04.260Z","url":"/api/v1/employees"}
{"level":"info","message":"Request completed: POST /api/v1/employees [Status: 429] - 4ms","method":"POST","requestId":"2e884590-c78e-4975-ad13-053ac3c9389c","timestamp":"2026-05-31T10:17:04.264Z","url":"/api/v1/employees"}
{"level":"info","message":"Incoming request: GET /api/v1/analytics/dashboard?bypassCache=false","method":"GET","requestId":"93306e4c-26f5-4df3-aa42-3505caa9cdc1","timestamp":"2026-05-31T10:17:47.439Z","url":"/api/v1/analytics/dashboard?bypassCache=false"}
{"level":"info","message":"Request completed: GET /api/v1/analytics/dashboard?bypassCache=false [Status: 429] - 62ms","method":"GET","requestId":"93306e4c-26f5-4df3-aa42-3505caa9cdc1","timestamp":"2026-05-31T10:17:47.496Z","url":"/api/v1/analytics/dashboard?bypassCache=false"}
{"level":"info","message":"Incoming request: GET /api/v1/analytics/dashboard?bypassCache=false","method":"GET","requestId":"943c4dd6-2b44-4b32-8975-f0024222b304","timestamp":"2026-05-31T10:17:47.522Z","url":"/api/v1/analytics/dashboard?bypassCache=false"}
{"level":"info","message":"Request completed: GET /api/v1/analytics/dashboard?bypassCache=false [Status: 429] - 15ms","method":"GET","requestId":"943c4dd6-2b44-4b32-8975-f0024222b304","timestamp":"2026-05-31T10:17:47.537Z","url":"/api/v1/analytics/dashboard?bypassCache=false"}
{"level":"info","message":"Incoming request: GET /api/v1/analytics/dashboard?bypassCache=true","method":"GET","requestId":"029f2228-b999-468a-9947-d99e9da1e766","timestamp":"2026-05-31T10:17:59.423Z","url":"/api/v1/analytics/dashboard?bypassCache=true"}
{"level":"info","message":"Request completed: GET /api/v1/analytics/dashboard?bypassCache=true [Status: 200] - 1826ms","method":"GET","requestId":"029f2228-b999-468a-9947-d99e9da1e766","timestamp":"2026-05-31T10:18:01.249Z","url":"/api/v1/analytics/dashboard?bypassCache=true"}
{"level":"info","message":"Incoming request: GET /api/v1/analytics/branches-comparison","method":"GET","requestId":"a782a77d-8d51-47af-8e1f-b48ffd13349b","timestamp":"2026-05-31T10:18:01.306Z","url":"/api/v1/analytics/branches-comparison"}
{"level":"info","message":"Incoming request: GET /api/v1/analytics/performance?bypassCache=true","method":"GET","requestId":"64f1d6fa-424f-44b2-b786-60533cc9f9a6","timestamp":"2026-05-31T10:18:01.325Z","url":"/api/v1/analytics/performance?bypassCache=true"}
{"level":"info","message":"Request completed: GET /api/v1/analytics/performance?bypassCache=true [Status: 304] - 267ms","method":"GET","requestId":"64f1d6fa-424f-44b2-b786-60533cc9f9a6","timestamp":"2026-05-31T10:18:01.592Z","url":"/api/v1/analytics/performance?bypassCache=true"}
{"level":"info","message":"Request completed: GET /api/v1/analytics/branches-comparison [Status: 200] - 415ms","method":"GET","requestId":"a782a77d-8d51-47af-8e1f-b48ffd13349b","timestamp":"2026-05-31T10:18:01.721Z","url":"/api/v1/analytics/branches-comparison"}
{"level":"info","message":"Incoming request: GET /api/v1/predictions/history?limit=100","method":"GET","requestId":"08549bda-9b01-44db-9e29-a23e9727b030","timestamp":"2026-05-31T10:18:01.741Z","url":"/api/v1/predictions/history?limit=100"}
{"level":"info","message":"Request completed: GET /api/v1/predictions/history?limit=100 [Status: 200] - 204ms","method":"GET","requestId":"08549bda-9b01-44db-9e29-a23e9727b030","timestamp":"2026-05-31T10:18:01.946Z","url":"/api/v1/predictions/history?limit=100"}
{"level":"info","message":"Incoming request: GET /api/v1/analytics/dashboard?bypassCache=true","method":"GET","requestId":"5fc5bebd-20e9-4b61-b9d3-1a5c347f943c","timestamp":"2026-05-31T10:18:11.431Z","url":"/api/v1/analytics/dashboard?bypassCache=true"}
{"level":"info","message":"Request completed: GET /api/v1/analytics/dashboard?bypassCache=true [Status: 304] - 632ms","method":"GET","requestId":"5fc5bebd-20e9-4b61-b9d3-1a5c347f943c","timestamp":"2026-05-31T10:18:12.064Z","url":"/api/v1/analytics/dashboard?bypassCache=true"}
{"level":"info","message":"Incoming request: GET /api/v1/analytics/performance?bypassCache=true","method":"GET","requestId":"176403b1-bf89-43a0-9d22-a0a44a286713","timestamp":"2026-05-31T10:18:12.194Z","url":"/api/v1/analytics/performance?bypassCache=true"}
{"level":"info","message":"Incoming request: GET /api/v1/analytics/branches-comparison","method":"GET","requestId":"61e00a0b-9db7-4e07-a321-62087415e7d5","timestamp":"2026-05-31T10:18:12.211Z","url":"/api/v1/analytics/branches-comparison"}
{"level":"info","message":"Request completed: GET /api/v1/analytics/branches-comparison [Status: 200] - 18ms","method":"GET","requestId":"61e00a0b-9db7-4e07-a321-62087415e7d5","timestamp":"2026-05-31T10:18:12.229Z","url":"/api/v1/analytics/branches-comparison"}
{"level":"info","message":"Request completed: GET /api/v1/analytics/performance?bypassCache=true [Status: 304] - 189ms","method":"GET","requestId":"176403b1-bf89-43a0-9d22-a0a44a286713","timestamp":"2026-05-31T10:18:12.383Z","url":"/api/v1/analytics/performance?bypassCache=true"}
{"level":"info","message":"Incoming request: GET /api/v1/predictions/history?limit=100","method":"GET","requestId":"7e072a9c-d007-4563-a066-59f5543f82fc","timestamp":"2026-05-31T10:18:12.885Z","url":"/api/v1/predictions/history?limit=100"}
{"level":"info","message":"Request completed: GET /api/v1/predictions/history?limit=100 [Status: 304] - 862ms","method":"GET","requestId":"7e072a9c-d007-4563-a066-59f5543f82fc","timestamp":"2026-05-31T10:18:13.748Z","url":"/api/v1/predictions/history?limit=100"}
{"level":"info","message":"Incoming request: GET /api/v1/analytics/dashboard?bypassCache=true","method":"GET","requestId":"e7449389-d6ef-4dac-a858-c04351a32d84","timestamp":"2026-05-31T10:18:23.458Z","url":"/api/v1/analytics/dashboard?bypassCache=true"}
{"level":"info","message":"Request completed: GET /api/v1/analytics/dashboard?bypassCache=true [Status: 304] - 799ms","method":"GET","requestId":"e7449389-d6ef-4dac-a858-c04351a32d84","timestamp":"2026-05-31T10:18:24.257Z","url":"/api/v1/analytics/dashboard?bypassCache=true"}
{"level":"info","message":"Incoming request: GET /api/v1/analytics/performance?bypassCache=true","method":"GET","requestId":"4d07bbe0-028c-40c7-bbf3-c2d5d999068e","timestamp":"2026-05-31T10:18:24.328Z","url":"/api/v1/analytics/performance?bypassCache=true"}
{"level":"info","message":"Incoming request: GET /api/v1/analytics/branches-comparison","method":"GET","requestId":"5cbc5326-83ab-4ed4-8658-67e3fedf7297","timestamp":"2026-05-31T10:18:24.364Z","url":"/api/v1/analytics/branches-comparison"}
{"level":"info","message":"Request completed: GET /api/v1/analytics/branches-comparison [Status: 304] - 24ms","method":"GET","requestId":"5cbc5326-83ab-4ed4-8658-67e3fedf7297","timestamp":"2026-05-31T10:18:24.388Z","url":"/api/v1/analytics/branches-comparison"}
{"level":"info","message":"Request completed: GET /api/v1/analytics/performance?bypassCache=true [Status: 304] - 437ms","method":"GET","requestId":"4d07bbe0-028c-40c7-bbf3-c2d5d999068e","timestamp":"2026-05-31T10:18:24.765Z","url":"/api/v1/analytics/performance?bypassCache=true"}
{"level":"info","message":"Incoming request: GET /api/v1/predictions/history?limit=100","method":"GET","requestId":"9cdf6f6e-91ca-4aaf-8dcd-492adf281428","timestamp":"2026-05-31T10:18:24.823Z","url":"/api/v1/predictions/history?limit=100"}
{"level":"info","message":"Request completed: GET /api/v1/predictions/history?limit=100 [Status: 304] - 141ms","method":"GET","requestId":"9cdf6f6e-91ca-4aaf-8dcd-492adf281428","timestamp":"2026-05-31T10:18:24.964Z","url":"/api/v1/predictions/history?limit=100"}
{"level":"info","message":"Incoming request: GET /api/v1/analytics/dashboard?bypassCache=true","method":"GET","requestId":"671ea303-f3fb-4226-bd6d-94ee4290dd21","timestamp":"2026-05-31T10:18:35.501Z","url":"/api/v1/analytics/dashboard?bypassCache=true"}
{"level":"info","message":"Request completed: GET /api/v1/analytics/dashboard?bypassCache=true [Status: 304] - 421ms","method":"GET","requestId":"671ea303-f3fb-4226-bd6d-94ee4290dd21","timestamp":"2026-05-31T10:18:35.922Z","url":"/api/v1/analytics/dashboard?bypassCache=true"}
{"level":"info","message":"Incoming request: GET /api/v1/analytics/performance?bypassCache=true","method":"GET","requestId":"02373910-612d-48c8-bea7-c818fb5d1368","timestamp":"2026-05-31T10:18:35.999Z","url":"/api/v1/analytics/performance?bypassCache=true"}
{"level":"info","message":"Incoming request: GET /api/v1/analytics/branches-comparison","method":"GET","requestId":"5bf01999-cf0d-4b01-bd09-86b85703bdd9","timestamp":"2026-05-31T10:18:36.010Z","url":"/api/v1/analytics/branches-comparison"}
{"level":"info","message":"Request completed: GET /api/v1/analytics/branches-comparison [Status: 304] - 11ms","method":"GET","requestId":"5bf01999-cf0d-4b01-bd09-86b85703bdd9","timestamp":"2026-05-31T10:18:36.021Z","url":"/api/v1/analytics/branches-comparison"}
{"level":"info","message":"Request completed: GET /api/v1/analytics/performance?bypassCache=true [Status: 304] - 263ms","method":"GET","requestId":"02373910-612d-48c8-bea7-c818fb5d1368","timestamp":"2026-05-31T10:18:36.262Z","url":"/api/v1/analytics/performance?bypassCache=true"}
{"level":"info","message":"Incoming request: GET /api/v1/predictions/history?limit=100","method":"GET","requestId":"7f34d0b5-1b95-483e-8ecc-95ac27a0ef2b","timestamp":"2026-05-31T10:18:36.446Z","url":"/api/v1/predictions/history?limit=100"}
{"level":"info","message":"Request completed: GET /api/v1/predictions/history?limit=100 [Status: 304] - 113ms","method":"GET","requestId":"7f34d0b5-1b95-483e-8ecc-95ac27a0ef2b","timestamp":"2026-05-31T10:18:36.559Z","url":"/api/v1/predictions/history?limit=100"}
{"level":"info","message":"Incoming request: GET /api/v1/analytics/dashboard?bypassCache=true","method":"GET","requestId":"8ae0deef-836f-4caa-abd7-d52b2d9ba772","timestamp":"2026-05-31T10:18:47.411Z","url":"/api/v1/analytics/dashboard?bypassCache=true"}
{"level":"info","message":"Request completed: GET /api/v1/analytics/dashboard?bypassCache=true [Status: 304] - 210ms","method":"GET","requestId":"8ae0deef-836f-4caa-abd7-d52b2d9ba772","timestamp":"2026-05-31T10:18:47.622Z","url":"/api/v1/analytics/dashboard?bypassCache=true"}
{"level":"info","message":"Incoming request: GET /api/v1/analytics/performance?bypassCache=true","method":"GET","requestId":"e6812a31-51a4-408f-829e-f13bb4d50a97","timestamp":"2026-05-31T10:18:47.658Z","url":"/api/v1/analytics/performance?bypassCache=true"}
{"level":"info","message":"Incoming request: GET /api/v1/analytics/branches-comparison","method":"GET","requestId":"aa1b408f-f2c0-4913-b03b-38fb77a881a7","timestamp":"2026-05-31T10:18:47.668Z","url":"/api/v1/analytics/branches-comparison"}
{"level":"info","message":"Request completed: GET /api/v1/analytics/branches-comparison [Status: 304] - 13ms","method":"GET","requestId":"aa1b408f-f2c0-4913-b03b-38fb77a881a7","timestamp":"2026-05-31T10:18:47.681Z","url":"/api/v1/analytics/branches-comparison"}
{"level":"info","message":"Request completed: GET /api/v1/analytics/performance?bypassCache=true [Status: 304] - 75ms","method":"GET","requestId":"e6812a31-51a4-408f-829e-f13bb4d50a97","timestamp":"2026-05-31T10:18:47.733Z","url":"/api/v1/analytics/performance?bypassCache=true"}
{"level":"info","message":"Incoming request: GET /api/v1/predictions/history?limit=100","method":"GET","requestId":"73ae9583-6c34-42a3-80c6-cc7809ac2572","timestamp":"2026-05-31T10:18:47.927Z","url":"/api/v1/predictions/history?limit=100"}
{"level":"info","message":"Request completed: GET /api/v1/predictions/history?limit=100 [Status: 304] - 185ms","method":"GET","requestId":"73ae9583-6c34-42a3-80c6-cc7809ac2572","timestamp":"2026-05-31T10:18:48.112Z","url":"/api/v1/predictions/history?limit=100"}
{"level":"info","message":"Incoming request: GET /api/v1/analytics/dashboard?bypassCache=false","method":"GET","requestId":"4bc52bad-b4d3-4b11-8009-ccbf3b3ed7ff","timestamp":"2026-05-31T10:18:51.012Z","url":"/api/v1/analytics/dashboard?bypassCache=false"}
{"level":"info","message":"Request completed: GET /api/v1/analytics/dashboard?bypassCache=false [Status: 200] - 19ms","method":"GET","requestId":"4bc52bad-b4d3-4b11-8009-ccbf3b3ed7ff","timestamp":"2026-05-31T10:18:51.031Z","url":"/api/v1/analytics/dashboard?bypassCache=false"}
{"level":"info","message":"Incoming request: GET /api/v1/analytics/dashboard?bypassCache=false","method":"GET","requestId":"014c6b07-f399-4db9-9f8d-eebf61fb7ca8","timestamp":"2026-05-31T10:18:51.065Z","url":"/api/v1/analytics/dashboard?bypassCache=false"}
{"level":"info","message":"Request completed: GET /api/v1/analytics/dashboard?bypassCache=false [Status: 304] - 9ms","method":"GET","requestId":"014c6b07-f399-4db9-9f8d-eebf61fb7ca8","timestamp":"2026-05-31T10:18:51.074Z","url":"/api/v1/analytics/dashboard?bypassCache=false"}
{"level":"info","message":"Incoming request: GET /api/v1/analytics/branches-comparison","method":"GET","requestId":"57ec6f7a-0dda-4dee-85ce-7bb51a714230","timestamp":"2026-05-31T10:18:51.082Z","url":"/api/v1/analytics/branches-comparison"}
{"level":"info","message":"Request completed: GET /api/v1/analytics/branches-comparison [Status: 304] - 10ms","method":"GET","requestId":"57ec6f7a-0dda-4dee-85ce-7bb51a714230","timestamp":"2026-05-31T10:18:51.092Z","url":"/api/v1/analytics/branches-comparison"}
{"level":"info","message":"Incoming request: GET /api/v1/analytics/performance?bypassCache=false","method":"GET","requestId":"10ff62ec-6b66-4303-b1d7-2f76aae56977","timestamp":"2026-05-31T10:18:51.111Z","url":"/api/v1/analytics/performance?bypassCache=false"}
{"level":"info","message":"Request completed: GET /api/v1/analytics/performance?bypassCache=false [Status: 304] - 6ms","method":"GET","requestId":"10ff62ec-6b66-4303-b1d7-2f76aae56977","timestamp":"2026-05-31T10:18:51.117Z","url":"/api/v1/analytics/performance?bypassCache=false"}
{"level":"info","message":"Incoming request: GET /api/v1/analytics/performance?bypassCache=false","method":"GET","requestId":"e20605db-0520-40d8-850f-d3bdd771f68c","timestamp":"2026-05-31T10:18:51.151Z","url":"/api/v1/analytics/performance?bypassCache=false"}
{"level":"info","message":"Request completed: GET /api/v1/analytics/performance?bypassCache=false [Status: 304] - 8ms","method":"GET","requestId":"e20605db-0520-40d8-850f-d3bdd771f68c","timestamp":"2026-05-31T10:18:51.159Z","url":"/api/v1/analytics/performance?bypassCache=false"}
{"level":"info","message":"Incoming request: GET /api/v1/analytics/branches-comparison","method":"GET","requestId":"6b416327-397d-4ce7-be4e-48b679888ddd","timestamp":"2026-05-31T10:18:51.161Z","url":"/api/v1/analytics/branches-comparison"}
{"level":"info","message":"Request completed: GET /api/v1/analytics/branches-comparison [Status: 304] - 13ms","method":"GET","requestId":"6b416327-397d-4ce7-be4e-48b679888ddd","timestamp":"2026-05-31T10:18:51.174Z","url":"/api/v1/analytics/branches-comparison"}
{"level":"info","message":"Incoming request: GET /api/v1/predictions/history?limit=100","method":"GET","requestId":"c7fa37d0-4308-40f6-be4d-41d03e7fbe5d","timestamp":"2026-05-31T10:18:51.188Z","url":"/api/v1/predictions/history?limit=100"}
{"level":"info","message":"Request completed: GET /api/v1/predictions/history?limit=100 [Status: 304] - 281ms","method":"GET","requestId":"c7fa37d0-4308-40f6-be4d-41d03e7fbe5d","timestamp":"2026-05-31T10:18:51.469Z","url":"/api/v1/predictions/history?limit=100"}
{"level":"info","message":"Incoming request: GET /api/v1/predictions/history?limit=100","method":"GET","requestId":"08473e21-7f43-4d3c-9842-05c927c56de2","timestamp":"2026-05-31T10:18:51.505Z","url":"/api/v1/predictions/history?limit=100"}
{"level":"info","message":"Request completed: GET /api/v1/predictions/history?limit=100 [Status: 304] - 226ms","method":"GET","requestId":"08473e21-7f43-4d3c-9842-05c927c56de2","timestamp":"2026-05-31T10:18:51.737Z","url":"/api/v1/predictions/history?limit=100"}
{"level":"info","message":"Incoming request: GET /api/v1/analytics/dashboard?bypassCache=true","method":"GET","requestId":"8a0cb0a1-7295-4fad-a566-c8ab1d15eda5","timestamp":"2026-05-31T10:19:03.010Z","url":"/api/v1/analytics/dashboard?bypassCache=true"}
{"level":"info","message":"Request completed: GET /api/v1/analytics/dashboard?bypassCache=true [Status: 304] - 167ms","method":"GET","requestId":"8a0cb0a1-7295-4fad-a566-c8ab1d15eda5","timestamp":"2026-05-31T10:19:03.177Z","url":"/api/v1/analytics/dashboard?bypassCache=true"}
{"level":"info","message":"Incoming request: GET /api/v1/analytics/performance?bypassCache=true","method":"GET","requestId":"ad1282b9-5f3a-404b-a0fd-da813ea373b7","timestamp":"2026-05-31T10:19:03.214Z","url":"/api/v1/analytics/performance?bypassCache=true"}
{"level":"info","message":"Incoming request: GET /api/v1/analytics/branches-comparison","method":"GET","requestId":"e0eb4103-3ae6-4a4b-b590-92555da69b1f","timestamp":"2026-05-31T10:19:03.223Z","url":"/api/v1/analytics/branches-comparison"}
{"level":"info","message":"Request completed: GET /api/v1/analytics/branches-comparison [Status: 304] - 27ms","method":"GET","requestId":"e0eb4103-3ae6-4a4b-b590-92555da69b1f","timestamp":"2026-05-31T10:19:03.250Z","url":"/api/v1/analytics/branches-comparison"}
{"level":"info","message":"Request completed: GET /api/v1/analytics/performance?bypassCache=true [Status: 304] - 181ms","method":"GET","requestId":"ad1282b9-5f3a-404b-a0fd-da813ea373b7","timestamp":"2026-05-31T10:19:03.394Z","url":"/api/v1/analytics/performance?bypassCache=true"}
{"level":"info","message":"Incoming request: GET /api/v1/predictions/history?limit=100","method":"GET","requestId":"ee25cd88-ecec-4de2-bb65-5720615de123","timestamp":"2026-05-31T10:19:03.584Z","url":"/api/v1/predictions/history?limit=100"}
{"level":"info","message":"Request completed: GET /api/v1/predictions/history?limit=100 [Status: 304] - 110ms","method":"GET","requestId":"ee25cd88-ecec-4de2-bb65-5720615de123","timestamp":"2026-05-31T10:19:03.694Z","url":"/api/v1/predictions/history?limit=100"}
{"level":"info","message":"Incoming request: GET /api/v1/analytics/dashboard?bypassCache=true","method":"GET","requestId":"9234ae02-c8f6-4d3e-9840-8154eb37e611","timestamp":"2026-05-31T10:19:15.057Z","url":"/api/v1/analytics/dashboard?bypassCache=true"}
{"level":"info","message":"Request completed: GET /api/v1/analytics/dashboard?bypassCache=true [Status: 304] - 219ms","method":"GET","requestId":"9234ae02-c8f6-4d3e-9840-8154eb37e611","timestamp":"2026-05-31T10:19:15.276Z","url":"/api/v1/analytics/dashboard?bypassCache=true"}
{"level":"info","message":"Incoming request: GET /api/v1/analytics/performance?bypassCache=true","method":"GET","requestId":"4aecf508-506c-4bc9-a29d-7943b95bce2f","timestamp":"2026-05-31T10:19:15.358Z","url":"/api/v1/analytics/performance?bypassCache=true"}
{"level":"info","message":"Incoming request: GET /api/v1/analytics/branches-comparison","method":"GET","requestId":"8a9661b4-43fe-41e1-b351-8e9bd4b1dd89","timestamp":"2026-05-31T10:19:15.375Z","url":"/api/v1/analytics/branches-comparison"}
{"level":"info","message":"Request completed: GET /api/v1/analytics/branches-comparison [Status: 304] - 7ms","method":"GET","requestId":"8a9661b4-43fe-41e1-b351-8e9bd4b1dd89","timestamp":"2026-05-31T10:19:15.382Z","url":"/api/v1/analytics/branches-comparison"}
{"level":"info","message":"Request completed: GET /api/v1/analytics/performance?bypassCache=true [Status: 304] - 99ms","method":"GET","requestId":"4aecf508-506c-4bc9-a29d-7943b95bce2f","timestamp":"2026-05-31T10:19:15.457Z","url":"/api/v1/analytics/performance?bypassCache=true"}
{"level":"info","message":"Incoming request: GET /api/v1/predictions/history?limit=100","method":"GET","requestId":"13a75c46-dc68-4808-b944-3de67b5ff1f3","timestamp":"2026-05-31T10:19:15.618Z","url":"/api/v1/predictions/history?limit=100"}
{"level":"info","message":"Request completed: GET /api/v1/predictions/history?limit=100 [Status: 304] - 157ms","method":"GET","requestId":"13a75c46-dc68-4808-b944-3de67b5ff1f3","timestamp":"2026-05-31T10:19:15.775Z","url":"/api/v1/predictions/history?limit=100"}
{"level":"info","message":"Incoming request: GET /api/v1/analytics/dashboard?bypassCache=false","method":"GET","requestId":"37b2d53e-dfbb-4eb6-b50f-6946c83c9179","timestamp":"2026-05-31T10:19:20.866Z","url":"/api/v1/analytics/dashboard?bypassCache=false"}
{"level":"info","message":"Request completed: GET /api/v1/analytics/dashboard?bypassCache=false [Status: 304] - 8ms","method":"GET","requestId":"37b2d53e-dfbb-4eb6-b50f-6946c83c9179","timestamp":"2026-05-31T10:19:20.874Z","url":"/api/v1/analytics/dashboard?bypassCache=false"}
{"level":"info","message":"Incoming request: GET /api/v1/analytics/dashboard?bypassCache=false","method":"GET","requestId":"7985a023-f22b-4a45-bebc-4a5e23dc3297","timestamp":"2026-05-31T10:19:20.882Z","url":"/api/v1/analytics/dashboard?bypassCache=false"}
{"level":"info","message":"Request completed: GET /api/v1/analytics/dashboard?bypassCache=false [Status: 304] - 11ms","method":"GET","requestId":"7985a023-f22b-4a45-bebc-4a5e23dc3297","timestamp":"2026-05-31T10:19:20.893Z","url":"/api/v1/analytics/dashboard?bypassCache=false"}
{"level":"info","message":"Incoming request: GET /api/v1/analytics/performance?bypassCache=false","method":"GET","requestId":"7a917ffd-7a36-402e-aafc-768a3450fca7","timestamp":"2026-05-31T10:19:20.962Z","url":"/api/v1/analytics/performance?bypassCache=false"}
{"level":"info","message":"Request completed: GET /api/v1/analytics/performance?bypassCache=false [Status: 304] - 9ms","method":"GET","requestId":"7a917ffd-7a36-402e-aafc-768a3450fca7","timestamp":"2026-05-31T10:19:20.971Z","url":"/api/v1/analytics/performance?bypassCache=false"}
{"level":"info","message":"Incoming request: GET /api/v1/analytics/branches-comparison","method":"GET","requestId":"1b7be8a6-4c09-4ee7-928a-11e414ae8c2d","timestamp":"2026-05-31T10:19:20.981Z","url":"/api/v1/analytics/branches-comparison"}
{"level":"info","message":"Request completed: GET /api/v1/analytics/branches-comparison [Status: 304] - 10ms","method":"GET","requestId":"1b7be8a6-4c09-4ee7-928a-11e414ae8c2d","timestamp":"2026-05-31T10:19:20.991Z","url":"/api/v1/analytics/branches-comparison"}
{"level":"info","message":"Incoming request: GET /api/v1/analytics/performance?bypassCache=false","method":"GET","requestId":"03cb754a-aeed-450a-a10b-ce651c346f6b","timestamp":"2026-05-31T10:19:20.999Z","url":"/api/v1/analytics/performance?bypassCache=false"}
{"level":"info","message":"Request completed: GET /api/v1/analytics/performance?bypassCache=false [Status: 304] - 7ms","method":"GET","requestId":"03cb754a-aeed-450a-a10b-ce651c346f6b","timestamp":"2026-05-31T10:19:21.006Z","url":"/api/v1/analytics/performance?bypassCache=false"}
{"level":"info","message":"Incoming request: GET /api/v1/analytics/branches-comparison","method":"GET","requestId":"abde5fd7-cdf3-4227-a243-436d9ed7d255","timestamp":"2026-05-31T10:19:21.065Z","url":"/api/v1/analytics/branches-comparison"}
{"level":"info","message":"Request completed: GET /api/v1/analytics/branches-comparison [Status: 304] - 13ms","method":"GET","requestId":"abde5fd7-cdf3-4227-a243-436d9ed7d255","timestamp":"2026-05-31T10:19:21.079Z","url":"/api/v1/analytics/branches-comparison"}
{"level":"info","message":"Incoming request: GET /api/v1/predictions/history?limit=100","method":"GET","requestId":"cfd8b575-00c0-4568-80db-63fc058079ff","timestamp":"2026-05-31T10:19:21.107Z","url":"/api/v1/predictions/history?limit=100"}
{"level":"info","message":"Request completed: GET /api/v1/predictions/history?limit=100 [Status: 304] - 83ms","method":"GET","requestId":"cfd8b575-00c0-4568-80db-63fc058079ff","timestamp":"2026-05-31T10:19:21.190Z","url":"/api/v1/predictions/history?limit=100"}
{"level":"info","message":"Incoming request: GET /api/v1/predictions/history?limit=100","method":"GET","requestId":"2a70211d-6218-4e34-941f-9c9ed3cf9d34","timestamp":"2026-05-31T10:19:21.213Z","url":"/api/v1/predictions/history?limit=100"}
{"level":"info","message":"Request completed: GET /api/v1/predictions/history?limit=100 [Status: 304] - 91ms","method":"GET","requestId":"2a70211d-6218-4e34-941f-9c9ed3cf9d34","timestamp":"2026-05-31T10:19:21.304Z","url":"/api/v1/predictions/history?limit=100"}
{"level":"info","message":"Incoming request: GET /api/v1/analytics/dashboard?bypassCache=true","method":"GET","requestId":"1a22e8bb-579e-4912-b664-bf2c4072de28","timestamp":"2026-05-31T10:19:32.919Z","url":"/api/v1/analytics/dashboard?bypassCache=true"}
{"level":"info","message":"Request completed: GET /api/v1/analytics/dashboard?bypassCache=true [Status: 304] - 863ms","method":"GET","requestId":"1a22e8bb-579e-4912-b664-bf2c4072de28","timestamp":"2026-05-31T10:19:33.782Z","url":"/api/v1/analytics/dashboard?bypassCache=true"}
{"level":"info","message":"Incoming request: GET /api/v1/analytics/performance?bypassCache=true","method":"GET","requestId":"15ffcd2d-554b-4841-865c-d799b6b7f489","timestamp":"2026-05-31T10:19:33.990Z","url":"/api/v1/analytics/performance?bypassCache=true"}
{"level":"info","message":"Incoming request: GET /api/v1/analytics/branches-comparison","method":"GET","requestId":"50ac9a13-66ba-4053-b511-edd31fdcce01","timestamp":"2026-05-31T10:19:34.005Z","url":"/api/v1/analytics/branches-comparison"}
{"level":"info","message":"Request completed: GET /api/v1/analytics/branches-comparison [Status: 304] - 24ms","method":"GET","requestId":"50ac9a13-66ba-4053-b511-edd31fdcce01","timestamp":"2026-05-31T10:19:34.029Z","url":"/api/v1/analytics/branches-comparison"}
{"level":"info","message":"Request completed: GET /api/v1/analytics/performance?bypassCache=true [Status: 304] - 240ms","method":"GET","requestId":"15ffcd2d-554b-4841-865c-d799b6b7f489","timestamp":"2026-05-31T10:19:34.230Z","url":"/api/v1/analytics/performance?bypassCache=true"}
{"level":"info","message":"Incoming request: GET /api/v1/predictions/history?limit=100","method":"GET","requestId":"f75a6f6b-6ae1-410f-98b0-edfeadabb19b","timestamp":"2026-05-31T10:19:34.316Z","url":"/api/v1/predictions/history?limit=100"}
{"level":"info","message":"Request completed: GET /api/v1/predictions/history?limit=100 [Status: 304] - 355ms","method":"GET","requestId":"f75a6f6b-6ae1-410f-98b0-edfeadabb19b","timestamp":"2026-05-31T10:19:34.671Z","url":"/api/v1/predictions/history?limit=100"}
{"level":"info","message":"Incoming request: GET /api/v1/analytics/dashboard?bypassCache=true","method":"GET","requestId":"35549367-6773-452d-aa5d-6923722e6e50","timestamp":"2026-05-31T10:19:44.913Z","url":"/api/v1/analytics/dashboard?bypassCache=true"}
{"level":"info","message":"Request completed: GET /api/v1/analytics/dashboard?bypassCache=true [Status: 304] - 461ms","method":"GET","requestId":"35549367-6773-452d-aa5d-6923722e6e50","timestamp":"2026-05-31T10:19:45.374Z","url":"/api/v1/analytics/dashboard?bypassCache=true"}
{"level":"info","message":"Incoming request: GET /api/v1/analytics/performance?bypassCache=true","method":"GET","requestId":"34564716-1032-438e-a5db-a135c32f7d14","timestamp":"2026-05-31T10:19:45.474Z","url":"/api/v1/analytics/performance?bypassCache=true"}
{"level":"info","message":"Incoming request: GET /api/v1/analytics/branches-comparison","method":"GET","requestId":"b288d255-9193-4d97-9362-8bbf94e7da8a","timestamp":"2026-05-31T10:19:45.485Z","url":"/api/v1/analytics/branches-comparison"}
{"level":"info","message":"Request completed: GET /api/v1/analytics/branches-comparison [Status: 304] - 6ms","method":"GET","requestId":"b288d255-9193-4d97-9362-8bbf94e7da8a","timestamp":"2026-05-31T10:19:45.491Z","url":"/api/v1/analytics/branches-comparison"}
{"level":"info","message":"Request completed: GET /api/v1/analytics/performance?bypassCache=true [Status: 304] - 183ms","method":"GET","requestId":"34564716-1032-438e-a5db-a135c32f7d14","timestamp":"2026-05-31T10:19:45.657Z","url":"/api/v1/analytics/performance?bypassCache=true"}
{"level":"info","message":"Incoming request: GET /api/v1/predictions/history?limit=100","method":"GET","requestId":"e89b4075-d75b-4be8-b865-9abaa861ea38","timestamp":"2026-05-31T10:19:46.058Z","url":"/api/v1/predictions/history?limit=100"}
{"level":"info","message":"Request completed: GET /api/v1/predictions/history?limit=100 [Status: 304] - 219ms","method":"GET","requestId":"e89b4075-d75b-4be8-b865-9abaa861ea38","timestamp":"2026-05-31T10:19:46.276Z","url":"/api/v1/predictions/history?limit=100"}
{"level":"info","message":"Incoming request: GET /api/v1/analytics/dashboard?bypassCache=true","method":"GET","requestId":"aded354b-6e05-4187-aced-fa005246fb44","timestamp":"2026-05-31T10:19:56.923Z","url":"/api/v1/analytics/dashboard?bypassCache=true"}
{"level":"info","message":"Request completed: GET /api/v1/analytics/dashboard?bypassCache=true [Status: 304] - 387ms","method":"GET","requestId":"aded354b-6e05-4187-aced-fa005246fb44","timestamp":"2026-05-31T10:19:57.309Z","url":"/api/v1/analytics/dashboard?bypassCache=true"}
{"level":"info","message":"Incoming request: GET /api/v1/analytics/performance?bypassCache=true","method":"GET","requestId":"f5b4c636-31c2-4bd4-a65c-b7ca4fdb4b32","timestamp":"2026-05-31T10:19:57.365Z","url":"/api/v1/analytics/performance?bypassCache=true"}
{"level":"info","message":"Incoming request: GET /api/v1/analytics/branches-comparison","method":"GET","requestId":"30cbfe10-55a7-4979-8a91-2885db5b22ad","timestamp":"2026-05-31T10:19:57.379Z","url":"/api/v1/analytics/branches-comparison"}
{"level":"info","message":"Request completed: GET /api/v1/analytics/branches-comparison [Status: 304] - 6ms","method":"GET","requestId":"30cbfe10-55a7-4979-8a91-2885db5b22ad","timestamp":"2026-05-31T10:19:57.385Z","url":"/api/v1/analytics/branches-comparison"}
{"level":"info","message":"Request completed: GET /api/v1/analytics/performance?bypassCache=true [Status: 304] - 118ms","method":"GET","requestId":"f5b4c636-31c2-4bd4-a65c-b7ca4fdb4b32","timestamp":"2026-05-31T10:19:57.484Z","url":"/api/v1/analytics/performance?bypassCache=true"}
{"level":"info","message":"Incoming request: GET /api/v1/predictions/history?limit=100","method":"GET","requestId":"d17b60ef-893e-41a1-b00f-8620a637570c","timestamp":"2026-05-31T10:19:57.666Z","url":"/api/v1/predictions/history?limit=100"}
{"level":"info","message":"Request completed: GET /api/v1/predictions/history?limit=100 [Status: 304] - 110ms","method":"GET","requestId":"d17b60ef-893e-41a1-b00f-8620a637570c","timestamp":"2026-05-31T10:19:57.776Z","url":"/api/v1/predictions/history?limit=100"}
{"level":"info","message":"Incoming request: GET /api/v1/analytics/dashboard?bypassCache=false","method":"GET","requestId":"6622ee08-dc1a-41a0-988c-efba2ca8fa0e","timestamp":"2026-05-31T10:20:06.846Z","url":"/api/v1/analytics/dashboard?bypassCache=false"}
{"level":"info","message":"Request completed: GET /api/v1/analytics/dashboard?bypassCache=false [Status: 304] - 11ms","method":"GET","requestId":"6622ee08-dc1a-41a0-988c-efba2ca8fa0e","timestamp":"2026-05-31T10:20:06.857Z","url":"/api/v1/analytics/dashboard?bypassCache=false"}
{"level":"info","message":"Incoming request: GET /api/v1/analytics/dashboard?bypassCache=false","method":"GET","requestId":"51d92b97-438f-42c8-8bc9-5eb74a3e4eed","timestamp":"2026-05-31T10:20:06.861Z","url":"/api/v1/analytics/dashboard?bypassCache=false"}
{"level":"info","message":"Request completed: GET /api/v1/analytics/dashboard?bypassCache=false [Status: 304] - 8ms","method":"GET","requestId":"51d92b97-438f-42c8-8bc9-5eb74a3e4eed","timestamp":"2026-05-31T10:20:06.869Z","url":"/api/v1/analytics/dashboard?bypassCache=false"}
{"level":"info","message":"Incoming request: GET /api/v1/analytics/performance?bypassCache=false","method":"GET","requestId":"f8aeae65-42a8-4670-9de4-e7a5956dbd86","timestamp":"2026-05-31T10:20:06.885Z","url":"/api/v1/analytics/performance?bypassCache=false"}
{"level":"info","message":"Request completed: GET /api/v1/analytics/performance?bypassCache=false [Status: 304] - 8ms","method":"GET","requestId":"f8aeae65-42a8-4670-9de4-e7a5956dbd86","timestamp":"2026-05-31T10:20:06.893Z","url":"/api/v1/analytics/performance?bypassCache=false"}
{"level":"info","message":"Incoming request: GET /api/v1/analytics/branches-comparison","method":"GET","requestId":"8dbe5e7d-eb36-4f5b-949c-79b125261002","timestamp":"2026-05-31T10:20:06.897Z","url":"/api/v1/analytics/branches-comparison"}
{"level":"info","message":"Request completed: GET /api/v1/analytics/branches-comparison [Status: 304] - 6ms","method":"GET","requestId":"8dbe5e7d-eb36-4f5b-949c-79b125261002","timestamp":"2026-05-31T10:20:06.903Z","url":"/api/v1/analytics/branches-comparison"}
{"level":"info","message":"Incoming request: GET /api/v1/analytics/performance?bypassCache=false","method":"GET","requestId":"b40559b5-ac1a-4c33-9c66-1ae9214dcd00","timestamp":"2026-05-31T10:20:07.016Z","url":"/api/v1/analytics/performance?bypassCache=false"}
{"level":"info","message":"Request completed: GET /api/v1/analytics/performance?bypassCache=false [Status: 304] - 5ms","method":"GET","requestId":"b40559b5-ac1a-4c33-9c66-1ae9214dcd00","timestamp":"2026-05-31T10:20:07.021Z","url":"/api/v1/analytics/performance?bypassCache=false"}
{"level":"info","message":"Incoming request: GET /api/v1/analytics/branches-comparison","method":"GET","requestId":"214c9a65-cd61-4009-8c5f-9f747531a8e8","timestamp":"2026-05-31T10:20:07.028Z","url":"/api/v1/analytics/branches-comparison"}
{"level":"info","message":"Request completed: GET /api/v1/analytics/branches-comparison [Status: 304] - 24ms","method":"GET","requestId":"214c9a65-cd61-4009-8c5f-9f747531a8e8","timestamp":"2026-05-31T10:20:07.052Z","url":"/api/v1/analytics/branches-comparison"}
{"level":"info","message":"Incoming request: GET /api/v1/predictions/history?limit=100","method":"GET","requestId":"bc111d5a-8432-4873-a883-ca2890582951","timestamp":"2026-05-31T10:20:07.053Z","url":"/api/v1/predictions/history?limit=100"}
{"level":"info","message":"Request completed: GET /api/v1/predictions/history?limit=100 [Status: 304] - 188ms","method":"GET","requestId":"bc111d5a-8432-4873-a883-ca2890582951","timestamp":"2026-05-31T10:20:07.241Z","url":"/api/v1/predictions/history?limit=100"}
{"level":"info","message":"Incoming request: GET /api/v1/predictions/history?limit=100","method":"GET","requestId":"c86046af-ad92-4d8e-8a16-4dec33f4ae79","timestamp":"2026-05-31T10:20:09.740Z","url":"/api/v1/predictions/history?limit=100"}
{"level":"info","message":"Request completed: GET /api/v1/predictions/history?limit=100 [Status: 304] - 105ms","method":"GET","requestId":"c86046af-ad92-4d8e-8a16-4dec33f4ae79","timestamp":"2026-05-31T10:20:09.845Z","url":"/api/v1/predictions/history?limit=100"}
{"level":"info","message":"Incoming request: GET /api/v1/analytics/dashboard?bypassCache=true","method":"GET","requestId":"8cb384d1-0570-497b-a81f-9513361a20a5","timestamp":"2026-05-31T10:20:18.804Z","url":"/api/v1/analytics/dashboard?bypassCache=true"}
{"level":"info","message":"Request completed: GET /api/v1/analytics/dashboard?bypassCache=true [Status: 304] - 333ms","method":"GET","requestId":"8cb384d1-0570-497b-a81f-9513361a20a5","timestamp":"2026-05-31T10:20:19.137Z","url":"/api/v1/analytics/dashboard?bypassCache=true"}
{"level":"info","message":"Incoming request: GET /api/v1/analytics/performance?bypassCache=true","method":"GET","requestId":"3e8293be-a733-4aec-90b1-29999c6433cd","timestamp":"2026-05-31T10:20:19.170Z","url":"/api/v1/analytics/performance?bypassCache=true"}
{"level":"info","message":"Incoming request: GET /api/v1/analytics/branches-comparison","method":"GET","requestId":"46f5a106-ce0c-4558-ab72-ab6114446635","timestamp":"2026-05-31T10:20:19.185Z","url":"/api/v1/analytics/branches-comparison"}
{"level":"info","message":"Request completed: GET /api/v1/analytics/branches-comparison [Status: 304] - 22ms","method":"GET","requestId":"46f5a106-ce0c-4558-ab72-ab6114446635","timestamp":"2026-05-31T10:20:19.207Z","url":"/api/v1/analytics/branches-comparison"}
{"level":"info","message":"Request completed: GET /api/v1/analytics/performance?bypassCache=true [Status: 304] - 137ms","method":"GET","requestId":"3e8293be-a733-4aec-90b1-29999c6433cd","timestamp":"2026-05-31T10:20:19.307Z","url":"/api/v1/analytics/performance?bypassCache=true"}
{"level":"info","message":"Incoming request: GET /api/v1/predictions/history?limit=100","method":"GET","requestId":"9c9e7080-bb1d-4e84-b0b0-6b97c0cff6cd","timestamp":"2026-05-31T10:20:19.615Z","url":"/api/v1/predictions/history?limit=100"}
{"level":"info","message":"Request completed: GET /api/v1/predictions/history?limit=100 [Status: 304] - 141ms","method":"GET","requestId":"9c9e7080-bb1d-4e84-b0b0-6b97c0cff6cd","timestamp":"2026-05-31T10:20:19.756Z","url":"/api/v1/predictions/history?limit=100"}
{"level":"info","message":"Incoming request: GET /api/v1/employees?page=1&limit=100","method":"GET","requestId":"9554ee7b-25fc-44e3-bd97-b2cc51d602bb","timestamp":"2026-05-31T10:20:29.840Z","url":"/api/v1/employees?page=1&limit=100"}
{"level":"info","message":"Request completed: GET /api/v1/employees?page=1&limit=100 [Status: 304] - 224ms","method":"GET","requestId":"9554ee7b-25fc-44e3-bd97-b2cc51d602bb","timestamp":"2026-05-31T10:20:30.064Z","url":"/api/v1/employees?page=1&limit=100"}
{"level":"info","message":"Incoming request: GET /api/v1/employees?page=1&limit=100","method":"GET","requestId":"5c726b74-4da2-4857-93e0-4b4d8e6af2cc","timestamp":"2026-05-31T10:20:30.072Z","url":"/api/v1/employees?page=1&limit=100"}
{"level":"info","message":"Request completed: GET /api/v1/employees?page=1&limit=100 [Status: 304] - 95ms","method":"GET","requestId":"5c726b74-4da2-4857-93e0-4b4d8e6af2cc","timestamp":"2026-05-31T10:20:30.167Z","url":"/api/v1/employees?page=1&limit=100"}
{"level":"info","message":"Incoming request: GET /api/v1/analytics/dashboard?bypassCache=false","method":"GET","requestId":"d86e3f4c-2cea-47fe-a034-5da00fe075dd","timestamp":"2026-05-31T10:23:43.234Z","url":"/api/v1/analytics/dashboard?bypassCache=false"}
{"level":"info","message":"Request completed: GET /api/v1/analytics/dashboard?bypassCache=false [Status: 401] - 500ms","method":"GET","requestId":"d86e3f4c-2cea-47fe-a034-5da00fe075dd","timestamp":"2026-05-31T10:23:43.597Z","url":"/api/v1/analytics/dashboard?bypassCache=false"}
{"level":"info","message":"Incoming request: POST /api/v1/auth/refresh","method":"POST","requestId":"9b20ecd7-5c17-4aec-aee9-016b6504e197","timestamp":"2026-05-31T10:23:43.905Z","url":"/api/v1/auth/refresh"}
{"level":"info","message":"Request completed: POST /api/v1/auth/refresh [Status: 404] - 70ms","method":"POST","requestId":"9b20ecd7-5c17-4aec-aee9-016b6504e197","timestamp":"2026-05-31T10:23:43.974Z","url":"/api/v1/auth/refresh"}
{"level":"info","message":"Incoming request: GET /api/v1/analytics/dashboard?bypassCache=false","method":"GET","requestId":"482d1f89-6298-484e-a503-6111ea882c71","timestamp":"2026-05-31T10:23:43.999Z","url":"/api/v1/analytics/dashboard?bypassCache=false"}
{"level":"info","message":"Request completed: GET /api/v1/analytics/dashboard?bypassCache=false [Status: 401] - 134ms","method":"GET","requestId":"482d1f89-6298-484e-a503-6111ea882c71","timestamp":"2026-05-31T10:23:44.134Z","url":"/api/v1/analytics/dashboard?bypassCache=false"}
{"level":"info","message":"Client disconnected from WebSocket: uuwGpyEiazMw4tAAAAAL","timestamp":"2026-05-31T10:23:44.337Z"}
{"level":"info","message":"Incoming request: POST /api/v1/auth/login","method":"POST","requestId":"36884af7-cb80-44a5-bc22-3ca4e59d18d9","timestamp":"2026-05-31T10:26:04.858Z","url":"/api/v1/auth/login"}
{"level":"info","message":"User admin@alphamatrix.com logged in successfully","method":"POST","requestId":"36884af7-cb80-44a5-bc22-3ca4e59d18d9","timestamp":"2026-05-31T10:26:06.176Z","url":"/api/v1/auth/login"}
{"level":"info","message":"Request completed: POST /api/v1/auth/login [Status: 200] - 1330ms","method":"POST","requestId":"36884af7-cb80-44a5-bc22-3ca4e59d18d9","timestamp":"2026-05-31T10:26:06.186Z","url":"/api/v1/auth/login"}
{"level":"info","message":"Client connected to WebSocket: GoX03Dql6tdpLWs6AAAN","timestamp":"2026-05-31T10:26:07.290Z"}
{"level":"info","message":"Incoming request: GET /api/v1/analytics/dashboard?bypassCache=false","method":"GET","requestId":"8a518528-2411-414b-82bc-07a1a509dabb","timestamp":"2026-05-31T10:26:10.526Z","url":"/api/v1/analytics/dashboard?bypassCache=false"}
{"level":"info","message":"Request completed: GET /api/v1/analytics/dashboard?bypassCache=false [Status: 200] - 890ms","method":"GET","requestId":"8a518528-2411-414b-82bc-07a1a509dabb","timestamp":"2026-05-31T10:26:11.416Z","url":"/api/v1/analytics/dashboard?bypassCache=false"}
{"level":"info","message":"Incoming request: GET /api/v1/analytics/dashboard?bypassCache=false","method":"GET","requestId":"f371b35d-7473-407e-9800-d40bf03e51cf","timestamp":"2026-05-31T10:26:11.437Z","url":"/api/v1/analytics/dashboard?bypassCache=false"}
{"level":"info","message":"Request completed: GET /api/v1/analytics/dashboard?bypassCache=false [Status: 200] - 14ms","method":"GET","requestId":"f371b35d-7473-407e-9800-d40bf03e51cf","timestamp":"2026-05-31T10:26:11.451Z","url":"/api/v1/analytics/dashboard?bypassCache=false"}
{"level":"info","message":"Incoming request: GET /api/v1/analytics/performance?bypassCache=false","method":"GET","requestId":"3cba2a24-6f29-4009-82f6-81aa3b1293ed","timestamp":"2026-05-31T10:26:12.088Z","url":"/api/v1/analytics/performance?bypassCache=false"}
{"level":"info","message":"Request completed: GET /api/v1/analytics/performance?bypassCache=false [Status: 200] - 56ms","method":"GET","requestId":"3cba2a24-6f29-4009-82f6-81aa3b1293ed","timestamp":"2026-05-31T10:26:12.144Z","url":"/api/v1/analytics/performance?bypassCache=false"}
{"level":"info","message":"Incoming request: GET /api/v1/analytics/branches-comparison","method":"GET","requestId":"a9c1db9e-bb5e-4d15-b14d-34d82a1f561b","timestamp":"2026-05-31T10:26:12.545Z","url":"/api/v1/analytics/branches-comparison"}
{"level":"info","message":"Request completed: GET /api/v1/analytics/branches-comparison [Status: 200] - 304ms","method":"GET","requestId":"a9c1db9e-bb5e-4d15-b14d-34d82a1f561b","timestamp":"2026-05-31T10:26:12.849Z","url":"/api/v1/analytics/branches-comparison"}
{"level":"info","message":"Incoming request: GET /api/v1/analytics/performance?bypassCache=false","method":"GET","requestId":"c72d3df1-9b9c-43cf-a197-86fdb55f515a","timestamp":"2026-05-31T10:26:13.450Z","url":"/api/v1/analytics/performance?bypassCache=false"}
{"level":"info","message":"Request completed: GET /api/v1/analytics/performance?bypassCache=false [Status: 200] - 7ms","method":"GET","requestId":"c72d3df1-9b9c-43cf-a197-86fdb55f515a","timestamp":"2026-05-31T10:26:13.457Z","url":"/api/v1/analytics/performance?bypassCache=false"}
{"level":"info","message":"Incoming request: GET /api/v1/analytics/branches-comparison","method":"GET","requestId":"415b9746-0d40-48db-bd74-ddab6b14c6bf","timestamp":"2026-05-31T10:26:13.639Z","url":"/api/v1/analytics/branches-comparison"}
{"level":"info","message":"Request completed: GET /api/v1/analytics/branches-comparison [Status: 200] - 6ms","method":"GET","requestId":"415b9746-0d40-48db-bd74-ddab6b14c6bf","timestamp":"2026-05-31T10:26:13.645Z","url":"/api/v1/analytics/branches-comparison"}
{"level":"info","message":"Incoming request: GET /api/v1/predictions/history?limit=100","method":"GET","requestId":"96f61260-cdc8-4bf7-bc7e-90dc50d91eb8","timestamp":"2026-05-31T10:26:14.765Z","url":"/api/v1/predictions/history?limit=100"}
{"level":"info","message":"Request completed: GET /api/v1/predictions/history?limit=100 [Status: 304] - 151ms","method":"GET","requestId":"96f61260-cdc8-4bf7-bc7e-90dc50d91eb8","timestamp":"2026-05-31T10:26:14.915Z","url":"/api/v1/predictions/history?limit=100"}
{"level":"info","message":"Incoming request: GET /api/v1/predictions/history?limit=100","method":"GET","requestId":"b28d9220-4626-414f-ab09-13764e45123c","timestamp":"2026-05-31T10:26:15.070Z","url":"/api/v1/predictions/history?limit=100"}
{"level":"info","message":"Request completed: GET /api/v1/predictions/history?limit=100 [Status: 304] - 65ms","method":"GET","requestId":"b28d9220-4626-414f-ab09-13764e45123c","timestamp":"2026-05-31T10:26:15.136Z","url":"/api/v1/predictions/history?limit=100"}
{"level":"info","message":"Incoming request: GET /api/v1/analytics/dashboard?bypassCache=true","method":"GET","requestId":"8e23f27f-7886-4fd3-a4b4-e36a6d3e9757","timestamp":"2026-05-31T10:26:33.146Z","url":"/api/v1/analytics/dashboard?bypassCache=true"}
{"level":"info","message":"Request completed: GET /api/v1/analytics/dashboard?bypassCache=true [Status: 304] - 1912ms","method":"GET","requestId":"8e23f27f-7886-4fd3-a4b4-e36a6d3e9757","timestamp":"2026-05-31T10:26:35.058Z","url":"/api/v1/analytics/dashboard?bypassCache=true"}
{"level":"info","message":"Incoming request: GET /api/v1/analytics/dashboard?bypassCache=true","method":"GET","requestId":"beb420e7-176b-49e3-8c6b-679f871fc18c","timestamp":"2026-05-31T10:26:35.081Z","url":"/api/v1/analytics/dashboard?bypassCache=true"}
{"level":"info","message":"Incoming request: GET /api/v1/analytics/performance?bypassCache=true","method":"GET","requestId":"2b231031-9bc5-41e0-8231-28b29bcc72e1","timestamp":"2026-05-31T10:26:35.228Z","url":"/api/v1/analytics/performance?bypassCache=true"}
{"level":"info","message":"Incoming request: GET /api/v1/analytics/branches-comparison","method":"GET","requestId":"533c9850-6578-42c5-9896-d01c4214a534","timestamp":"2026-05-31T10:26:35.238Z","url":"/api/v1/analytics/branches-comparison"}
{"level":"info","message":"Request completed: GET /api/v1/analytics/branches-comparison [Status: 304] - 16ms","method":"GET","requestId":"533c9850-6578-42c5-9896-d01c4214a534","timestamp":"2026-05-31T10:26:35.254Z","url":"/api/v1/analytics/branches-comparison"}
{"level":"info","message":"Request completed: GET /api/v1/analytics/dashboard?bypassCache=true [Status: 304] - 228ms","method":"GET","requestId":"beb420e7-176b-49e3-8c6b-679f871fc18c","timestamp":"2026-05-31T10:26:35.310Z","url":"/api/v1/analytics/dashboard?bypassCache=true"}
{"level":"info","message":"Request completed: GET /api/v1/analytics/performance?bypassCache=true [Status: 304] - 102ms","method":"GET","requestId":"2b231031-9bc5-41e0-8231-28b29bcc72e1","timestamp":"2026-05-31T10:26:35.330Z","url":"/api/v1/analytics/performance?bypassCache=true"}
{"level":"info","message":"Incoming request: GET /api/v1/analytics/performance?bypassCache=true","method":"GET","requestId":"cf1cc452-658c-4d90-a8bd-0dd9c6211d3b","timestamp":"2026-05-31T10:26:36.144Z","url":"/api/v1/analytics/performance?bypassCache=true"}
{"level":"info","message":"Incoming request: GET /api/v1/analytics/branches-comparison","method":"GET","requestId":"2dc0c3bb-7006-4e40-8a2a-0b1d516bfffc","timestamp":"2026-05-31T10:26:36.159Z","url":"/api/v1/analytics/branches-comparison"}
{"level":"info","message":"Request completed: GET /api/v1/analytics/branches-comparison [Status: 304] - 5ms","method":"GET","requestId":"2dc0c3bb-7006-4e40-8a2a-0b1d516bfffc","timestamp":"2026-05-31T10:26:36.164Z","url":"/api/v1/analytics/branches-comparison"}
{"level":"info","message":"Incoming request: GET /api/v1/predictions/history?limit=100","method":"GET","requestId":"0306f41d-f7b2-40e4-9f71-c4c39980375f","timestamp":"2026-05-31T10:26:36.173Z","url":"/api/v1/predictions/history?limit=100"}
{"level":"info","message":"Request completed: GET /api/v1/analytics/performance?bypassCache=true [Status: 304] - 167ms","method":"GET","requestId":"cf1cc452-658c-4d90-a8bd-0dd9c6211d3b","timestamp":"2026-05-31T10:26:36.311Z","url":"/api/v1/analytics/performance?bypassCache=true"}
{"level":"info","message":"Request completed: GET /api/v1/predictions/history?limit=100 [Status: 304] - 202ms","method":"GET","requestId":"0306f41d-f7b2-40e4-9f71-c4c39980375f","timestamp":"2026-05-31T10:26:36.375Z","url":"/api/v1/predictions/history?limit=100"}
{"level":"info","message":"Incoming request: GET /api/v1/predictions/history?limit=100","method":"GET","requestId":"90d48431-e311-454c-b878-6bba6d8640e3","timestamp":"2026-05-31T10:26:37.444Z","url":"/api/v1/predictions/history?limit=100"}
{"level":"info","message":"Request completed: GET /api/v1/predictions/history?limit=100 [Status: 304] - 128ms","method":"GET","requestId":"90d48431-e311-454c-b878-6bba6d8640e3","timestamp":"2026-05-31T10:26:37.572Z","url":"/api/v1/predictions/history?limit=100"}
{"level":"info","message":"Incoming request: GET /api/v1/analytics/dashboard?bypassCache=true","method":"GET","requestId":"e3c420e6-59a0-4b44-81f0-415598bdb18a","timestamp":"2026-05-31T10:26:46.532Z","url":"/api/v1/analytics/dashboard?bypassCache=true"}
{"level":"info","message":"Request completed: GET /api/v1/analytics/dashboard?bypassCache=true [Status: 304] - 179ms","method":"GET","requestId":"e3c420e6-59a0-4b44-81f0-415598bdb18a","timestamp":"2026-05-31T10:26:46.711Z","url":"/api/v1/analytics/dashboard?bypassCache=true"}
{"level":"info","message":"Incoming request: GET /api/v1/analytics/performance?bypassCache=true","method":"GET","requestId":"b74b4581-62ee-4111-b9a5-0176d430576e","timestamp":"2026-05-31T10:26:46.749Z","url":"/api/v1/analytics/performance?bypassCache=true"}
{"level":"info","message":"Incoming request: GET /api/v1/analytics/branches-comparison","method":"GET","requestId":"4d8432e1-afdd-48a8-b0ca-0bce73f28999","timestamp":"2026-05-31T10:26:46.766Z","url":"/api/v1/analytics/branches-comparison"}
{"level":"info","message":"Request completed: GET /api/v1/analytics/branches-comparison [Status: 304] - 9ms","method":"GET","requestId":"4d8432e1-afdd-48a8-b0ca-0bce73f28999","timestamp":"2026-05-31T10:26:46.775Z","url":"/api/v1/analytics/branches-comparison"}
{"level":"info","message":"Request completed: GET /api/v1/analytics/performance?bypassCache=true [Status: 304] - 68ms","method":"GET","requestId":"b74b4581-62ee-4111-b9a5-0176d430576e","timestamp":"2026-05-31T10:26:46.817Z","url":"/api/v1/analytics/performance?bypassCache=true"}
{"level":"info","message":"Incoming request: GET /api/v1/predictions/history?limit=100","method":"GET","requestId":"bb4840b5-dfb1-466c-8403-d8297b4fa128","timestamp":"2026-05-31T10:26:47.032Z","url":"/api/v1/predictions/history?limit=100"}
{"level":"info","message":"Request completed: GET /api/v1/predictions/history?limit=100 [Status: 304] - 121ms","method":"GET","requestId":"bb4840b5-dfb1-466c-8403-d8297b4fa128","timestamp":"2026-05-31T10:26:47.153Z","url":"/api/v1/predictions/history?limit=100"}
{"level":"info","message":"Incoming request: GET /api/v1/analytics/dashboard?bypassCache=true","method":"GET","requestId":"77ff0de4-6e6f-4acc-92e1-b58ac5d5aaf4","timestamp":"2026-05-31T10:26:58.526Z","url":"/api/v1/analytics/dashboard?bypassCache=true"}
{"level":"info","message":"Request completed: GET /api/v1/analytics/dashboard?bypassCache=true [Status: 304] - 165ms","method":"GET","requestId":"77ff0de4-6e6f-4acc-92e1-b58ac5d5aaf4","timestamp":"2026-05-31T10:26:58.691Z","url":"/api/v1/analytics/dashboard?bypassCache=true"}
{"level":"info","message":"Incoming request: GET /api/v1/analytics/performance?bypassCache=true","method":"GET","requestId":"658e9461-8b75-422d-9f6d-fd5a388f138a","timestamp":"2026-05-31T10:26:58.725Z","url":"/api/v1/analytics/performance?bypassCache=true"}
{"level":"info","message":"Incoming request: GET /api/v1/analytics/branches-comparison","method":"GET","requestId":"5bc0d1eb-f214-40d0-8ec9-eb99c0ec6227","timestamp":"2026-05-31T10:26:58.759Z","url":"/api/v1/analytics/branches-comparison"}
{"level":"info","message":"Request completed: GET /api/v1/analytics/branches-comparison [Status: 304] - 10ms","method":"GET","requestId":"5bc0d1eb-f214-40d0-8ec9-eb99c0ec6227","timestamp":"2026-05-31T10:26:58.769Z","url":"/api/v1/analytics/branches-comparison"}
{"level":"info","message":"Request completed: GET /api/v1/analytics/performance?bypassCache=true [Status: 304] - 49ms","method":"GET","requestId":"658e9461-8b75-422d-9f6d-fd5a388f138a","timestamp":"2026-05-31T10:26:58.775Z","url":"/api/v1/analytics/performance?bypassCache=true"}
{"level":"info","message":"Incoming request: GET /api/v1/predictions/history?limit=100","method":"GET","requestId":"2adee8c2-5f26-468b-b6fd-e906a3ab4e51","timestamp":"2026-05-31T10:26:58.990Z","url":"/api/v1/predictions/history?limit=100"}
{"level":"info","message":"Request completed: GET /api/v1/predictions/history?limit=100 [Status: 304] - 63ms","method":"GET","requestId":"2adee8c2-5f26-468b-b6fd-e906a3ab4e51","timestamp":"2026-05-31T10:26:59.054Z","url":"/api/v1/predictions/history?limit=100"}
{"level":"info","message":"Incoming request: GET /api/v1/analytics/dashboard?bypassCache=false","method":"GET","requestId":"5ad93369-37da-4086-9220-f9f31bf50b87","timestamp":"2026-05-31T10:27:09.281Z","url":"/api/v1/analytics/dashboard?bypassCache=false"}
{"level":"info","message":"Request completed: GET /api/v1/analytics/dashboard?bypassCache=false [Status: 304] - 8ms","method":"GET","requestId":"5ad93369-37da-4086-9220-f9f31bf50b87","timestamp":"2026-05-31T10:27:09.289Z","url":"/api/v1/analytics/dashboard?bypassCache=false"}
{"level":"info","message":"Incoming request: GET /api/v1/analytics/dashboard?bypassCache=false","method":"GET","requestId":"c4a254af-397c-4901-821d-1fe915680903","timestamp":"2026-05-31T10:27:09.293Z","url":"/api/v1/analytics/dashboard?bypassCache=false"}
{"level":"info","message":"Request completed: GET /api/v1/analytics/dashboard?bypassCache=false [Status: 304] - 7ms","method":"GET","requestId":"c4a254af-397c-4901-821d-1fe915680903","timestamp":"2026-05-31T10:27:09.300Z","url":"/api/v1/analytics/dashboard?bypassCache=false"}
{"level":"info","message":"Incoming request: GET /api/v1/analytics/performance?bypassCache=false","method":"GET","requestId":"dbaf1fc5-58ca-4315-a974-a947d8e19c0a","timestamp":"2026-05-31T10:27:09.387Z","url":"/api/v1/analytics/performance?bypassCache=false"}
{"level":"info","message":"Request completed: GET /api/v1/analytics/performance?bypassCache=false [Status: 429] - 6ms","method":"GET","requestId":"dbaf1fc5-58ca-4315-a974-a947d8e19c0a","timestamp":"2026-05-31T10:27:09.393Z","url":"/api/v1/analytics/performance?bypassCache=false"}
{"level":"info","message":"Incoming request: GET /api/v1/analytics/branches-comparison","method":"GET","requestId":"f86f5d9f-fb67-424d-8c66-53457dd1dd83","timestamp":"2026-05-31T10:27:09.395Z","url":"/api/v1/analytics/branches-comparison"}
{"level":"info","message":"Request completed: GET /api/v1/analytics/branches-comparison [Status: 429] - 3ms","method":"GET","requestId":"f86f5d9f-fb67-424d-8c66-53457dd1dd83","timestamp":"2026-05-31T10:27:09.399Z","url":"/api/v1/analytics/branches-comparison"}
{"level":"info","message":"Incoming request: GET /api/v1/analytics/performance?bypassCache=false","method":"GET","requestId":"575e44dd-0610-40f3-93ec-aa60853b8265","timestamp":"2026-05-31T10:27:09.409Z","url":"/api/v1/analytics/performance?bypassCache=false"}
{"level":"info","message":"Request completed: GET /api/v1/analytics/performance?bypassCache=false [Status: 429] - 2ms","method":"GET","requestId":"575e44dd-0610-40f3-93ec-aa60853b8265","timestamp":"2026-05-31T10:27:09.411Z","url":"/api/v1/analytics/performance?bypassCache=false"}
{"level":"info","message":"Incoming request: GET /api/v1/analytics/branches-comparison","method":"GET","requestId":"c83c0bd1-41e6-45cf-8a6f-d5170f5a7421","timestamp":"2026-05-31T10:27:09.415Z","url":"/api/v1/analytics/branches-comparison"}
{"level":"info","message":"Request completed: GET /api/v1/analytics/branches-comparison [Status: 429] - 2ms","method":"GET","requestId":"c83c0bd1-41e6-45cf-8a6f-d5170f5a7421","timestamp":"2026-05-31T10:27:09.417Z","url":"/api/v1/analytics/branches-comparison"}
{"level":"info","message":"Incoming request: GET /api/v1/analytics/dashboard?bypassCache=false","method":"GET","requestId":"84658857-41ad-4e11-81fe-95d1950f96f5","timestamp":"2026-05-31T10:27:21.517Z","url":"/api/v1/analytics/dashboard?bypassCache=false"}
{"level":"info","message":"Request completed: GET /api/v1/analytics/dashboard?bypassCache=false [Status: 429] - 4ms","method":"GET","requestId":"84658857-41ad-4e11-81fe-95d1950f96f5","timestamp":"2026-05-31T10:27:21.521Z","url":"/api/v1/analytics/dashboard?bypassCache=false"}
{"level":"info","message":"Incoming request: GET /api/v1/analytics/dashboard?bypassCache=false","method":"GET","requestId":"bfc991bb-8589-4052-9b58-083825b057de","timestamp":"2026-05-31T10:27:21.549Z","url":"/api/v1/analytics/dashboard?bypassCache=false"}
{"level":"info","message":"Request completed: GET /api/v1/analytics/dashboard?bypassCache=false [Status: 429] - 2ms","method":"GET","requestId":"bfc991bb-8589-4052-9b58-083825b057de","timestamp":"2026-05-31T10:27:21.551Z","url":"/api/v1/analytics/dashboard?bypassCache=false"}
{"level":"info","message":"Incoming request: GET /api/v1/analytics/dashboard?bypassCache=true","method":"GET","requestId":"3b404874-318a-4b37-b3ed-4f658c503041","timestamp":"2026-05-31T10:27:33.489Z","url":"/api/v1/analytics/dashboard?bypassCache=true"}
{"level":"info","message":"Request completed: GET /api/v1/analytics/dashboard?bypassCache=true [Status: 429] - 2ms","method":"GET","requestId":"3b404874-318a-4b37-b3ed-4f658c503041","timestamp":"2026-05-31T10:27:33.491Z","url":"/api/v1/analytics/dashboard?bypassCache=true"}
{"level":"info","message":"Incoming request: POST /api/auth/register","method":"POST","requestId":"d4519862-7ed9-4f5c-a9c5-c73d2dd230ef","timestamp":"2026-07-25T07:31:56.769Z","url":"/api/auth/register"}
{"level":"info","message":"User john@alphamatrix.com registered successfully","method":"POST","requestId":"d4519862-7ed9-4f5c-a9c5-c73d2dd230ef","timestamp":"2026-07-25T07:31:56.836Z","url":"/api/auth/register"}
{"level":"info","message":"Request completed: POST /api/auth/register [Status: 201] - 89ms","method":"POST","requestId":"d4519862-7ed9-4f5c-a9c5-c73d2dd230ef","timestamp":"2026-07-25T07:31:56.857Z","url":"/api/auth/register"}
{"level":"info","message":"Incoming request: POST /api/auth/register","method":"POST","requestId":"843ae7b2-6460-4f9e-b61b-c415ce6c1bc2","timestamp":"2026-07-25T07:31:56.952Z","url":"/api/auth/register"}
{"level":"info","message":"Request completed: POST /api/auth/register [Status: 400] - 71ms","method":"POST","requestId":"843ae7b2-6460-4f9e-b61b-c415ce6c1bc2","timestamp":"2026-07-25T07:31:57.023Z","url":"/api/auth/register"}
{"level":"info","message":"Incoming request: POST /api/auth/login","method":"POST","requestId":"274e1a60-41f4-40ab-9123-9819285252e9","timestamp":"2026-07-25T07:31:57.193Z","url":"/api/auth/login"}
{"level":"info","message":"User john@alphamatrix.com logged in successfully","method":"POST","requestId":"274e1a60-41f4-40ab-9123-9819285252e9","timestamp":"2026-07-25T07:31:57.224Z","url":"/api/auth/login"}
{"level":"info","message":"Request completed: POST /api/auth/login [Status: 200] - 49ms","method":"POST","requestId":"274e1a60-41f4-40ab-9123-9819285252e9","timestamp":"2026-07-25T07:31:57.242Z","url":"/api/auth/login"}
{"level":"warn","message":"Redis reconnection limit exceeded. Staying in in-memory fallback mode.","timestamp":"2026-07-25T07:31:57.867Z"}
{"level":"info","message":"Server initialized successfully on port 5000","timestamp":"2026-07-25T07:33:01.517Z"}
{"level":"info","message":"MongoDB Connected: localhost","timestamp":"2026-07-25T07:33:01.622Z"}
{"level":"warn","message":"Redis reconnection limit exceeded. Staying in in-memory fallback mode.","timestamp":"2026-07-25T07:33:02.235Z"}
{"level":"info","message":"Server initialized successfully on port 5000","timestamp":"2026-07-25T07:55:47.850Z"}
{"level":"info","message":"MongoDB Connected: localhost","timestamp":"2026-07-25T07:55:47.893Z"}
{"level":"warn","message":"Redis reconnection limit exceeded. Staying in in-memory fallback mode.","timestamp":"2026-07-25T07:55:48.598Z"}
{"level":"info","message":"Server initialized successfully on port 5000","timestamp":"2026-07-25T07:55:52.805Z"}
{"level":"info","message":"MongoDB Connected: localhost","timestamp":"2026-07-25T07:55:52.853Z"}
{"level":"warn","message":"Redis reconnection limit exceeded. Staying in in-memory fallback mode.","timestamp":"2026-07-25T07:55:53.479Z"}
{"level":"info","message":"Server initialized successfully on port 5000","timestamp":"2026-07-25T07:55:59.779Z"}
{"level":"info","message":"MongoDB Connected: localhost","timestamp":"2026-07-25T07:55:59.824Z"}
{"level":"warn","message":"Redis reconnection limit exceeded. Staying in in-memory fallback mode.","timestamp":"2026-07-25T07:56:00.494Z"}
{"level":"info","message":"Server initialized successfully on port 5000","timestamp":"2026-07-25T07:56:04.032Z"}
{"level":"info","message":"MongoDB Connected: localhost","timestamp":"2026-07-25T07:56:04.060Z"}
{"level":"warn","message":"Redis reconnection limit exceeded. Staying in in-memory fallback mode.","timestamp":"2026-07-25T07:56:04.698Z"}
{"level":"info","message":"Server initialized successfully on port 5000","timestamp":"2026-07-25T07:56:16.423Z"}
{"level":"info","message":"MongoDB Connected: localhost","timestamp":"2026-07-25T07:56:16.493Z"}
{"level":"warn","message":"Redis reconnection limit exceeded. Staying in in-memory fallback mode.","timestamp":"2026-07-25T07:56:17.124Z"}
{"level":"info","message":"Server initialized successfully on port 5000","timestamp":"2026-07-25T07:56:29.478Z"}
{"level":"info","message":"MongoDB Connected: localhost","timestamp":"2026-07-25T07:56:29.542Z"}
{"level":"warn","message":"Redis reconnection limit exceeded. Staying in in-memory fallback mode.","timestamp":"2026-07-25T07:56:30.166Z"}
{"level":"info","message":"Server initialized successfully on port 5000","timestamp":"2026-07-25T07:56:37.178Z"}
{"level":"info","message":"MongoDB Connected: localhost","timestamp":"2026-07-25T07:56:37.238Z"}
{"level":"warn","message":"Redis reconnection limit exceeded. Staying in in-memory fallback mode.","timestamp":"2026-07-25T07:56:37.872Z"}
{"level":"info","message":"Server initialized successfully on port 5000","timestamp":"2026-07-25T07:56:52.672Z"}
{"level":"info","message":"MongoDB Connected: localhost","timestamp":"2026-07-25T07:56:52.706Z"}
{"level":"warn","message":"Redis reconnection limit exceeded. Staying in in-memory fallback mode.","timestamp":"2026-07-25T07:56:53.341Z"}
{"level":"info","message":"Server initialized successfully on port 5000","timestamp":"2026-07-25T07:56:57.864Z"}
{"level":"info","message":"MongoDB Connected: localhost","timestamp":"2026-07-25T07:56:57.907Z"}
{"level":"warn","message":"Redis reconnection limit exceeded. Staying in in-memory fallback mode.","timestamp":"2026-07-25T07:56:58.569Z"}
{"level":"info","message":"Server initialized successfully on port 5000","timestamp":"2026-07-25T07:57:49.336Z"}
{"level":"info","message":"MongoDB Connected: localhost","timestamp":"2026-07-25T07:57:49.373Z"}
{"level":"warn","message":"Redis reconnection limit exceeded. Staying in in-memory fallback mode.","timestamp":"2026-07-25T07:57:50.019Z"}
{"level":"info","message":"Server initialized successfully on port 5000","timestamp":"2026-07-25T07:58:09.736Z"}
{"level":"info","message":"MongoDB Connected: localhost","timestamp":"2026-07-25T07:58:09.789Z"}
{"level":"warn","message":"Redis reconnection limit exceeded. Staying in in-memory fallback mode.","timestamp":"2026-07-25T07:58:10.420Z"}
{"level":"info","message":"Server initialized successfully on port 5000","timestamp":"2026-07-25T07:58:29.873Z"}
{"level":"info","message":"MongoDB Connected: localhost","timestamp":"2026-07-25T07:58:29.939Z"}
{"level":"warn","message":"Redis reconnection limit exceeded. Staying in in-memory fallback mode.","timestamp":"2026-07-25T07:58:30.587Z"}
{"level":"info","message":"Server initialized successfully on port 5000","timestamp":"2026-07-25T07:59:00.657Z"}
{"level":"info","message":"MongoDB Connected: localhost","timestamp":"2026-07-25T07:59:00.686Z"}
{"level":"warn","message":"Redis reconnection limit exceeded. Staying in in-memory fallback mode.","timestamp":"2026-07-25T07:59:01.328Z"}
{"level":"info","message":"Client connected to WebSocket: nV9NpmOj42pWDynmAAAB","timestamp":"2026-07-25T08:03:28.883Z"}
{"level":"info","message":"Incoming request: POST /api/v1/auth/login","method":"POST","requestId":"c326853a-c712-43ed-adf6-89c7b413aea3","timestamp":"2026-07-25T08:04:04.488Z","url":"/api/v1/auth/login"}
{"level":"info","message":"User admin@alphamatrix.com logged in successfully","method":"POST","requestId":"c326853a-c712-43ed-adf6-89c7b413aea3","timestamp":"2026-07-25T08:04:09.270Z","url":"/api/v1/auth/login"}
{"level":"info","message":"Request completed: POST /api/v1/auth/login [Status: 200] - 4900ms","method":"POST","requestId":"c326853a-c712-43ed-adf6-89c7b413aea3","timestamp":"2026-07-25T08:04:09.386Z","url":"/api/v1/auth/login"}
{"level":"info","message":"Client disconnected from WebSocket: nV9NpmOj42pWDynmAAAB","timestamp":"2026-07-25T08:04:09.454Z"}
{"level":"info","message":"Client connected to WebSocket: YjkDYCY6fLuvDJgKAAAD","timestamp":"2026-07-25T08:04:09.660Z"}
{"level":"info","message":"Incoming request: GET /api/v1/analytics/dashboard?bypassCache=false","method":"GET","requestId":"647d5e33-38ca-49ac-aaa3-8f474211f5f6","timestamp":"2026-07-25T08:04:14.172Z","url":"/api/v1/analytics/dashboard?bypassCache=false"}
{"level":"info","message":"Request completed: GET /api/v1/analytics/dashboard?bypassCache=false [Status: 200] - 1203ms","method":"GET","requestId":"647d5e33-38ca-49ac-aaa3-8f474211f5f6","timestamp":"2026-07-25T08:04:15.375Z","url":"/api/v1/analytics/dashboard?bypassCache=false"}
{"level":"info","message":"Incoming request: GET /api/v1/analytics/dashboard?bypassCache=false","method":"GET","requestId":"22e78472-f394-42f5-a4b9-31bf38eade39","timestamp":"2026-07-25T08:04:15.390Z","url":"/api/v1/analytics/dashboard?bypassCache=false"}
{"level":"info","message":"Request completed: GET /api/v1/analytics/dashboard?bypassCache=false [Status: 200] - 188ms","method":"GET","requestId":"22e78472-f394-42f5-a4b9-31bf38eade39","timestamp":"2026-07-25T08:04:15.578Z","url":"/api/v1/analytics/dashboard?bypassCache=false"}
{"level":"info","message":"Incoming request: GET /api/v1/analytics/performance?bypassCache=false","method":"GET","requestId":"0dac323d-bd2c-45a1-a722-5522812a6f49","timestamp":"2026-07-25T08:04:15.673Z","url":"/api/v1/analytics/performance?bypassCache=false"}
{"level":"info","message":"Incoming request: GET /api/v1/analytics/branches-comparison","method":"GET","requestId":"7d1b94d3-5f2e-410a-b023-8d095b690894","timestamp":"2026-07-25T08:04:17.904Z","url":"/api/v1/analytics/branches-comparison"}
{"level":"info","message":"Request completed: GET /api/v1/analytics/performance?bypassCache=false [Status: 200] - 2365ms","method":"GET","requestId":"0dac323d-bd2c-45a1-a722-5522812a6f49","timestamp":"2026-07-25T08:04:18.039Z","url":"/api/v1/analytics/performance?bypassCache=false"}
{"level":"info","message":"Incoming request: GET /api/v1/analytics/performance?bypassCache=false","method":"GET","requestId":"d47a3bad-b8b1-486a-af7b-da26c34fab84","timestamp":"2026-07-25T08:04:18.292Z","url":"/api/v1/analytics/performance?bypassCache=false"}
{"level":"info","message":"Request completed: GET /api/v1/analytics/performance?bypassCache=false [Status: 200] - 35ms","method":"GET","requestId":"d47a3bad-b8b1-486a-af7b-da26c34fab84","timestamp":"2026-07-25T08:04:18.327Z","url":"/api/v1/analytics/performance?bypassCache=false"}
{"level":"info","message":"Request completed: GET /api/v1/analytics/branches-comparison [Status: 200] - 1668ms","method":"GET","requestId":"7d1b94d3-5f2e-410a-b023-8d095b690894","timestamp":"2026-07-25T08:04:19.668Z","url":"/api/v1/analytics/branches-comparison"}
{"level":"info","message":"Incoming request: GET /api/v1/analytics/branches-comparison","method":"GET","requestId":"096a0ebd-89cf-41c2-854b-049b1e9ea5fa","timestamp":"2026-07-25T08:04:19.704Z","url":"/api/v1/analytics/branches-comparison"}
{"level":"info","message":"Request completed: GET /api/v1/analytics/branches-comparison [Status: 200] - 56ms","method":"GET","requestId":"096a0ebd-89cf-41c2-854b-049b1e9ea5fa","timestamp":"2026-07-25T08:04:19.760Z","url":"/api/v1/analytics/branches-comparison"}
{"level":"info","message":"Incoming request: GET /api/v1/predictions/history?limit=100","method":"GET","requestId":"98f5f525-6c3a-49b3-ade3-076b4cb12333","timestamp":"2026-07-25T08:04:19.876Z","url":"/api/v1/predictions/history?limit=100"}
{"level":"info","message":"Request completed: GET /api/v1/predictions/history?limit=100 [Status: 200] - 758ms","method":"GET","requestId":"98f5f525-6c3a-49b3-ade3-076b4cb12333","timestamp":"2026-07-25T08:04:20.635Z","url":"/api/v1/predictions/history?limit=100"}
{"level":"info","message":"Incoming request: GET /api/v1/predictions/history?limit=100","method":"GET","requestId":"6d9f00c9-919c-49e7-aea2-ad2f18415a6d","timestamp":"2026-07-25T08:04:20.699Z","url":"/api/v1/predictions/history?limit=100"}
{"level":"info","message":"Request completed: GET /api/v1/predictions/history?limit=100 [Status: 304] - 501ms","method":"GET","requestId":"6d9f00c9-919c-49e7-aea2-ad2f18415a6d","timestamp":"2026-07-25T08:04:21.200Z","url":"/api/v1/predictions/history?limit=100"}
{"level":"info","message":"Incoming request: GET /api/v1/analytics/dashboard?bypassCache=true","method":"GET","requestId":"ebf03506-700e-4548-bc99-59c9e0a1dee9","timestamp":"2026-07-25T08:04:26.054Z","url":"/api/v1/analytics/dashboard?bypassCache=true"}
{"level":"info","message":"Request completed: GET /api/v1/analytics/dashboard?bypassCache=true [Status: 200] - 662ms","method":"GET","requestId":"ebf03506-700e-4548-bc99-59c9e0a1dee9","timestamp":"2026-07-25T08:04:26.715Z","url":"/api/v1/analytics/dashboard?bypassCache=true"}
{"level":"info","message":"Incoming request: GET /api/v1/analytics/branches-comparison","method":"GET","requestId":"d9ef90f9-b98c-4efc-a276-a82674b847e6","timestamp":"2026-07-25T08:04:26.865Z","url":"/api/v1/analytics/branches-comparison"}
{"level":"info","message":"Request completed: GET /api/v1/analytics/branches-comparison [Status: 304] - 127ms","method":"GET","requestId":"d9ef90f9-b98c-4efc-a276-a82674b847e6","timestamp":"2026-07-25T08:04:26.992Z","url":"/api/v1/analytics/branches-comparison"}
{"level":"info","message":"Incoming request: GET /api/v1/analytics/performance?bypassCache=true","method":"GET","requestId":"7d633d53-1753-4080-bbda-e906c984f6f4","timestamp":"2026-07-25T08:04:26.995Z","url":"/api/v1/analytics/performance?bypassCache=true"}
{"level":"info","message":"Request completed: GET /api/v1/analytics/performance?bypassCache=true [Status: 200] - 1119ms","method":"GET","requestId":"7d633d53-1753-4080-bbda-e906c984f6f4","timestamp":"2026-07-25T08:04:28.114Z","url":"/api/v1/analytics/performance?bypassCache=true"}
{"level":"info","message":"Incoming request: GET /api/v1/predictions/history?limit=100","method":"GET","requestId":"fb6a211d-590f-41f1-a3ec-73d9712bfbab","timestamp":"2026-07-25T08:04:28.135Z","url":"/api/v1/predictions/history?limit=100"}
{"level":"info","message":"Request completed: GET /api/v1/predictions/history?limit=100 [Status: 304] - 631ms","method":"GET","requestId":"fb6a211d-590f-41f1-a3ec-73d9712bfbab","timestamp":"2026-07-25T08:04:28.766Z","url":"/api/v1/predictions/history?limit=100"}
{"level":"info","message":"Incoming request: GET /api/v1/analytics/dashboard?bypassCache=true","method":"GET","requestId":"251b4df3-2fb6-4871-8e0e-012d1abc85f2","timestamp":"2026-07-25T08:04:38.021Z","url":"/api/v1/analytics/dashboard?bypassCache=true"}
{"level":"info","message":"Request completed: GET /api/v1/analytics/dashboard?bypassCache=true [Status: 304] - 299ms","method":"GET","requestId":"251b4df3-2fb6-4871-8e0e-012d1abc85f2","timestamp":"2026-07-25T08:04:38.320Z","url":"/api/v1/analytics/dashboard?bypassCache=true"}
{"level":"info","message":"Incoming request: GET /api/v1/branches?search=","method":"GET","requestId":"a0d6bcdf-393b-4911-831e-6375e9ee9a1b","timestamp":"2026-07-25T08:04:38.411Z","url":"/api/v1/branches?search="}
{"level":"info","message":"Incoming request: GET /api/v1/analytics/performance?bypassCache=true","method":"GET","requestId":"009e8f41-550a-40f3-9885-46c36c3bae52","timestamp":"2026-07-25T08:04:38.596Z","url":"/api/v1/analytics/performance?bypassCache=true"}
{"level":"info","message":"Incoming request: GET /api/v1/analytics/branches-comparison","method":"GET","requestId":"a6de8f56-455d-4606-8de4-513989e5a833","timestamp":"2026-07-25T08:04:38.615Z","url":"/api/v1/analytics/branches-comparison"}
{"level":"info","message":"Request completed: GET /api/v1/analytics/branches-comparison [Status: 304] - 15ms","method":"GET","requestId":"a6de8f56-455d-4606-8de4-513989e5a833","timestamp":"2026-07-25T08:04:38.631Z","url":"/api/v1/analytics/branches-comparison"}
{"level":"info","message":"Request completed: GET /api/v1/branches?search= [Status: 200] - 325ms","method":"GET","requestId":"a0d6bcdf-393b-4911-831e-6375e9ee9a1b","timestamp":"2026-07-25T08:04:38.736Z","url":"/api/v1/branches?search="}
{"level":"info","message":"Incoming request: GET /api/v1/branches?search=","method":"GET","requestId":"459dd385-4b85-42fa-b7e4-8611ee0d8bc7","timestamp":"2026-07-25T08:04:38.755Z","url":"/api/v1/branches?search="}
{"level":"info","message":"Request completed: GET /api/v1/analytics/performance?bypassCache=true [Status: 304] - 180ms","method":"GET","requestId":"009e8f41-550a-40f3-9885-46c36c3bae52","timestamp":"2026-07-25T08:04:38.776Z","url":"/api/v1/analytics/performance?bypassCache=true"}
{"level":"info","message":"Incoming request: GET /api/v1/predictions/history?limit=100","method":"GET","requestId":"523a1f6f-0ce6-4449-af18-d25741a5d668","timestamp":"2026-07-25T08:04:38.891Z","url":"/api/v1/predictions/history?limit=100"}
{"level":"info","message":"Request completed: GET /api/v1/branches?search= [Status: 304] - 182ms","method":"GET","requestId":"459dd385-4b85-42fa-b7e4-8611ee0d8bc7","timestamp":"2026-07-25T08:04:38.937Z","url":"/api/v1/branches?search="}
{"level":"info","message":"Request completed: GET /api/v1/predictions/history?limit=100 [Status: 304] - 234ms","method":"GET","requestId":"523a1f6f-0ce6-4449-af18-d25741a5d668","timestamp":"2026-07-25T08:04:39.125Z","url":"/api/v1/predictions/history?limit=100"}
{"level":"info","message":"Incoming request: GET /api/v1/approvals?status=PENDING","method":"GET","requestId":"56799954-5ed4-4cb5-9a6d-8dfc737dadca","timestamp":"2026-07-25T08:05:06.123Z","url":"/api/v1/approvals?status=PENDING"}
{"level":"info","message":"Request completed: GET /api/v1/approvals?status=PENDING [Status: 200] - 195ms","method":"GET","requestId":"56799954-5ed4-4cb5-9a6d-8dfc737dadca","timestamp":"2026-07-25T08:05:06.317Z","url":"/api/v1/approvals?status=PENDING"}
{"level":"info","message":"Incoming request: GET /api/v1/approvals?status=PENDING","method":"GET","requestId":"bd4d1858-5b79-488e-8f42-e5bb85583c79","timestamp":"2026-07-25T08:05:06.320Z","url":"/api/v1/approvals?status=PENDING"}
{"level":"info","message":"Request completed: GET /api/v1/approvals?status=PENDING [Status: 304] - 106ms","method":"GET","requestId":"bd4d1858-5b79-488e-8f42-e5bb85583c79","timestamp":"2026-07-25T08:05:06.426Z","url":"/api/v1/approvals?status=PENDING"}
{"level":"info","message":"Incoming request: GET /api/v1/courses?search=","method":"GET","requestId":"eb4a77dc-ee2e-46c0-9810-7f793a0e0146","timestamp":"2026-07-25T08:05:27.079Z","url":"/api/v1/courses?search="}
{"level":"info","message":"Request completed: GET /api/v1/courses?search= [Status: 200] - 235ms","method":"GET","requestId":"eb4a77dc-ee2e-46c0-9810-7f793a0e0146","timestamp":"2026-07-25T08:05:27.315Z","url":"/api/v1/courses?search="}
{"level":"info","message":"Incoming request: GET /api/v1/courses?search=","method":"GET","requestId":"86555b6a-a1cf-4954-9dcb-c480164ced59","timestamp":"2026-07-25T08:05:27.316Z","url":"/api/v1/courses?search="}
{"level":"info","message":"Request completed: GET /api/v1/courses?search= [Status: 304] - 211ms","method":"GET","requestId":"86555b6a-a1cf-4954-9dcb-c480164ced59","timestamp":"2026-07-25T08:05:27.527Z","url":"/api/v1/courses?search="}
{"level":"info","message":"Incoming request: GET /api/v1/pips","method":"GET","requestId":"3d0fbaf6-33fe-407a-a835-af1b7b5c75b0","timestamp":"2026-07-25T08:05:48.867Z","url":"/api/v1/pips"}
{"level":"info","message":"Incoming request: GET /api/v1/employees?limit=100","method":"GET","requestId":"2cab69bc-49ee-459e-b7b2-2957e976a1b8","timestamp":"2026-07-25T08:05:48.937Z","url":"/api/v1/employees?limit=100"}
{"level":"info","message":"Request completed: GET /api/v1/pips [Status: 200] - 344ms","method":"GET","requestId":"3d0fbaf6-33fe-407a-a835-af1b7b5c75b0","timestamp":"2026-07-25T08:05:49.210Z","url":"/api/v1/pips"}
{"level":"info","message":"Incoming request: GET /api/v1/pips","method":"GET","requestId":"0625938d-0fd0-4d7c-b162-b5863f92c6bc","timestamp":"2026-07-25T08:05:49.310Z","url":"/api/v1/pips"}
{"level":"info","message":"Request completed: GET /api/v1/employees?limit=100 [Status: 200] - 437ms","method":"GET","requestId":"2cab69bc-49ee-459e-b7b2-2957e976a1b8","timestamp":"2026-07-25T08:05:49.374Z","url":"/api/v1/employees?limit=100"}
{"level":"info","message":"Request completed: GET /api/v1/pips [Status: 304] - 71ms","method":"GET","requestId":"0625938d-0fd0-4d7c-b162-b5863f92c6bc","timestamp":"2026-07-25T08:05:49.381Z","url":"/api/v1/pips"}
{"level":"info","message":"Incoming request: GET /api/v1/employees?limit=100","method":"GET","requestId":"0a297c28-4100-4013-80cc-507821086d97","timestamp":"2026-07-25T08:05:49.406Z","url":"/api/v1/employees?limit=100"}
{"level":"info","message":"Request completed: GET /api/v1/employees?limit=100 [Status: 304] - 117ms","method":"GET","requestId":"0a297c28-4100-4013-80cc-507821086d97","timestamp":"2026-07-25T08:05:49.523Z","url":"/api/v1/employees?limit=100"}
{"level":"info","message":"Incoming request: POST /api/v1/pips","method":"POST","requestId":"a8d36288-c2e2-4c6d-9a95-be7d2c6b74a3","timestamp":"2026-07-25T08:07:53.855Z","url":"/api/v1/pips"}
{"level":"info","message":"Request completed: POST /api/v1/pips [Status: 404] - 3211ms","method":"POST","requestId":"a8d36288-c2e2-4c6d-9a95-be7d2c6b74a3","timestamp":"2026-07-25T08:07:57.023Z","url":"/api/v1/pips"}
{"level":"info","message":"Incoming request: GET /api/v1/ethical-rules","method":"GET","requestId":"207fd65b-a4e8-4eee-b9b2-a54dd3671c2c","timestamp":"2026-07-25T08:09:07.254Z","url":"/api/v1/ethical-rules"}
{"level":"info","message":"Request completed: GET /api/v1/ethical-rules [Status: 200] - 240ms","method":"GET","requestId":"207fd65b-a4e8-4eee-b9b2-a54dd3671c2c","timestamp":"2026-07-25T08:09:07.495Z","url":"/api/v1/ethical-rules"}
{"level":"info","message":"Incoming request: GET /api/v1/ethical-rules","method":"GET","requestId":"6b6404a4-0aef-4c44-88e8-74d7e8d9c7e7","timestamp":"2026-07-25T08:09:07.509Z","url":"/api/v1/ethical-rules"}
{"level":"info","message":"Request completed: GET /api/v1/ethical-rules [Status: 304] - 50ms","method":"GET","requestId":"6b6404a4-0aef-4c44-88e8-74d7e8d9c7e7","timestamp":"2026-07-25T08:09:07.559Z","url":"/api/v1/ethical-rules"}
{"level":"info","message":"Incoming request: GET /api/v1/analytics/dashboard?bypassCache=false","method":"GET","requestId":"d77bb774-cb47-4213-9ce4-ce00453c17d8","timestamp":"2026-07-25T08:14:31.966Z","url":"/api/v1/analytics/dashboard?bypassCache=false"}
{"level":"info","message":"Request completed: GET /api/v1/analytics/dashboard?bypassCache=false [Status: 200] - 1048ms","method":"GET","requestId":"d77bb774-cb47-4213-9ce4-ce00453c17d8","timestamp":"2026-07-25T08:14:33.011Z","url":"/api/v1/analytics/dashboard?bypassCache=false"}
{"level":"info","message":"Incoming request: GET /api/v1/analytics/dashboard?bypassCache=false","method":"GET","requestId":"4b891f77-894e-40c2-8106-0bcb5c5c34b1","timestamp":"2026-07-25T08:14:33.025Z","url":"/api/v1/analytics/dashboard?bypassCache=false"}
{"level":"info","message":"Request completed: GET /api/v1/analytics/dashboard?bypassCache=false [Status: 200] - 34ms","method":"GET","requestId":"4b891f77-894e-40c2-8106-0bcb5c5c34b1","timestamp":"2026-07-25T08:14:33.059Z","url":"/api/v1/analytics/dashboard?bypassCache=false"}
{"level":"info","message":"Incoming request: GET /api/v1/analytics/performance?bypassCache=false","method":"GET","requestId":"4e147b14-cf2d-440a-99c2-6a414f5181b7","timestamp":"2026-07-25T08:14:33.107Z","url":"/api/v1/analytics/performance?bypassCache=false"}
{"level":"info","message":"Incoming request: GET /api/v1/analytics/branches-comparison","method":"GET","requestId":"d2e193dc-abbb-4c48-b67b-b8e4ee28439e","timestamp":"2026-07-25T08:14:33.252Z","url":"/api/v1/analytics/branches-comparison"}
{"level":"info","message":"Request completed: GET /api/v1/analytics/performance?bypassCache=false [Status: 200] - 238ms","method":"GET","requestId":"4e147b14-cf2d-440a-99c2-6a414f5181b7","timestamp":"2026-07-25T08:14:33.345Z","url":"/api/v1/analytics/performance?bypassCache=false"}
{"level":"info","message":"Incoming request: GET /api/v1/analytics/performance?bypassCache=false","method":"GET","requestId":"82b034a4-0201-42e9-b012-d2fc66fe046d","timestamp":"2026-07-25T08:14:33.392Z","url":"/api/v1/analytics/performance?bypassCache=false"}
{"level":"info","message":"Request completed: GET /api/v1/analytics/performance?bypassCache=false [Status: 200] - 11ms","method":"GET","requestId":"82b034a4-0201-42e9-b012-d2fc66fe046d","timestamp":"2026-07-25T08:14:33.403Z","url":"/api/v1/analytics/performance?bypassCache=false"}
{"level":"info","message":"Request completed: GET /api/v1/analytics/branches-comparison [Status: 200] - 443ms","method":"GET","requestId":"d2e193dc-abbb-4c48-b67b-b8e4ee28439e","timestamp":"2026-07-25T08:14:33.693Z","url":"/api/v1/analytics/branches-comparison"}
{"level":"info","message":"Incoming request: GET /api/v1/analytics/branches-comparison","method":"GET","requestId":"13e6c935-65ab-4223-9635-ccaebe30c47c","timestamp":"2026-07-25T08:14:33.704Z","url":"/api/v1/analytics/branches-comparison"}
{"level":"info","message":"Request completed: GET /api/v1/analytics/branches-comparison [Status: 200] - 12ms","method":"GET","requestId":"13e6c935-65ab-4223-9635-ccaebe30c47c","timestamp":"2026-07-25T08:14:33.716Z","url":"/api/v1/analytics/branches-comparison"}
{"level":"info","message":"Incoming request: GET /api/v1/predictions/history?limit=100","method":"GET","requestId":"e557d77f-08d3-4106-a882-5c5cbb8f96c2","timestamp":"2026-07-25T08:14:33.879Z","url":"/api/v1/predictions/history?limit=100"}
{"level":"info","message":"Request completed: GET /api/v1/predictions/history?limit=100 [Status: 304] - 261ms","method":"GET","requestId":"e557d77f-08d3-4106-a882-5c5cbb8f96c2","timestamp":"2026-07-25T08:14:34.139Z","url":"/api/v1/predictions/history?limit=100"}
{"level":"info","message":"Incoming request: GET /api/v1/predictions/history?limit=100","method":"GET","requestId":"af0d9cf1-888e-469f-a137-fae7c670c1d2","timestamp":"2026-07-25T08:14:34.157Z","url":"/api/v1/predictions/history?limit=100"}
{"level":"info","message":"Request completed: GET /api/v1/predictions/history?limit=100 [Status: 304] - 108ms","method":"GET","requestId":"af0d9cf1-888e-469f-a137-fae7c670c1d2","timestamp":"2026-07-25T08:14:34.265Z","url":"/api/v1/predictions/history?limit=100"}
{"level":"info","message":"Incoming request: GET /api/v1/analytics/dashboard?bypassCache=true","method":"GET","requestId":"dd93b015-52d9-4520-9b88-b15ae6d630b1","timestamp":"2026-07-25T08:14:43.810Z","url":"/api/v1/analytics/dashboard?bypassCache=true"}
{"level":"info","message":"Request completed: GET /api/v1/analytics/dashboard?bypassCache=true [Status: 304] - 149ms","method":"GET","requestId":"dd93b015-52d9-4520-9b88-b15ae6d630b1","timestamp":"2026-07-25T08:14:43.959Z","url":"/api/v1/analytics/dashboard?bypassCache=true"}
{"level":"info","message":"Incoming request: GET /api/v1/analytics/performance?bypassCache=true","method":"GET","requestId":"c690d1dd-4f79-423d-8118-7db002da8a80","timestamp":"2026-07-25T08:14:43.982Z","url":"/api/v1/analytics/performance?bypassCache=true"}
{"level":"info","message":"Incoming request: GET /api/v1/analytics/branches-comparison","method":"GET","requestId":"b068d30c-0bdb-4d00-8192-a8d1b7cd7bb6","timestamp":"2026-07-25T08:14:43.996Z","url":"/api/v1/analytics/branches-comparison"}
{"level":"info","message":"Request completed: GET /api/v1/analytics/branches-comparison [Status: 304] - 14ms","method":"GET","requestId":"b068d30c-0bdb-4d00-8192-a8d1b7cd7bb6","timestamp":"2026-07-25T08:14:44.010Z","url":"/api/v1/analytics/branches-comparison"}
{"level":"info","message":"Request completed: GET /api/v1/analytics/performance?bypassCache=true [Status: 304] - 114ms","method":"GET","requestId":"c690d1dd-4f79-423d-8118-7db002da8a80","timestamp":"2026-07-25T08:14:44.096Z","url":"/api/v1/analytics/performance?bypassCache=true"}
{"level":"info","message":"Incoming request: GET /api/v1/predictions/history?limit=100","method":"GET","requestId":"377e36c3-cc11-45ea-a0fd-43e1466a41a3","timestamp":"2026-07-25T08:14:44.144Z","url":"/api/v1/predictions/history?limit=100"}
{"level":"info","message":"Request completed: GET /api/v1/predictions/history?limit=100 [Status: 304] - 78ms","method":"GET","requestId":"377e36c3-cc11-45ea-a0fd-43e1466a41a3","timestamp":"2026-07-25T08:14:44.222Z","url":"/api/v1/predictions/history?limit=100"}
{"level":"info","message":"Incoming request: GET /api/v1/analytics/dashboard?bypassCache=true","method":"GET","requestId":"40343f52-2f2d-4920-b6bf-fb75979e6f97","timestamp":"2026-07-25T08:14:55.787Z","url":"/api/v1/analytics/dashboard?bypassCache=true"}
{"level":"info","message":"Request completed: GET /api/v1/analytics/dashboard?bypassCache=true [Status: 304] - 92ms","method":"GET","requestId":"40343f52-2f2d-4920-b6bf-fb75979e6f97","timestamp":"2026-07-25T08:14:55.879Z","url":"/api/v1/analytics/dashboard?bypassCache=true"}
{"level":"info","message":"Incoming request: GET /api/v1/analytics/performance?bypassCache=true","method":"GET","requestId":"b7967576-5e5e-49d8-ac92-74bcbb2b8f71","timestamp":"2026-07-25T08:14:55.892Z","url":"/api/v1/analytics/performance?bypassCache=true"}
{"level":"info","message":"Incoming request: GET /api/v1/analytics/branches-comparison","method":"GET","requestId":"669485ef-890d-4eeb-a53d-e9b0094863c1","timestamp":"2026-07-25T08:14:55.908Z","url":"/api/v1/analytics/branches-comparison"}
{"level":"info","message":"Request completed: GET /api/v1/analytics/branches-comparison [Status: 304] - 12ms","method":"GET","requestId":"669485ef-890d-4eeb-a53d-e9b0094863c1","timestamp":"2026-07-25T08:14:55.920Z","url":"/api/v1/analytics/branches-comparison"}
{"level":"info","message":"Request completed: GET /api/v1/analytics/performance?bypassCache=true [Status: 304] - 130ms","method":"GET","requestId":"b7967576-5e5e-49d8-ac92-74bcbb2b8f71","timestamp":"2026-07-25T08:14:56.022Z","url":"/api/v1/analytics/performance?bypassCache=true"}
{"level":"info","message":"Incoming request: GET /api/v1/predictions/history?limit=100","method":"GET","requestId":"2313ad8a-ab2f-434e-8137-cb3de9fc6a74","timestamp":"2026-07-25T08:14:56.050Z","url":"/api/v1/predictions/history?limit=100"}
{"level":"info","message":"Request completed: GET /api/v1/predictions/history?limit=100 [Status: 304] - 98ms","method":"GET","requestId":"2313ad8a-ab2f-434e-8137-cb3de9fc6a74","timestamp":"2026-07-25T08:14:56.148Z","url":"/api/v1/predictions/history?limit=100"}
{"level":"info","message":"Incoming request: GET /api/v1/analytics/dashboard?bypassCache=true","method":"GET","requestId":"52d4aa6a-0940-4ed7-bfe2-15ceb9454895","timestamp":"2026-07-25T08:15:07.808Z","url":"/api/v1/analytics/dashboard?bypassCache=true"}
{"level":"info","message":"Request completed: GET /api/v1/analytics/dashboard?bypassCache=true [Status: 304] - 141ms","method":"GET","requestId":"52d4aa6a-0940-4ed7-bfe2-15ceb9454895","timestamp":"2026-07-25T08:15:07.949Z","url":"/api/v1/analytics/dashboard?bypassCache=true"}
{"level":"info","message":"Incoming request: GET /api/v1/analytics/branches-comparison","method":"GET","requestId":"33fc8c89-9453-4c41-9c6c-500347778624","timestamp":"2026-07-25T08:15:08.017Z","url":"/api/v1/analytics/branches-comparison"}
{"level":"info","message":"Request completed: GET /api/v1/analytics/branches-comparison [Status: 304] - 19ms","method":"GET","requestId":"33fc8c89-9453-4c41-9c6c-500347778624","timestamp":"2026-07-25T08:15:08.040Z","url":"/api/v1/analytics/branches-comparison"}
{"level":"info","message":"Incoming request: GET /api/v1/analytics/performance?bypassCache=true","method":"GET","requestId":"b5c6db49-0e68-4b3c-aab8-05114dabd214","timestamp":"2026-07-25T08:15:08.044Z","url":"/api/v1/analytics/performance?bypassCache=true"}
{"level":"info","message":"Request completed: GET /api/v1/analytics/performance?bypassCache=true [Status: 304] - 69ms","method":"GET","requestId":"b5c6db49-0e68-4b3c-aab8-05114dabd214","timestamp":"2026-07-25T08:15:08.114Z","url":"/api/v1/analytics/performance?bypassCache=true"}
{"level":"info","message":"Incoming request: GET /api/v1/predictions/history?limit=100","method":"GET","requestId":"280c242b-1a74-4ac6-9827-3546eab166b2","timestamp":"2026-07-25T08:15:08.149Z","url":"/api/v1/predictions/history?limit=100"}
{"level":"info","message":"Request completed: GET /api/v1/predictions/history?limit=100 [Status: 304] - 298ms","method":"GET","requestId":"280c242b-1a74-4ac6-9827-3546eab166b2","timestamp":"2026-07-25T08:15:08.447Z","url":"/api/v1/predictions/history?limit=100"}
{"level":"info","message":"Incoming request: GET /api/v1/branches","method":"GET","requestId":"3c8d3106-6dbd-4633-b005-37a93cab6099","timestamp":"2026-07-25T08:15:19.201Z","url":"/api/v1/branches"}
{"level":"info","message":"Incoming request: GET /api/v1/employees?page=1&limit=8&search=&sortBy=createdAt&sortOrder=desc","method":"GET","requestId":"279654af-24c4-4f57-bcbf-5d04d7751f12","timestamp":"2026-07-25T08:15:19.216Z","url":"/api/v1/employees?page=1&limit=8&search=&sortBy=createdAt&sortOrder=desc"}
{"level":"info","message":"Request completed: GET /api/v1/branches [Status: 200] - 94ms","method":"GET","requestId":"3c8d3106-6dbd-4633-b005-37a93cab6099","timestamp":"2026-07-25T08:15:19.295Z","url":"/api/v1/branches"}
{"level":"info","message":"Incoming request: GET /api/v1/branches","method":"GET","requestId":"6582fdd4-18f6-44eb-b755-827c72a32dea","timestamp":"2026-07-25T08:15:19.323Z","url":"/api/v1/branches"}
{"level":"info","message":"Request completed: GET /api/v1/employees?page=1&limit=8&search=&sortBy=createdAt&sortOrder=desc [Status: 200] - 124ms","method":"GET","requestId":"279654af-24c4-4f57-bcbf-5d04d7751f12","timestamp":"2026-07-25T08:15:19.340Z","url":"/api/v1/employees?page=1&limit=8&search=&sortBy=createdAt&sortOrder=desc"}
{"level":"info","message":"Incoming request: GET /api/v1/employees?page=1&limit=8&search=&sortBy=createdAt&sortOrder=desc","method":"GET","requestId":"067b89d8-c29a-49bf-a9b8-c37270912292","timestamp":"2026-07-25T08:15:19.372Z","url":"/api/v1/employees?page=1&limit=8&search=&sortBy=createdAt&sortOrder=desc"}
{"level":"info","message":"Request completed: GET /api/v1/branches [Status: 304] - 87ms","method":"GET","requestId":"6582fdd4-18f6-44eb-b755-827c72a32dea","timestamp":"2026-07-25T08:15:19.410Z","url":"/api/v1/branches"}
{"level":"info","message":"Request completed: GET /api/v1/employees?page=1&limit=8&search=&sortBy=createdAt&sortOrder=desc [Status: 304] - 65ms","method":"GET","requestId":"067b89d8-c29a-49bf-a9b8-c37270912292","timestamp":"2026-07-25T08:15:19.437Z","url":"/api/v1/employees?page=1&limit=8&search=&sortBy=createdAt&sortOrder=desc"}
{"level":"info","message":"Incoming request: GET /api/v1/branches?search=","method":"GET","requestId":"fc6e89cc-52e0-4fe9-91a0-cda23f007c0e","timestamp":"2026-07-25T08:16:31.830Z","url":"/api/v1/branches?search="}
{"level":"info","message":"Request completed: GET /api/v1/branches?search= [Status: 304] - 489ms","method":"GET","requestId":"fc6e89cc-52e0-4fe9-91a0-cda23f007c0e","timestamp":"2026-07-25T08:16:32.314Z","url":"/api/v1/branches?search="}
{"level":"info","message":"Incoming request: GET /api/v1/branches?search=","method":"GET","requestId":"7ddb026e-ed8a-4c80-a299-fd297627dd49","timestamp":"2026-07-25T08:16:32.320Z","url":"/api/v1/branches?search="}
{"level":"info","message":"Request completed: GET /api/v1/branches?search= [Status: 304] - 54ms","method":"GET","requestId":"7ddb026e-ed8a-4c80-a299-fd297627dd49","timestamp":"2026-07-25T08:16:32.374Z","url":"/api/v1/branches?search="}
{"level":"info","message":"Incoming request: GET /api/v1/employees?page=1&limit=100","method":"GET","requestId":"33d9862f-ae32-4ead-9f0e-8922463f5b40","timestamp":"2026-07-25T08:18:09.357Z","url":"/api/v1/employees?page=1&limit=100"}
{"level":"info","message":"Request completed: GET /api/v1/employees?page=1&limit=100 [Status: 200] - 98ms","method":"GET","requestId":"33d9862f-ae32-4ead-9f0e-8922463f5b40","timestamp":"2026-07-25T08:18:09.455Z","url":"/api/v1/employees?page=1&limit=100"}
{"level":"info","message":"Incoming request: GET /api/v1/employees?page=1&limit=100","method":"GET","requestId":"22fd0c57-081b-44cf-97b8-3bc036859d40","timestamp":"2026-07-25T08:18:09.458Z","url":"/api/v1/employees?page=1&limit=100"}
{"level":"info","message":"Request completed: GET /api/v1/employees?page=1&limit=100 [Status: 304] - 40ms","method":"GET","requestId":"22fd0c57-081b-44cf-97b8-3bc036859d40","timestamp":"2026-07-25T08:18:09.498Z","url":"/api/v1/employees?page=1&limit=100"}
{"level":"info","message":"Incoming request: POST /api/v1/predictions/generate","method":"POST","requestId":"6daae059-fa01-49dc-904f-b190ab063402","timestamp":"2026-07-25T08:21:55.088Z","url":"/api/v1/predictions/generate"}
{"level":"info","message":"Request completed: POST /api/v1/predictions/generate [Status: 401] - 43ms","method":"POST","requestId":"6daae059-fa01-49dc-904f-b190ab063402","timestamp":"2026-07-25T08:21:55.130Z","url":"/api/v1/predictions/generate"}
{"level":"info","message":"Incoming request: POST /api/v1/auth/refresh","method":"POST","requestId":"0faf5252-c184-49b4-bcd7-46cec6fb5c44","timestamp":"2026-07-25T08:21:55.155Z","url":"/api/v1/auth/refresh"}
{"level":"info","message":"Request completed: POST /api/v1/auth/refresh [Status: 404] - 32ms","method":"POST","requestId":"0faf5252-c184-49b4-bcd7-46cec6fb5c44","timestamp":"2026-07-25T08:21:55.187Z","url":"/api/v1/auth/refresh"}
{"level":"info","message":"Client disconnected from WebSocket: YjkDYCY6fLuvDJgKAAAD","timestamp":"2026-07-25T08:21:55.228Z"}
{"level":"info","message":"Incoming request: POST /api/v1/auth/login","method":"POST","requestId":"2779d8ac-1175-4fe0-ae2d-e0284ee0c3bd","timestamp":"2026-07-25T08:22:13.057Z","url":"/api/v1/auth/login"}
{"level":"info","message":"User admin@alphamatrix.com logged in successfully","method":"POST","requestId":"2779d8ac-1175-4fe0-ae2d-e0284ee0c3bd","timestamp":"2026-07-25T08:22:13.611Z","url":"/api/v1/auth/login"}
{"level":"info","message":"Request completed: POST /api/v1/auth/login [Status: 200] - 561ms","method":"POST","requestId":"2779d8ac-1175-4fe0-ae2d-e0284ee0c3bd","timestamp":"2026-07-25T08:22:13.618Z","url":"/api/v1/auth/login"}
{"level":"info","message":"Client connected to WebSocket: PCF2wy94CNLddsC7AAAF","timestamp":"2026-07-25T08:22:13.812Z"}
{"level":"info","message":"Incoming request: GET /api/v1/analytics/dashboard?bypassCache=false","method":"GET","requestId":"389261b7-5ad5-499a-a821-cf1d84f13f1e","timestamp":"2026-07-25T08:22:13.820Z","url":"/api/v1/analytics/dashboard?bypassCache=false"}
{"level":"info","message":"Request completed: GET /api/v1/analytics/dashboard?bypassCache=false [Status: 200] - 242ms","method":"GET","requestId":"389261b7-5ad5-499a-a821-cf1d84f13f1e","timestamp":"2026-07-25T08:22:14.062Z","url":"/api/v1/analytics/dashboard?bypassCache=false"}
{"level":"info","message":"Incoming request: GET /api/v1/analytics/dashboard?bypassCache=false","method":"GET","requestId":"f1046fdf-e0f0-43c0-957f-0bc05264befa","timestamp":"2026-07-25T08:22:14.067Z","url":"/api/v1/analytics/dashboard?bypassCache=false"}
{"level":"info","message":"Request completed: GET /api/v1/analytics/dashboard?bypassCache=false [Status: 200] - 13ms","method":"GET","requestId":"f1046fdf-e0f0-43c0-957f-0bc05264befa","timestamp":"2026-07-25T08:22:14.080Z","url":"/api/v1/analytics/dashboard?bypassCache=false"}
{"level":"info","message":"Incoming request: GET /api/v1/analytics/branches-comparison","method":"GET","requestId":"7d2f8a01-8004-498e-9ecc-96d9553dd086","timestamp":"2026-07-25T08:22:14.108Z","url":"/api/v1/analytics/branches-comparison"}
{"level":"info","message":"Incoming request: GET /api/v1/analytics/performance?bypassCache=false","method":"GET","requestId":"c794acb8-3b93-472e-90a2-c330607cfe2e","timestamp":"2026-07-25T08:22:14.126Z","url":"/api/v1/analytics/performance?bypassCache=false"}
{"level":"info","message":"Request completed: GET /api/v1/analytics/performance?bypassCache=false [Status: 200] - 195ms","method":"GET","requestId":"c794acb8-3b93-472e-90a2-c330607cfe2e","timestamp":"2026-07-25T08:22:14.321Z","url":"/api/v1/analytics/performance?bypassCache=false"}
{"level":"info","message":"Incoming request: GET /api/v1/analytics/performance?bypassCache=false","method":"GET","requestId":"ec2e2504-cee0-4151-b3d0-a2ed070bcc18","timestamp":"2026-07-25T08:22:14.363Z","url":"/api/v1/analytics/performance?bypassCache=false"}
{"level":"info","message":"Request completed: GET /api/v1/analytics/performance?bypassCache=false [Status: 200] - 16ms","method":"GET","requestId":"ec2e2504-cee0-4151-b3d0-a2ed070bcc18","timestamp":"2026-07-25T08:22:14.379Z","url":"/api/v1/analytics/performance?bypassCache=false"}
{"level":"info","message":"Request completed: GET /api/v1/analytics/branches-comparison [Status: 200] - 368ms","method":"GET","requestId":"7d2f8a01-8004-498e-9ecc-96d9553dd086","timestamp":"2026-07-25T08:22:14.476Z","url":"/api/v1/analytics/branches-comparison"}
{"level":"info","message":"Incoming request: GET /api/v1/analytics/branches-comparison","method":"GET","requestId":"7bb837d5-90d5-412e-acd3-ffed907ed12b","timestamp":"2026-07-25T08:22:14.485Z","url":"/api/v1/analytics/branches-comparison"}
{"level":"info","message":"Request completed: GET /api/v1/analytics/branches-comparison [Status: 200] - 9ms","method":"GET","requestId":"7bb837d5-90d5-412e-acd3-ffed907ed12b","timestamp":"2026-07-25T08:22:14.494Z","url":"/api/v1/analytics/branches-comparison"}
{"level":"info","message":"Incoming request: GET /api/v1/predictions/history?limit=100","method":"GET","requestId":"e1658373-aa3d-470f-928a-a4353db40d1c","timestamp":"2026-07-25T08:22:14.554Z","url":"/api/v1/predictions/history?limit=100"}
{"level":"info","message":"Request completed: GET /api/v1/predictions/history?limit=100 [Status: 304] - 207ms","method":"GET","requestId":"e1658373-aa3d-470f-928a-a4353db40d1c","timestamp":"2026-07-25T08:22:14.761Z","url":"/api/v1/predictions/history?limit=100"}
{"level":"info","message":"Incoming request: GET /api/v1/predictions/history?limit=100","method":"GET","requestId":"f6f68347-44fb-403c-aa5a-386a92a8e468","timestamp":"2026-07-25T08:22:14.763Z","url":"/api/v1/predictions/history?limit=100"}
{"level":"info","message":"Request completed: GET /api/v1/predictions/history?limit=100 [Status: 304] - 95ms","method":"GET","requestId":"f6f68347-44fb-403c-aa5a-386a92a8e468","timestamp":"2026-07-25T08:22:14.858Z","url":"/api/v1/predictions/history?limit=100"}
{"level":"info","message":"Incoming request: GET /api/v1/analytics/dashboard?bypassCache=true","method":"GET","requestId":"a45f1e9c-4a58-44b9-8b13-c381febc919b","timestamp":"2026-07-25T08:22:25.799Z","url":"/api/v1/analytics/dashboard?bypassCache=true"}
{"level":"info","message":"Request completed: GET /api/v1/analytics/dashboard?bypassCache=true [Status: 304] - 132ms","method":"GET","requestId":"a45f1e9c-4a58-44b9-8b13-c381febc919b","timestamp":"2026-07-25T08:22:25.931Z","url":"/api/v1/analytics/dashboard?bypassCache=true"}
{"level":"info","message":"Incoming request: GET /api/v1/analytics/performance?bypassCache=true","method":"GET","requestId":"bb0ea6e0-c3c5-49cd-b002-e9dfd1622275","timestamp":"2026-07-25T08:22:25.946Z","url":"/api/v1/analytics/performance?bypassCache=true"}
{"level":"info","message":"Incoming request: GET /api/v1/analytics/branches-comparison","method":"GET","requestId":"0671acf1-5ca9-4ac1-933b-a7cc14808293","timestamp":"2026-07-25T08:22:25.965Z","url":"/api/v1/analytics/branches-comparison"}
{"level":"info","message":"Request completed: GET /api/v1/analytics/branches-comparison [Status: 304] - 17ms","method":"GET","requestId":"0671acf1-5ca9-4ac1-933b-a7cc14808293","timestamp":"2026-07-25T08:22:25.982Z","url":"/api/v1/analytics/branches-comparison"}
{"level":"info","message":"Request completed: GET /api/v1/analytics/performance?bypassCache=true [Status: 304] - 195ms","method":"GET","requestId":"bb0ea6e0-c3c5-49cd-b002-e9dfd1622275","timestamp":"2026-07-25T08:22:26.141Z","url":"/api/v1/analytics/performance?bypassCache=true"}
{"level":"info","message":"Incoming request: GET /api/v1/predictions/history?limit=100","method":"GET","requestId":"75a75baa-12b2-4251-9d99-f45791a1125a","timestamp":"2026-07-25T08:22:26.188Z","url":"/api/v1/predictions/history?limit=100"}
{"level":"info","message":"Request completed: GET /api/v1/predictions/history?limit=100 [Status: 304] - 167ms","method":"GET","requestId":"75a75baa-12b2-4251-9d99-f45791a1125a","timestamp":"2026-07-25T08:22:26.355Z","url":"/api/v1/predictions/history?limit=100"}
{"level":"info","message":"Incoming request: GET /api/v1/analytics/dashboard?bypassCache=true","method":"GET","requestId":"01eff8ec-6107-4918-ab3f-aefb781842a4","timestamp":"2026-07-25T08:22:37.785Z","url":"/api/v1/analytics/dashboard?bypassCache=true"}
{"level":"info","message":"Request completed: GET /api/v1/analytics/dashboard?bypassCache=true [Status: 304] - 100ms","method":"GET","requestId":"01eff8ec-6107-4918-ab3f-aefb781842a4","timestamp":"2026-07-25T08:22:37.885Z","url":"/api/v1/analytics/dashboard?bypassCache=true"}
{"level":"info","message":"Incoming request: GET /api/v1/analytics/performance?bypassCache=true","method":"GET","requestId":"ec4b92d5-f4cf-4bdd-8c73-9d9b1fcdc359","timestamp":"2026-07-25T08:22:37.908Z","url":"/api/v1/analytics/performance?bypassCache=true"}
{"level":"info","message":"Incoming request: GET /api/v1/analytics/branches-comparison","method":"GET","requestId":"207adc8b-d332-4d51-8a5f-7f8c727ae165","timestamp":"2026-07-25T08:22:37.924Z","url":"/api/v1/analytics/branches-comparison"}
{"level":"info","message":"Request completed: GET /api/v1/analytics/branches-comparison [Status: 304] - 11ms","method":"GET","requestId":"207adc8b-d332-4d51-8a5f-7f8c727ae165","timestamp":"2026-07-25T08:22:37.936Z","url":"/api/v1/analytics/branches-comparison"}
{"level":"info","message":"Request completed: GET /api/v1/analytics/performance?bypassCache=true [Status: 304] - 86ms","method":"GET","requestId":"ec4b92d5-f4cf-4bdd-8c73-9d9b1fcdc359","timestamp":"2026-07-25T08:22:37.994Z","url":"/api/v1/analytics/performance?bypassCache=true"}
{"level":"info","message":"Incoming request: GET /api/v1/predictions/history?limit=100","method":"GET","requestId":"8ee46629-2434-4422-8a2c-26438811625c","timestamp":"2026-07-25T08:22:38.025Z","url":"/api/v1/predictions/history?limit=100"}
{"level":"info","message":"Request completed: GET /api/v1/predictions/history?limit=100 [Status: 304] - 120ms","method":"GET","requestId":"8ee46629-2434-4422-8a2c-26438811625c","timestamp":"2026-07-25T08:22:38.145Z","url":"/api/v1/predictions/history?limit=100"}
{"level":"info","message":"Incoming request: GET /api/v1/analytics/dashboard?bypassCache=true","method":"GET","requestId":"238e3aec-f4b9-4428-bc0e-8936bab6b4cc","timestamp":"2026-07-25T08:22:49.785Z","url":"/api/v1/analytics/dashboard?bypassCache=true"}
{"level":"info","message":"Request completed: GET /api/v1/analytics/dashboard?bypassCache=true [Status: 304] - 109ms","method":"GET","requestId":"238e3aec-f4b9-4428-bc0e-8936bab6b4cc","timestamp":"2026-07-25T08:22:49.894Z","url":"/api/v1/analytics/dashboard?bypassCache=true"}
{"level":"info","message":"Incoming request: GET /api/v1/analytics/performance?bypassCache=true","method":"GET","requestId":"176cc5d9-29e6-4429-891c-61ddaf598e68","timestamp":"2026-07-25T08:22:49.909Z","url":"/api/v1/analytics/performance?bypassCache=true"}
{"level":"info","message":"Incoming request: GET /api/v1/analytics/branches-comparison","method":"GET","requestId":"d9d54426-bb3c-4212-afc1-a408f08fc237","timestamp":"2026-07-25T08:22:49.924Z","url":"/api/v1/analytics/branches-comparison"}
{"level":"info","message":"Request completed: GET /api/v1/analytics/branches-comparison [Status: 304] - 6ms","method":"GET","requestId":"d9d54426-bb3c-4212-afc1-a408f08fc237","timestamp":"2026-07-25T08:22:49.930Z","url":"/api/v1/analytics/branches-comparison"}
{"level":"info","message":"Request completed: GET /api/v1/analytics/performance?bypassCache=true [Status: 304] - 66ms","method":"GET","requestId":"176cc5d9-29e6-4429-891c-61ddaf598e68","timestamp":"2026-07-25T08:22:49.975Z","url":"/api/v1/analytics/performance?bypassCache=true"}
{"level":"info","message":"Incoming request: GET /api/v1/predictions/history?limit=100","method":"GET","requestId":"37b4732c-a152-42d7-9432-011c6fcb6506","timestamp":"2026-07-25T08:22:50.001Z","url":"/api/v1/predictions/history?limit=100"}
{"level":"info","message":"Request completed: GET /api/v1/predictions/history?limit=100 [Status: 304] - 59ms","method":"GET","requestId":"37b4732c-a152-42d7-9432-011c6fcb6506","timestamp":"2026-07-25T08:22:50.059Z","url":"/api/v1/predictions/history?limit=100"}
{"level":"info","message":"Incoming request: GET /api/v1/branches?search=","method":"GET","requestId":"7eaebf59-ae0b-4d0a-a2af-1ad074688f2c","timestamp":"2026-07-25T08:22:59.999Z","url":"/api/v1/branches?search="}
{"level":"info","message":"Request completed: GET /api/v1/branches?search= [Status: 304] - 57ms","method":"GET","requestId":"7eaebf59-ae0b-4d0a-a2af-1ad074688f2c","timestamp":"2026-07-25T08:23:00.056Z","url":"/api/v1/branches?search="}
{"level":"info","message":"Incoming request: GET /api/v1/branches?search=","method":"GET","requestId":"4d4cd855-13e8-4f6f-be6e-3fff9eea5d76","timestamp":"2026-07-25T08:23:00.064Z","url":"/api/v1/branches?search="}
{"level":"info","message":"Request completed: GET /api/v1/branches?search= [Status: 304] - 124ms","method":"GET","requestId":"4d4cd855-13e8-4f6f-be6e-3fff9eea5d76","timestamp":"2026-07-25T08:23:00.188Z","url":"/api/v1/branches?search="}
{"level":"info","message":"Incoming request: GET /api/v1/employees?page=1&limit=100","method":"GET","requestId":"ac29e4c4-d4f4-472f-9448-ee615751ffae","timestamp":"2026-07-25T08:23:05.061Z","url":"/api/v1/employees?page=1&limit=100"}
{"level":"info","message":"Request completed: GET /api/v1/employees?page=1&limit=100 [Status: 304] - 53ms","method":"GET","requestId":"ac29e4c4-d4f4-472f-9448-ee615751ffae","timestamp":"2026-07-25T08:23:05.114Z","url":"/api/v1/employees?page=1&limit=100"}
{"level":"info","message":"Incoming request: GET /api/v1/employees?page=1&limit=100","method":"GET","requestId":"b60d58df-0506-47f6-bb39-108ce82353c7","timestamp":"2026-07-25T08:23:05.123Z","url":"/api/v1/employees?page=1&limit=100"}
{"level":"info","message":"Request completed: GET /api/v1/employees?page=1&limit=100 [Status: 304] - 43ms","method":"GET","requestId":"b60d58df-0506-47f6-bb39-108ce82353c7","timestamp":"2026-07-25T08:23:05.167Z","url":"/api/v1/employees?page=1&limit=100"}
{"level":"info","message":"Incoming request: GET /api/v1/predictions/history?page=1&limit=10","method":"GET","requestId":"d372e7a8-19a8-4217-a296-c57023f60935","timestamp":"2026-07-25T08:23:09.791Z","url":"/api/v1/predictions/history?page=1&limit=10"}
{"level":"info","message":"Request completed: GET /api/v1/predictions/history?page=1&limit=10 [Status: 200] - 69ms","method":"GET","requestId":"d372e7a8-19a8-4217-a296-c57023f60935","timestamp":"2026-07-25T08:23:09.861Z","url":"/api/v1/predictions/history?page=1&limit=10"}
{"level":"info","message":"Incoming request: GET /api/v1/predictions/history?page=1&limit=10","method":"GET","requestId":"94045657-b566-4d68-bb1a-d1cba584efc7","timestamp":"2026-07-25T08:23:09.864Z","url":"/api/v1/predictions/history?page=1&limit=10"}
{"level":"info","message":"Request completed: GET /api/v1/predictions/history?page=1&limit=10 [Status: 304] - 63ms","method":"GET","requestId":"94045657-b566-4d68-bb1a-d1cba584efc7","timestamp":"2026-07-25T08:23:09.927Z","url":"/api/v1/predictions/history?page=1&limit=10"}
{"level":"info","message":"Incoming request: GET /api/v1/predictions/history?page=1&limit=10&type=PERFORMANCE","method":"GET","requestId":"c4aad4c9-2a13-465d-9873-521f69654db2","timestamp":"2026-07-25T08:24:04.476Z","url":"/api/v1/predictions/history?page=1&limit=10&type=PERFORMANCE"}
{"level":"info","message":"Request completed: GET /api/v1/predictions/history?page=1&limit=10&type=PERFORMANCE [Status: 200] - 74ms","method":"GET","requestId":"c4aad4c9-2a13-465d-9873-521f69654db2","timestamp":"2026-07-25T08:24:04.551Z","url":"/api/v1/predictions/history?page=1&limit=10&type=PERFORMANCE"}
{"level":"info","message":"Incoming request: GET /api/v1/predictions/history?page=1&limit=10","method":"GET","requestId":"efa81e0a-d7aa-451c-9923-5a4680002da0","timestamp":"2026-07-25T08:24:06.699Z","url":"/api/v1/predictions/history?page=1&limit=10"}
{"level":"info","message":"Request completed: GET /api/v1/predictions/history?page=1&limit=10 [Status: 304] - 89ms","method":"GET","requestId":"efa81e0a-d7aa-451c-9923-5a4680002da0","timestamp":"2026-07-25T08:24:06.788Z","url":"/api/v1/predictions/history?page=1&limit=10"}
{"level":"info","message":"Incoming request: GET /api/v1/approvals?status=PENDING","method":"GET","requestId":"a81f2a0e-f34a-4394-9c26-ead2cc28e9c7","timestamp":"2026-07-25T08:24:18.137Z","url":"/api/v1/approvals?status=PENDING"}
{"level":"info","message":"Request completed: GET /api/v1/approvals?status=PENDING [Status: 304] - 84ms","method":"GET","requestId":"a81f2a0e-f34a-4394-9c26-ead2cc28e9c7","timestamp":"2026-07-25T08:24:18.221Z","url":"/api/v1/approvals?status=PENDING"}
{"level":"info","message":"Incoming request: GET /api/v1/approvals?status=PENDING","method":"GET","requestId":"ce93c358-506e-42d2-928a-35e3c0992a74","timestamp":"2026-07-25T08:24:18.258Z","url":"/api/v1/approvals?status=PENDING"}
{"level":"info","message":"Request completed: GET /api/v1/approvals?status=PENDING [Status: 304] - 76ms","method":"GET","requestId":"ce93c358-506e-42d2-928a-35e3c0992a74","timestamp":"2026-07-25T08:24:18.334Z","url":"/api/v1/approvals?status=PENDING"}
{"level":"info","message":"Incoming request: GET /api/v1/predictions/history?page=1&limit=10","method":"GET","requestId":"1a9df938-8d90-4aca-8449-326f42d178fc","timestamp":"2026-07-25T08:24:22.039Z","url":"/api/v1/predictions/history?page=1&limit=10"}
{"level":"info","message":"Request completed: GET /api/v1/predictions/history?page=1&limit=10 [Status: 304] - 60ms","method":"GET","requestId":"1a9df938-8d90-4aca-8449-326f42d178fc","timestamp":"2026-07-25T08:24:22.099Z","url":"/api/v1/predictions/history?page=1&limit=10"}
{"level":"info","message":"Incoming request: GET /api/v1/predictions/history?page=1&limit=10","method":"GET","requestId":"a48c2ccc-5be2-4565-b499-a527e1f20961","timestamp":"2026-07-25T08:24:22.102Z","url":"/api/v1/predictions/history?page=1&limit=10"}
{"level":"info","message":"Request completed: GET /api/v1/predictions/history?page=1&limit=10 [Status: 304] - 68ms","method":"GET","requestId":"a48c2ccc-5be2-4565-b499-a527e1f20961","timestamp":"2026-07-25T08:24:22.170Z","url":"/api/v1/predictions/history?page=1&limit=10"}
{"level":"info","message":"Incoming request: GET /api/v1/approvals?status=PENDING","method":"GET","requestId":"e5d2d002-7acc-47bb-945a-cbb2bb892235","timestamp":"2026-07-25T08:24:24.902Z","url":"/api/v1/approvals?status=PENDING"}
{"level":"info","message":"Request completed: GET /api/v1/approvals?status=PENDING [Status: 304] - 71ms","method":"GET","requestId":"e5d2d002-7acc-47bb-945a-cbb2bb892235","timestamp":"2026-07-25T08:24:24.973Z","url":"/api/v1/approvals?status=PENDING"}
{"level":"info","message":"Incoming request: GET /api/v1/approvals?status=PENDING","method":"GET","requestId":"3b1d1ebe-3f2b-46a6-b460-7e88cac3b208","timestamp":"2026-07-25T08:24:24.978Z","url":"/api/v1/approvals?status=PENDING"}
{"level":"info","message":"Request completed: GET /api/v1/approvals?status=PENDING [Status: 304] - 79ms","method":"GET","requestId":"3b1d1ebe-3f2b-46a6-b460-7e88cac3b208","timestamp":"2026-07-25T08:24:25.057Z","url":"/api/v1/approvals?status=PENDING"}
{"level":"info","message":"Client disconnected from WebSocket: PCF2wy94CNLddsC7AAAF","timestamp":"2026-07-25T09:04:15.247Z"}
{"level":"info","message":"Client connected to WebSocket: 6gcjny45ahrEMr1QAAAH","timestamp":"2026-07-25T09:04:18.699Z"}
{"level":"info","message":"Client disconnected from WebSocket: 6gcjny45ahrEMr1QAAAH","timestamp":"2026-07-25T09:04:19.928Z"}
{"level":"info","message":"Client connected to WebSocket: UvgQMhOuOBDtU8v2AAAJ","timestamp":"2026-07-25T09:04:21.769Z"}
{"level":"info","message":"Incoming request: GET /api/v1/approvals?status=PENDING","method":"GET","requestId":"99b5e533-308a-451f-9266-2940ec09d80d","timestamp":"2026-07-25T09:04:22.060Z","url":"/api/v1/approvals?status=PENDING"}
{"level":"info","message":"Request completed: GET /api/v1/approvals?status=PENDING [Status: 401] - 74ms","method":"GET","requestId":"99b5e533-308a-451f-9266-2940ec09d80d","timestamp":"2026-07-25T09:04:22.134Z","url":"/api/v1/approvals?status=PENDING"}
{"level":"info","message":"Incoming request: GET /api/v1/approvals?status=PENDING","method":"GET","requestId":"f2a7298d-95b3-49c0-a12a-a93cd0b2bcd1","timestamp":"2026-07-25T09:04:22.140Z","url":"/api/v1/approvals?status=PENDING"}
{"level":"info","message":"Request completed: GET /api/v1/approvals?status=PENDING [Status: 401] - 5ms","method":"GET","requestId":"f2a7298d-95b3-49c0-a12a-a93cd0b2bcd1","timestamp":"2026-07-25T09:04:22.144Z","url":"/api/v1/approvals?status=PENDING"}
{"level":"info","message":"Incoming request: POST /api/v1/auth/refresh","method":"POST","requestId":"7f644190-779a-4ccd-8d0b-796914f2ce2b","timestamp":"2026-07-25T09:04:22.164Z","url":"/api/v1/auth/refresh"}
{"level":"info","message":"Request completed: POST /api/v1/auth/refresh [Status: 404] - 19ms","method":"POST","requestId":"7f644190-779a-4ccd-8d0b-796914f2ce2b","timestamp":"2026-07-25T09:04:22.183Z","url":"/api/v1/auth/refresh"}
{"level":"info","message":"Incoming request: POST /api/v1/auth/refresh","method":"POST","requestId":"98125320-3a1f-4c70-b149-b4cb9d922128","timestamp":"2026-07-25T09:04:22.186Z","url":"/api/v1/auth/refresh"}
{"level":"info","message":"Request completed: POST /api/v1/auth/refresh [Status: 404] - 5ms","method":"POST","requestId":"98125320-3a1f-4c70-b149-b4cb9d922128","timestamp":"2026-07-25T09:04:22.191Z","url":"/api/v1/auth/refresh"}
{"level":"info","message":"Client disconnected from WebSocket: UvgQMhOuOBDtU8v2AAAJ","timestamp":"2026-07-25T09:04:22.223Z"}
{"level":"info","message":"Incoming request: POST /api/v1/auth/login","method":"POST","requestId":"4eda2775-f60a-4d3a-aaae-64ea7aa11201","timestamp":"2026-07-25T09:30:13.604Z","url":"/api/v1/auth/login"}
{"level":"info","message":"User admin@alphamatrix.com logged in successfully","method":"POST","requestId":"4eda2775-f60a-4d3a-aaae-64ea7aa11201","timestamp":"2026-07-25T09:30:14.483Z","url":"/api/v1/auth/login"}
{"level":"info","message":"Request completed: POST /api/v1/auth/login [Status: 200] - 895ms","method":"POST","requestId":"4eda2775-f60a-4d3a-aaae-64ea7aa11201","timestamp":"2026-07-25T09:30:14.497Z","url":"/api/v1/auth/login"}
{"level":"info","message":"Client connected to WebSocket: L0lSsCTyiVaQ13AeAAAL","timestamp":"2026-07-25T09:30:14.568Z"}
{"level":"info","message":"Incoming request: GET /api/v1/analytics/dashboard?bypassCache=false","method":"GET","requestId":"c28cf03e-56bc-4919-935f-ce52a55995ad","timestamp":"2026-07-25T09:30:14.820Z","url":"/api/v1/analytics/dashboard?bypassCache=false"}
{"level":"info","message":"Request completed: GET /api/v1/analytics/dashboard?bypassCache=false [Status: 200] - 350ms","method":"GET","requestId":"c28cf03e-56bc-4919-935f-ce52a55995ad","timestamp":"2026-07-25T09:30:15.170Z","url":"/api/v1/analytics/dashboard?bypassCache=false"}
{"level":"info","message":"Incoming request: GET /api/v1/analytics/dashboard?bypassCache=false","method":"GET","requestId":"ea3d541f-a907-4920-a8bc-12b574c57722","timestamp":"2026-07-25T09:30:15.172Z","url":"/api/v1/analytics/dashboard?bypassCache=false"}
{"level":"info","message":"Request completed: GET /api/v1/analytics/dashboard?bypassCache=false [Status: 200] - 9ms","method":"GET","requestId":"ea3d541f-a907-4920-a8bc-12b574c57722","timestamp":"2026-07-25T09:30:15.181Z","url":"/api/v1/analytics/dashboard?bypassCache=false"}
{"level":"info","message":"Incoming request: GET /api/v1/analytics/performance?bypassCache=false","method":"GET","requestId":"0c5f4a1a-c27d-4983-9362-3bfdd7fed979","timestamp":"2026-07-25T09:30:15.195Z","url":"/api/v1/analytics/performance?bypassCache=false"}
{"level":"info","message":"Incoming request: GET /api/v1/analytics/branches-comparison","method":"GET","requestId":"4ef5ebb6-451c-401f-b2d9-77b8bf7c89ba","timestamp":"2026-07-25T09:30:15.205Z","url":"/api/v1/analytics/branches-comparison"}
{"level":"info","message":"Request completed: GET /api/v1/analytics/performance?bypassCache=false [Status: 200] - 235ms","method":"GET","requestId":"0c5f4a1a-c27d-4983-9362-3bfdd7fed979","timestamp":"2026-07-25T09:30:15.430Z","url":"/api/v1/analytics/performance?bypassCache=false"}
{"level":"info","message":"Incoming request: GET /api/v1/analytics/performance?bypassCache=false","method":"GET","requestId":"a3940832-7a89-4cab-8439-c21b1f602f6d","timestamp":"2026-07-25T09:30:15.448Z","url":"/api/v1/analytics/performance?bypassCache=false"}
{"level":"info","message":"Request completed: GET /api/v1/analytics/performance?bypassCache=false [Status: 200] - 8ms","method":"GET","requestId":"a3940832-7a89-4cab-8439-c21b1f602f6d","timestamp":"2026-07-25T09:30:15.456Z","url":"/api/v1/analytics/performance?bypassCache=false"}
{"level":"info","message":"Request completed: GET /api/v1/analytics/branches-comparison [Status: 200] - 277ms","method":"GET","requestId":"4ef5ebb6-451c-401f-b2d9-77b8bf7c89ba","timestamp":"2026-07-25T09:30:15.481Z","url":"/api/v1/analytics/branches-comparison"}
{"level":"info","message":"Incoming request: GET /api/v1/analytics/branches-comparison","method":"GET","requestId":"6de66018-5f91-4a3c-b7d8-00152ae1c8e6","timestamp":"2026-07-25T09:30:15.483Z","url":"/api/v1/analytics/branches-comparison"}
{"level":"info","message":"Request completed: GET /api/v1/analytics/branches-comparison [Status: 200] - 6ms","method":"GET","requestId":"6de66018-5f91-4a3c-b7d8-00152ae1c8e6","timestamp":"2026-07-25T09:30:15.489Z","url":"/api/v1/analytics/branches-comparison"}
{"level":"info","message":"Incoming request: GET /api/v1/predictions/history?limit=100","method":"GET","requestId":"cb2caa29-7d39-4fd6-b885-b751ee2c16a1","timestamp":"2026-07-25T09:30:15.696Z","url":"/api/v1/predictions/history?limit=100"}
{"level":"info","message":"Request completed: GET /api/v1/predictions/history?limit=100 [Status: 304] - 100ms","method":"GET","requestId":"cb2caa29-7d39-4fd6-b885-b751ee2c16a1","timestamp":"2026-07-25T09:30:15.796Z","url":"/api/v1/predictions/history?limit=100"}
{"level":"info","message":"Incoming request: GET /api/v1/predictions/history?limit=100","method":"GET","requestId":"fc7df605-ad61-4ce9-9c1e-9553f01a941b","timestamp":"2026-07-25T09:30:15.808Z","url":"/api/v1/predictions/history?limit=100"}
{"level":"info","message":"Request completed: GET /api/v1/predictions/history?limit=100 [Status: 304] - 85ms","method":"GET","requestId":"fc7df605-ad61-4ce9-9c1e-9553f01a941b","timestamp":"2026-07-25T09:30:15.893Z","url":"/api/v1/predictions/history?limit=100"}
{"level":"info","message":"Incoming request: GET /api/v1/analytics/dashboard?bypassCache=true","method":"GET","requestId":"eb20ef45-7c81-484b-8d77-f126de29185a","timestamp":"2026-07-25T09:30:26.808Z","url":"/api/v1/analytics/dashboard?bypassCache=true"}
{"level":"info","message":"Request completed: GET /api/v1/analytics/dashboard?bypassCache=true [Status: 304] - 116ms","method":"GET","requestId":"eb20ef45-7c81-484b-8d77-f126de29185a","timestamp":"2026-07-25T09:30:26.923Z","url":"/api/v1/analytics/dashboard?bypassCache=true"}
{"level":"info","message":"Incoming request: GET /api/v1/analytics/performance?bypassCache=true","method":"GET","requestId":"0dd1d6f6-2b85-438c-8b3b-984f0be4fa90","timestamp":"2026-07-25T09:30:26.943Z","url":"/api/v1/analytics/performance?bypassCache=true"}
{"level":"info","message":"Incoming request: GET /api/v1/analytics/branches-comparison","method":"GET","requestId":"60b370e9-5e0b-419a-8f2c-5727129904b3","timestamp":"2026-07-25T09:30:26.957Z","url":"/api/v1/analytics/branches-comparison"}
{"level":"info","message":"Request completed: GET /api/v1/analytics/branches-comparison [Status: 304] - 10ms","method":"GET","requestId":"60b370e9-5e0b-419a-8f2c-5727129904b3","timestamp":"2026-07-25T09:30:26.967Z","url":"/api/v1/analytics/branches-comparison"}
{"level":"info","message":"Request completed: GET /api/v1/analytics/performance?bypassCache=true [Status: 304] - 72ms","method":"GET","requestId":"0dd1d6f6-2b85-438c-8b3b-984f0be4fa90","timestamp":"2026-07-25T09:30:27.015Z","url":"/api/v1/analytics/performance?bypassCache=true"}
{"level":"info","message":"Incoming request: GET /api/v1/predictions/history?limit=100","method":"GET","requestId":"67575df2-2e93-42fa-abfc-a2c37d181f9a","timestamp":"2026-07-25T09:30:27.024Z","url":"/api/v1/predictions/history?limit=100"}
{"level":"info","message":"Request completed: GET /api/v1/predictions/history?limit=100 [Status: 304] - 50ms","method":"GET","requestId":"67575df2-2e93-42fa-abfc-a2c37d181f9a","timestamp":"2026-07-25T09:30:27.074Z","url":"/api/v1/predictions/history?limit=100"}
{"level":"info","message":"Incoming request: GET /api/v1/analytics/dashboard?bypassCache=true","method":"GET","requestId":"a816c730-7fda-404b-acd4-28769132af17","timestamp":"2026-07-25T09:30:38.797Z","url":"/api/v1/analytics/dashboard?bypassCache=true"}
{"level":"info","message":"Request completed: GET /api/v1/analytics/dashboard?bypassCache=true [Status: 304] - 87ms","method":"GET","requestId":"a816c730-7fda-404b-acd4-28769132af17","timestamp":"2026-07-25T09:30:38.884Z","url":"/api/v1/analytics/dashboard?bypassCache=true"}
{"level":"info","message":"Incoming request: GET /api/v1/analytics/performance?bypassCache=true","method":"GET","requestId":"a438ea6e-3949-4bc6-9fda-7e41d01a0759","timestamp":"2026-07-25T09:30:38.895Z","url":"/api/v1/analytics/performance?bypassCache=true"}
{"level":"info","message":"Incoming request: GET /api/v1/analytics/branches-comparison","method":"GET","requestId":"6b41f085-591e-4b76-9a19-927004f7b936","timestamp":"2026-07-25T09:30:38.902Z","url":"/api/v1/analytics/branches-comparison"}
{"level":"info","message":"Request completed: GET /api/v1/analytics/branches-comparison [Status: 304] - 7ms","method":"GET","requestId":"6b41f085-591e-4b76-9a19-927004f7b936","timestamp":"2026-07-25T09:30:38.909Z","url":"/api/v1/analytics/branches-comparison"}
{"level":"info","message":"Request completed: GET /api/v1/analytics/performance?bypassCache=true [Status: 304] - 49ms","method":"GET","requestId":"a438ea6e-3949-4bc6-9fda-7e41d01a0759","timestamp":"2026-07-25T09:30:38.944Z","url":"/api/v1/analytics/performance?bypassCache=true"}
{"level":"info","message":"Incoming request: GET /api/v1/predictions/history?limit=100","method":"GET","requestId":"98d1fbae-8f64-45da-8502-736c24c1c263","timestamp":"2026-07-25T09:30:38.956Z","url":"/api/v1/predictions/history?limit=100"}
{"level":"info","message":"Request completed: GET /api/v1/predictions/history?limit=100 [Status: 304] - 44ms","method":"GET","requestId":"98d1fbae-8f64-45da-8502-736c24c1c263","timestamp":"2026-07-25T09:30:39.000Z","url":"/api/v1/predictions/history?limit=100"}
{"level":"info","message":"Incoming request: GET /api/v1/employees?page=1&limit=100","method":"GET","requestId":"a5865667-db18-4550-9643-a843d657c73d","timestamp":"2026-07-25T09:30:43.664Z","url":"/api/v1/employees?page=1&limit=100"}
{"level":"info","message":"Request completed: GET /api/v1/employees?page=1&limit=100 [Status: 304] - 63ms","method":"GET","requestId":"a5865667-db18-4550-9643-a843d657c73d","timestamp":"2026-07-25T09:30:43.727Z","url":"/api/v1/employees?page=1&limit=100"}
{"level":"info","message":"Incoming request: GET /api/v1/employees?page=1&limit=100","method":"GET","requestId":"eed8a8ec-ca19-4e76-a09d-4a75a0348e1f","timestamp":"2026-07-25T09:30:43.729Z","url":"/api/v1/employees?page=1&limit=100"}
{"level":"info","message":"Request completed: GET /api/v1/employees?page=1&limit=100 [Status: 304] - 37ms","method":"GET","requestId":"eed8a8ec-ca19-4e76-a09d-4a75a0348e1f","timestamp":"2026-07-25T09:30:43.766Z","url":"/api/v1/employees?page=1&limit=100"}
{"level":"info","message":"Incoming request: GET /api/v1/predictions/history?page=1&limit=10","method":"GET","requestId":"09374e45-07fb-4ac8-a1af-549893f2fe77","timestamp":"2026-07-25T09:30:54.080Z","url":"/api/v1/predictions/history?page=1&limit=10"}
{"level":"info","message":"Request completed: GET /api/v1/predictions/history?page=1&limit=10 [Status: 304] - 49ms","method":"GET","requestId":"09374e45-07fb-4ac8-a1af-549893f2fe77","timestamp":"2026-07-25T09:30:54.129Z","url":"/api/v1/predictions/history?page=1&limit=10"}
{"level":"info","message":"Incoming request: GET /api/v1/predictions/history?page=1&limit=10","method":"GET","requestId":"07c4d1d6-06d1-4061-9ef6-994d0a8847f0","timestamp":"2026-07-25T09:30:54.132Z","url":"/api/v1/predictions/history?page=1&limit=10"}
{"level":"info","message":"Request completed: GET /api/v1/predictions/history?page=1&limit=10 [Status: 304] - 50ms","method":"GET","requestId":"07c4d1d6-06d1-4061-9ef6-994d0a8847f0","timestamp":"2026-07-25T09:30:54.182Z","url":"/api/v1/predictions/history?page=1&limit=10"}
{"level":"info","message":"Incoming request: GET /api/v1/approvals?status=PENDING","method":"GET","requestId":"8340eb6e-6ad1-4225-ad7c-173ada29a4b6","timestamp":"2026-07-25T09:30:57.599Z","url":"/api/v1/approvals?status=PENDING"}
{"level":"info","message":"Request completed: GET /api/v1/approvals?status=PENDING [Status: 304] - 74ms","method":"GET","requestId":"8340eb6e-6ad1-4225-ad7c-173ada29a4b6","timestamp":"2026-07-25T09:30:57.673Z","url":"/api/v1/approvals?status=PENDING"}
{"level":"info","message":"Incoming request: GET /api/v1/approvals?status=PENDING","method":"GET","requestId":"5c22aa04-0ec7-43a6-8122-f4def252f40c","timestamp":"2026-07-25T09:30:57.678Z","url":"/api/v1/approvals?status=PENDING"}
{"level":"info","message":"Request completed: GET /api/v1/approvals?status=PENDING [Status: 304] - 51ms","method":"GET","requestId":"5c22aa04-0ec7-43a6-8122-f4def252f40c","timestamp":"2026-07-25T09:30:57.729Z","url":"/api/v1/approvals?status=PENDING"}
{"level":"info","message":"Incoming request: GET /api/v1/courses?search=","method":"GET","requestId":"b6facdb9-fe91-4866-942c-ec8cd232032b","timestamp":"2026-07-25T09:31:29.329Z","url":"/api/v1/courses?search="}
{"level":"info","message":"Request completed: GET /api/v1/courses?search= [Status: 304] - 47ms","method":"GET","requestId":"b6facdb9-fe91-4866-942c-ec8cd232032b","timestamp":"2026-07-25T09:31:29.376Z","url":"/api/v1/courses?search="}
{"level":"info","message":"Incoming request: GET /api/v1/courses?search=","method":"GET","requestId":"55276534-8c50-4971-8eb3-d089912330cf","timestamp":"2026-07-25T09:31:29.382Z","url":"/api/v1/courses?search="}
{"level":"info","message":"Request completed: GET /api/v1/courses?search= [Status: 304] - 26ms","method":"GET","requestId":"55276534-8c50-4971-8eb3-d089912330cf","timestamp":"2026-07-25T09:31:29.407Z","url":"/api/v1/courses?search="}
{"level":"info","message":"Incoming request: GET /api/v1/approvals?status=PENDING","method":"GET","requestId":"b629d906-d9ea-4e75-879f-7e25ef05e841","timestamp":"2026-07-25T09:31:31.447Z","url":"/api/v1/approvals?status=PENDING"}
{"level":"info","message":"Request completed: GET /api/v1/approvals?status=PENDING [Status: 304] - 47ms","method":"GET","requestId":"b629d906-d9ea-4e75-879f-7e25ef05e841","timestamp":"2026-07-25T09:31:31.494Z","url":"/api/v1/approvals?status=PENDING"}
{"level":"info","message":"Incoming request: GET /api/v1/approvals?status=PENDING","method":"GET","requestId":"510f4031-a323-4b5b-bc2e-b5d9e3009c8f","timestamp":"2026-07-25T09:31:31.497Z","url":"/api/v1/approvals?status=PENDING"}
{"level":"info","message":"Request completed: GET /api/v1/approvals?status=PENDING [Status: 304] - 48ms","method":"GET","requestId":"510f4031-a323-4b5b-bc2e-b5d9e3009c8f","timestamp":"2026-07-25T09:31:31.545Z","url":"/api/v1/approvals?status=PENDING"}
{"level":"info","message":"Incoming request: GET /api/v1/courses?search=","method":"GET","requestId":"dc95e930-05f4-4f8b-84e7-0677c947a981","timestamp":"2026-07-25T09:31:37.131Z","url":"/api/v1/courses?search="}
{"level":"info","message":"Request completed: GET /api/v1/courses?search= [Status: 304] - 65ms","method":"GET","requestId":"dc95e930-05f4-4f8b-84e7-0677c947a981","timestamp":"2026-07-25T09:31:37.195Z","url":"/api/v1/courses?search="}
{"level":"info","message":"Incoming request: GET /api/v1/courses?search=","method":"GET","requestId":"becdc810-6268-4727-8d50-7f8c598a7297","timestamp":"2026-07-25T09:31:37.197Z","url":"/api/v1/courses?search="}
{"level":"info","message":"Request completed: GET /api/v1/courses?search= [Status: 304] - 27ms","method":"GET","requestId":"becdc810-6268-4727-8d50-7f8c598a7297","timestamp":"2026-07-25T09:31:37.224Z","url":"/api/v1/courses?search="}
{"level":"info","message":"Incoming request: POST /api/v1/courses/6a646cba3adb59a63cbc34b0/enroll","method":"POST","requestId":"d5f0892a-7cc7-465a-92b7-c2c25fdfe277","timestamp":"2026-07-25T09:32:06.612Z","url":"/api/v1/courses/6a646cba3adb59a63cbc34b0/enroll"}
{"level":"info","message":"Employee undefined enrolled in course 6a646cba3adb59a63cbc34b0","method":"POST","requestId":"d5f0892a-7cc7-465a-92b7-c2c25fdfe277","timestamp":"2026-07-25T09:32:06.827Z","url":"/api/v1/courses/6a646cba3adb59a63cbc34b0/enroll"}
{"level":"info","message":"Request completed: POST /api/v1/courses/6a646cba3adb59a63cbc34b0/enroll [Status: 200] - 219ms","method":"POST","requestId":"d5f0892a-7cc7-465a-92b7-c2c25fdfe277","timestamp":"2026-07-25T09:32:06.831Z","url":"/api/v1/courses/6a646cba3adb59a63cbc34b0/enroll"}
{"level":"info","message":"Incoming request: POST /api/v1/courses/6a646cba3adb59a63cbc34b0/enroll","method":"POST","requestId":"4c0dceee-1898-475b-8374-038c1b1d23cc","timestamp":"2026-07-25T09:32:09.227Z","url":"/api/v1/courses/6a646cba3adb59a63cbc34b0/enroll"}
{"level":"error","message":"Enroll employee error: Cannot read properties of undefined (reading 'toString')","method":"POST","requestId":"4c0dceee-1898-475b-8374-038c1b1d23cc","timestamp":"2026-07-25T09:32:09.250Z","url":"/api/v1/courses/6a646cba3adb59a63cbc34b0/enroll"}
{"level":"info","message":"Request completed: POST /api/v1/courses/6a646cba3adb59a63cbc34b0/enroll [Status: 500] - 31ms","method":"POST","requestId":"4c0dceee-1898-475b-8374-038c1b1d23cc","timestamp":"2026-07-25T09:32:09.258Z","url":"/api/v1/courses/6a646cba3adb59a63cbc34b0/enroll"}
{"level":"info","message":"Incoming request: POST /api/v1/courses/6a646cba3adb59a63cbc34b0/enroll","method":"POST","requestId":"1a4ff01d-8a33-49f3-a631-e855985b551e","timestamp":"2026-07-25T09:32:11.627Z","url":"/api/v1/courses/6a646cba3adb59a63cbc34b0/enroll"}
{"level":"error","message":"Enroll employee error: Cannot read properties of undefined (reading 'toString')","method":"POST","requestId":"1a4ff01d-8a33-49f3-a631-e855985b551e","timestamp":"2026-07-25T09:32:11.640Z","url":"/api/v1/courses/6a646cba3adb59a63cbc34b0/enroll"}
{"level":"info","message":"Request completed: POST /api/v1/courses/6a646cba3adb59a63cbc34b0/enroll [Status: 500] - 16ms","method":"POST","requestId":"1a4ff01d-8a33-49f3-a631-e855985b551e","timestamp":"2026-07-25T09:32:11.643Z","url":"/api/v1/courses/6a646cba3adb59a63cbc34b0/enroll"}
{"level":"info","message":"Incoming request: POST /api/v1/courses/6a646cba3adb59a63cbc34b0/enroll","method":"POST","requestId":"08fa730b-4311-40e8-b9e8-019a625f012e","timestamp":"2026-07-25T09:32:12.657Z","url":"/api/v1/courses/6a646cba3adb59a63cbc34b0/enroll"}
{"level":"error","message":"Enroll employee error: Cannot read properties of undefined (reading 'toString')","method":"POST","requestId":"08fa730b-4311-40e8-b9e8-019a625f012e","timestamp":"2026-07-25T09:32:12.671Z","url":"/api/v1/courses/6a646cba3adb59a63cbc34b0/enroll"}
{"level":"info","message":"Request completed: POST /api/v1/courses/6a646cba3adb59a63cbc34b0/enroll [Status: 500] - 18ms","method":"POST","requestId":"08fa730b-4311-40e8-b9e8-019a625f012e","timestamp":"2026-07-25T09:32:12.675Z","url":"/api/v1/courses/6a646cba3adb59a63cbc34b0/enroll"}
{"level":"info","message":"Incoming request: POST /api/v1/courses/6a646cba3adb59a63cbc34b0/enroll","method":"POST","requestId":"e78ee70c-00a1-41ad-abf4-e27cea32e8ba","timestamp":"2026-07-25T09:32:14.274Z","url":"/api/v1/courses/6a646cba3adb59a63cbc34b0/enroll"}
{"level":"error","message":"Enroll employee error: Cannot read properties of undefined (reading 'toString')","method":"POST","requestId":"e78ee70c-00a1-41ad-abf4-e27cea32e8ba","timestamp":"2026-07-25T09:32:14.290Z","url":"/api/v1/courses/6a646cba3adb59a63cbc34b0/enroll"}
{"level":"info","message":"Request completed: POST /api/v1/courses/6a646cba3adb59a63cbc34b0/enroll [Status: 500] - 19ms","method":"POST","requestId":"e78ee70c-00a1-41ad-abf4-e27cea32e8ba","timestamp":"2026-07-25T09:32:14.293Z","url":"/api/v1/courses/6a646cba3adb59a63cbc34b0/enroll"}
{"level":"info","message":"Incoming request: POST /api/v1/courses/6a646cba3adb59a63cbc34b0/enroll","method":"POST","requestId":"92b4cb6c-974e-4e18-b17d-b7d57c0273d1","timestamp":"2026-07-25T09:32:15.973Z","url":"/api/v1/courses/6a646cba3adb59a63cbc34b0/enroll"}
{"level":"error","message":"Enroll employee error: Cannot read properties of undefined (reading 'toString')","method":"POST","requestId":"92b4cb6c-974e-4e18-b17d-b7d57c0273d1","timestamp":"2026-07-25T09:32:15.989Z","url":"/api/v1/courses/6a646cba3adb59a63cbc34b0/enroll"}
{"level":"info","message":"Request completed: POST /api/v1/courses/6a646cba3adb59a63cbc34b0/enroll [Status: 500] - 18ms","method":"POST","requestId":"92b4cb6c-974e-4e18-b17d-b7d57c0273d1","timestamp":"2026-07-25T09:32:15.991Z","url":"/api/v1/courses/6a646cba3adb59a63cbc34b0/enroll"}
{"level":"info","message":"Incoming request: POST /api/v1/courses/6a646cba3adb59a63cbc34b0/enroll","method":"POST","requestId":"bc9583ea-22fe-4f3e-837b-0ed43d9ee8f6","timestamp":"2026-07-25T09:32:17.361Z","url":"/api/v1/courses/6a646cba3adb59a63cbc34b0/enroll"}
{"level":"error","message":"Enroll employee error: Cannot read properties of undefined (reading 'toString')","method":"POST","requestId":"bc9583ea-22fe-4f3e-837b-0ed43d9ee8f6","timestamp":"2026-07-25T09:32:17.382Z","url":"/api/v1/courses/6a646cba3adb59a63cbc34b0/enroll"}
{"level":"info","message":"Request completed: POST /api/v1/courses/6a646cba3adb59a63cbc34b0/enroll [Status: 500] - 25ms","method":"POST","requestId":"bc9583ea-22fe-4f3e-837b-0ed43d9ee8f6","timestamp":"2026-07-25T09:32:17.386Z","url":"/api/v1/courses/6a646cba3adb59a63cbc34b0/enroll"}
{"level":"info","message":"Incoming request: POST /api/v1/courses/6a646cba3adb59a63cbc34b0/enroll","method":"POST","requestId":"6a8fd94b-c5fa-4b72-9e8e-1aaf38f62150","timestamp":"2026-07-25T09:32:17.553Z","url":"/api/v1/courses/6a646cba3adb59a63cbc34b0/enroll"}
{"level":"error","message":"Enroll employee error: Cannot read properties of undefined (reading 'toString')","method":"POST","requestId":"6a8fd94b-c5fa-4b72-9e8e-1aaf38f62150","timestamp":"2026-07-25T09:32:17.572Z","url":"/api/v1/courses/6a646cba3adb59a63cbc34b0/enroll"}
{"level":"info","message":"Request completed: POST /api/v1/courses/6a646cba3adb59a63cbc34b0/enroll [Status: 500] - 22ms","method":"POST","requestId":"6a8fd94b-c5fa-4b72-9e8e-1aaf38f62150","timestamp":"2026-07-25T09:32:17.575Z","url":"/api/v1/courses/6a646cba3adb59a63cbc34b0/enroll"}
{"level":"info","message":"Incoming request: POST /api/v1/courses/6a646cba3adb59a63cbc34b0/enroll","method":"POST","requestId":"082cb32a-d5fc-4952-aeab-aed82a668dc0","timestamp":"2026-07-25T09:32:17.772Z","url":"/api/v1/courses/6a646cba3adb59a63cbc34b0/enroll"}
{"level":"error","message":"Enroll employee error: Cannot read properties of undefined (reading 'toString')","method":"POST","requestId":"082cb32a-d5fc-4952-aeab-aed82a668dc0","timestamp":"2026-07-25T09:32:17.785Z","url":"/api/v1/courses/6a646cba3adb59a63cbc34b0/enroll"}
{"level":"info","message":"Request completed: POST /api/v1/courses/6a646cba3adb59a63cbc34b0/enroll [Status: 500] - 16ms","method":"POST","requestId":"082cb32a-d5fc-4952-aeab-aed82a668dc0","timestamp":"2026-07-25T09:32:17.788Z","url":"/api/v1/courses/6a646cba3adb59a63cbc34b0/enroll"}
{"level":"info","message":"Incoming request: POST /api/v1/courses/6a646cba3adb59a63cbc34b0/enroll","method":"POST","requestId":"a4b296f5-e191-4fdd-bb65-db44d3d76880","timestamp":"2026-07-25T09:32:20.535Z","url":"/api/v1/courses/6a646cba3adb59a63cbc34b0/enroll"}
{"level":"error","message":"Enroll employee error: Cannot read properties of undefined (reading 'toString')","method":"POST","requestId":"a4b296f5-e191-4fdd-bb65-db44d3d76880","timestamp":"2026-07-25T09:32:20.552Z","url":"/api/v1/courses/6a646cba3adb59a63cbc34b0/enroll"}
{"level":"info","message":"Request completed: POST /api/v1/courses/6a646cba3adb59a63cbc34b0/enroll [Status: 500] - 19ms","method":"POST","requestId":"a4b296f5-e191-4fdd-bb65-db44d3d76880","timestamp":"2026-07-25T09:32:20.554Z","url":"/api/v1/courses/6a646cba3adb59a63cbc34b0/enroll"}
{"level":"info","message":"Incoming request: GET /api/v1/pips","method":"GET","requestId":"9ce04154-b3ab-494b-9977-2e64e561a12a","timestamp":"2026-07-25T09:32:34.928Z","url":"/api/v1/pips"}
{"level":"info","message":"Incoming request: GET /api/v1/employees?limit=100","method":"GET","requestId":"085a80cf-b8f0-4afa-988e-b9903e16abc6","timestamp":"2026-07-25T09:32:34.942Z","url":"/api/v1/employees?limit=100"}
{"level":"info","message":"Request completed: GET /api/v1/pips [Status: 304] - 44ms","method":"GET","requestId":"9ce04154-b3ab-494b-9977-2e64e561a12a","timestamp":"2026-07-25T09:32:34.972Z","url":"/api/v1/pips"}
{"level":"info","message":"Incoming request: GET /api/v1/pips","method":"GET","requestId":"c30ffa83-de69-4d22-86bf-c17e6b989556","timestamp":"2026-07-25T09:32:34.990Z","url":"/api/v1/pips"}
{"level":"info","message":"Request completed: GET /api/v1/employees?limit=100 [Status: 304] - 76ms","method":"GET","requestId":"085a80cf-b8f0-4afa-988e-b9903e16abc6","timestamp":"2026-07-25T09:32:35.018Z","url":"/api/v1/employees?limit=100"}
{"level":"info","message":"Request completed: GET /api/v1/pips [Status: 304] - 32ms","method":"GET","requestId":"c30ffa83-de69-4d22-86bf-c17e6b989556","timestamp":"2026-07-25T09:32:35.022Z","url":"/api/v1/pips"}
{"level":"info","message":"Incoming request: GET /api/v1/employees?limit=100","method":"GET","requestId":"184f774b-b961-4f16-9e2c-c636e0e1515f","timestamp":"2026-07-25T09:32:35.024Z","url":"/api/v1/employees?limit=100"}
{"level":"info","message":"Request completed: GET /api/v1/employees?limit=100 [Status: 304] - 55ms","method":"GET","requestId":"184f774b-b961-4f16-9e2c-c636e0e1515f","timestamp":"2026-07-25T09:32:35.082Z","url":"/api/v1/employees?limit=100"}
{"level":"info","message":"Incoming request: GET /api/v1/audit-logs?page=1&limit=10&sortBy=createdAt&sortOrder=-1","method":"GET","requestId":"7865d415-79fe-4563-810b-0cbcc059799e","timestamp":"2026-07-25T09:33:53.998Z","url":"/api/v1/audit-logs?page=1&limit=10&sortBy=createdAt&sortOrder=-1"}
{"level":"info","message":"Request completed: GET /api/v1/audit-logs?page=1&limit=10&sortBy=createdAt&sortOrder=-1 [Status: 200] - 57ms","method":"GET","requestId":"7865d415-79fe-4563-810b-0cbcc059799e","timestamp":"2026-07-25T09:33:54.054Z","url":"/api/v1/audit-logs?page=1&limit=10&sortBy=createdAt&sortOrder=-1"}
{"level":"info","message":"Incoming request: GET /api/v1/audit-logs?page=1&limit=10&sortBy=createdAt&sortOrder=-1","method":"GET","requestId":"98cbea8d-222d-476d-8360-6b387e84f5aa","timestamp":"2026-07-25T09:33:54.058Z","url":"/api/v1/audit-logs?page=1&limit=10&sortBy=createdAt&sortOrder=-1"}
{"level":"info","message":"Request completed: GET /api/v1/audit-logs?page=1&limit=10&sortBy=createdAt&sortOrder=-1 [Status: 304] - 33ms","method":"GET","requestId":"98cbea8d-222d-476d-8360-6b387e84f5aa","timestamp":"2026-07-25T09:33:54.091Z","url":"/api/v1/audit-logs?page=1&limit=10&sortBy=createdAt&sortOrder=-1"}
{"level":"info","message":"Incoming request: GET /api/v1/ethical-rules","method":"GET","requestId":"7038d1a8-c727-4088-acee-dd5c979bb62d","timestamp":"2026-07-25T09:36:08.669Z","url":"/api/v1/ethical-rules"}
{"level":"info","message":"Request completed: GET /api/v1/ethical-rules [Status: 304] - 57ms","method":"GET","requestId":"7038d1a8-c727-4088-acee-dd5c979bb62d","timestamp":"2026-07-25T09:36:08.727Z","url":"/api/v1/ethical-rules"}
{"level":"info","message":"Incoming request: GET /api/v1/ethical-rules","method":"GET","requestId":"a37d4ff2-466f-407d-b240-d860260bb3ee","timestamp":"2026-07-25T09:36:08.734Z","url":"/api/v1/ethical-rules"}
{"level":"info","message":"Request completed: GET /api/v1/ethical-rules [Status: 304] - 24ms","method":"GET","requestId":"a37d4ff2-466f-407d-b240-d860260bb3ee","timestamp":"2026-07-25T09:36:08.758Z","url":"/api/v1/ethical-rules"}
{"level":"info","message":"Client disconnected from WebSocket: L0lSsCTyiVaQ13AeAAAL","timestamp":"2026-07-25T10:34:07.149Z"}
{"level":"info","message":"Incoming request: POST /api/auth/register","method":"POST","requestId":"21b3b35a-e583-42fc-8cbc-b58ee987c1cb","timestamp":"2026-07-26T09:20:57.881Z","url":"/api/auth/register"}
{"level":"info","message":"User john@alphamatrix.com registered successfully","method":"POST","requestId":"21b3b35a-e583-42fc-8cbc-b58ee987c1cb","timestamp":"2026-07-26T09:20:57.943Z","url":"/api/auth/register"}
{"level":"info","message":"Request completed: POST /api/auth/register [Status: 201] - 77ms","method":"POST","requestId":"21b3b35a-e583-42fc-8cbc-b58ee987c1cb","timestamp":"2026-07-26T09:20:57.956Z","url":"/api/auth/register"}
{"level":"info","message":"Incoming request: POST /api/auth/register","method":"POST","requestId":"a4f509bd-7df4-4a75-8b28-00e971685b96","timestamp":"2026-07-26T09:20:58.014Z","url":"/api/auth/register"}
{"level":"info","message":"Request completed: POST /api/auth/register [Status: 400] - 17ms","method":"POST","requestId":"a4f509bd-7df4-4a75-8b28-00e971685b96","timestamp":"2026-07-26T09:20:58.031Z","url":"/api/auth/register"}
{"level":"info","message":"Incoming request: POST /api/auth/login","method":"POST","requestId":"2853fb77-ee6d-4186-8764-620a864005bf","timestamp":"2026-07-26T09:20:58.079Z","url":"/api/auth/login"}
{"level":"info","message":"User john@alphamatrix.com logged in successfully","method":"POST","requestId":"2853fb77-ee6d-4186-8764-620a864005bf","timestamp":"2026-07-26T09:20:58.093Z","url":"/api/auth/login"}
{"level":"info","message":"Request completed: POST /api/auth/login [Status: 200] - 20ms","method":"POST","requestId":"2853fb77-ee6d-4186-8764-620a864005bf","timestamp":"2026-07-26T09:20:58.099Z","url":"/api/auth/login"}
{"level":"warn","message":"Redis reconnection limit exceeded. Staying in in-memory fallback mode.","timestamp":"2026-07-26T09:20:58.685Z"}
{"level":"info","message":"Server initialized successfully on port 5000","timestamp":"2026-07-26T09:21:10.285Z"}
{"level":"info","message":"MongoDB Connected: localhost","timestamp":"2026-07-26T09:21:10.333Z"}
{"level":"warn","message":"Redis reconnection limit exceeded. Staying in in-memory fallback mode.","timestamp":"2026-07-26T09:21:10.992Z"}
{"level":"info","message":"Client connected to WebSocket: _cYg5D-qqVXmafZYAAAB","timestamp":"2026-07-26T09:22:57.620Z"}
{"level":"info","message":"Incoming request: GET /api/v1/analytics/dashboard?bypassCache=false","method":"GET","requestId":"69f239bd-6f5f-432c-b483-10b89e0d5a46","timestamp":"2026-07-26T09:23:00.319Z","url":"/api/v1/analytics/dashboard?bypassCache=false"}
{"level":"info","message":"Request completed: GET /api/v1/analytics/dashboard?bypassCache=false [Status: 401] - 345ms","method":"GET","requestId":"69f239bd-6f5f-432c-b483-10b89e0d5a46","timestamp":"2026-07-26T09:23:00.665Z","url":"/api/v1/analytics/dashboard?bypassCache=false"}
{"level":"info","message":"Incoming request: GET /api/v1/analytics/dashboard?bypassCache=false","method":"GET","requestId":"a3890e1a-13af-4574-81c0-6ad78cb15f69","timestamp":"2026-07-26T09:23:00.681Z","url":"/api/v1/analytics/dashboard?bypassCache=false"}
{"level":"info","message":"Request completed: GET /api/v1/analytics/dashboard?bypassCache=false [Status: 401] - 37ms","method":"GET","requestId":"a3890e1a-13af-4574-81c0-6ad78cb15f69","timestamp":"2026-07-26T09:23:00.717Z","url":"/api/v1/analytics/dashboard?bypassCache=false"}
{"level":"info","message":"Incoming request: POST /api/v1/auth/refresh","method":"POST","requestId":"d9826925-ee84-4d9f-8be8-c1ab9fd1fcef","timestamp":"2026-07-26T09:23:00.935Z","url":"/api/v1/auth/refresh"}
{"level":"info","message":"Request completed: POST /api/v1/auth/refresh [Status: 404] - 14ms","method":"POST","requestId":"d9826925-ee84-4d9f-8be8-c1ab9fd1fcef","timestamp":"2026-07-26T09:23:00.950Z","url":"/api/v1/auth/refresh"}
{"level":"info","message":"Client disconnected from WebSocket: _cYg5D-qqVXmafZYAAAB","timestamp":"2026-07-26T09:23:01.257Z"}
{"level":"info","message":"Incoming request: POST /api/v1/auth/refresh","method":"POST","requestId":"e5b055ee-1a30-4c34-a8f7-1077be85e108","timestamp":"2026-07-26T09:23:01.434Z","url":"/api/v1/auth/refresh"}
{"level":"info","message":"Request completed: POST /api/v1/auth/refresh [Status: 404] - 107ms","method":"POST","requestId":"e5b055ee-1a30-4c34-a8f7-1077be85e108","timestamp":"2026-07-26T09:23:01.541Z","url":"/api/v1/auth/refresh"}
{"level":"info","message":"Incoming request: POST /api/v1/auth/login","method":"POST","requestId":"7815a101-d2b0-4f67-b444-f652b1bc06e1","timestamp":"2026-07-26T09:24:14.914Z","url":"/api/v1/auth/login"}
{"level":"info","message":"User admin@alphamatrix.com logged in successfully","method":"POST","requestId":"7815a101-d2b0-4f67-b444-f652b1bc06e1","timestamp":"2026-07-26T09:24:22.315Z","url":"/api/v1/auth/login"}
{"level":"info","message":"Request completed: POST /api/v1/auth/login [Status: 200] - 7673ms","method":"POST","requestId":"7815a101-d2b0-4f67-b444-f652b1bc06e1","timestamp":"2026-07-26T09:24:22.543Z","url":"/api/v1/auth/login"}
{"level":"info","message":"Client connected to WebSocket: jgngaMl5AqML_H-WAAAD","timestamp":"2026-07-26T09:24:22.911Z"}
{"level":"info","message":"Incoming request: GET /api/v1/analytics/dashboard?bypassCache=false","method":"GET","requestId":"bd7ba215-fa09-4146-9477-3afd911b14ff","timestamp":"2026-07-26T09:24:22.922Z","url":"/api/v1/analytics/dashboard?bypassCache=false"}
{"level":"info","message":"Request completed: GET /api/v1/analytics/dashboard?bypassCache=false [Status: 200] - 4005ms","method":"GET","requestId":"bd7ba215-fa09-4146-9477-3afd911b14ff","timestamp":"2026-07-26T09:24:27.003Z","url":"/api/v1/analytics/dashboard?bypassCache=false"}
{"level":"info","message":"Incoming request: GET /api/v1/analytics/dashboard?bypassCache=false","method":"GET","requestId":"8996176a-df6e-4693-8516-b7deb9b93145","timestamp":"2026-07-26T09:24:27.012Z","url":"/api/v1/analytics/dashboard?bypassCache=false"}
{"level":"info","message":"Request completed: GET /api/v1/analytics/dashboard?bypassCache=false [Status: 200] - 61ms","method":"GET","requestId":"8996176a-df6e-4693-8516-b7deb9b93145","timestamp":"2026-07-26T09:24:27.078Z","url":"/api/v1/analytics/dashboard?bypassCache=false"}
{"level":"info","message":"Incoming request: GET /api/v1/analytics/performance?bypassCache=false","method":"GET","requestId":"476a53e3-c4d3-4002-82c9-fd8750c0f7e4","timestamp":"2026-07-26T09:24:27.307Z","url":"/api/v1/analytics/performance?bypassCache=false"}
{"level":"info","message":"Incoming request: GET /api/v1/analytics/branches-comparison","method":"GET","requestId":"50a8a4d1-8adb-406b-9dbb-c4d69baa83b7","timestamp":"2026-07-26T09:24:27.433Z","url":"/api/v1/analytics/branches-comparison"}
{"level":"info","message":"Request completed: GET /api/v1/analytics/performance?bypassCache=false [Status: 200] - 2550ms","method":"GET","requestId":"476a53e3-c4d3-4002-82c9-fd8750c0f7e4","timestamp":"2026-07-26T09:24:29.857Z","url":"/api/v1/analytics/performance?bypassCache=false"}
{"level":"info","message":"Incoming request: GET /api/v1/analytics/performance?bypassCache=false","method":"GET","requestId":"f008f30a-0ce4-41ac-90a8-0aa2d75a1b5a","timestamp":"2026-07-26T09:24:30.722Z","url":"/api/v1/analytics/performance?bypassCache=false"}
{"level":"info","message":"Request completed: GET /api/v1/analytics/performance?bypassCache=false [Status: 200] - 18ms","method":"GET","requestId":"f008f30a-0ce4-41ac-90a8-0aa2d75a1b5a","timestamp":"2026-07-26T09:24:30.740Z","url":"/api/v1/analytics/performance?bypassCache=false"}
{"level":"info","message":"Request completed: GET /api/v1/analytics/branches-comparison [Status: 200] - 4006ms","method":"GET","requestId":"50a8a4d1-8adb-406b-9dbb-c4d69baa83b7","timestamp":"2026-07-26T09:24:31.439Z","url":"/api/v1/analytics/branches-comparison"}
{"level":"info","message":"Incoming request: GET /api/v1/analytics/branches-comparison","method":"GET","requestId":"7d41d6bb-065a-4bc6-873f-57146bd56ec4","timestamp":"2026-07-26T09:24:31.466Z","url":"/api/v1/analytics/branches-comparison"}
{"level":"info","message":"Request completed: GET /api/v1/analytics/branches-comparison [Status: 200] - 95ms","method":"GET","requestId":"7d41d6bb-065a-4bc6-873f-57146bd56ec4","timestamp":"2026-07-26T09:24:31.561Z","url":"/api/v1/analytics/branches-comparison"}
{"level":"info","message":"Incoming request: GET /api/v1/predictions/history?limit=100","method":"GET","requestId":"fc327419-3a79-48a2-a7e3-bb78c34e0320","timestamp":"2026-07-26T09:24:31.579Z","url":"/api/v1/predictions/history?limit=100"}
{"level":"info","message":"Request completed: GET /api/v1/predictions/history?limit=100 [Status: 200] - 437ms","method":"GET","requestId":"fc327419-3a79-48a2-a7e3-bb78c34e0320","timestamp":"2026-07-26T09:24:32.017Z","url":"/api/v1/predictions/history?limit=100"}
{"level":"info","message":"Incoming request: GET /api/v1/predictions/history?limit=100","method":"GET","requestId":"f77e3105-1ee2-4128-8b21-86c3a13641ac","timestamp":"2026-07-26T09:24:32.042Z","url":"/api/v1/predictions/history?limit=100"}
{"level":"info","message":"Request completed: GET /api/v1/predictions/history?limit=100 [Status: 304] - 264ms","method":"GET","requestId":"f77e3105-1ee2-4128-8b21-86c3a13641ac","timestamp":"2026-07-26T09:24:32.312Z","url":"/api/v1/predictions/history?limit=100"}
{"level":"info","message":"Incoming request: GET /api/v1/analytics/dashboard?bypassCache=true","method":"GET","requestId":"1f7b861c-95f3-4c4c-9a83-002220a95b21","timestamp":"2026-07-26T09:24:34.814Z","url":"/api/v1/analytics/dashboard?bypassCache=true"}
{"level":"info","message":"Request completed: GET /api/v1/analytics/dashboard?bypassCache=true [Status: 304] - 441ms","method":"GET","requestId":"1f7b861c-95f3-4c4c-9a83-002220a95b21","timestamp":"2026-07-26T09:24:35.254Z","url":"/api/v1/analytics/dashboard?bypassCache=true"}
{"level":"info","message":"Incoming request: GET /api/v1/analytics/performance?bypassCache=true","method":"GET","requestId":"80420710-81cb-48d6-bf01-7b5691ce04ce","timestamp":"2026-07-26T09:24:35.343Z","url":"/api/v1/analytics/performance?bypassCache=true"}
{"level":"info","message":"Incoming request: GET /api/v1/analytics/branches-comparison","method":"GET","requestId":"7d37131c-1124-4303-b862-c43ac1bdebb3","timestamp":"2026-07-26T09:24:35.520Z","url":"/api/v1/analytics/branches-comparison"}
{"level":"info","message":"Request completed: GET /api/v1/analytics/branches-comparison [Status: 304] - 82ms","method":"GET","requestId":"7d37131c-1124-4303-b862-c43ac1bdebb3","timestamp":"2026-07-26T09:24:35.602Z","url":"/api/v1/analytics/branches-comparison"}
{"level":"info","message":"Request completed: GET /api/v1/analytics/performance?bypassCache=true [Status: 304] - 427ms","method":"GET","requestId":"80420710-81cb-48d6-bf01-7b5691ce04ce","timestamp":"2026-07-26T09:24:35.770Z","url":"/api/v1/analytics/performance?bypassCache=true"}
{"level":"info","message":"Incoming request: GET /api/v1/predictions/history?limit=100","method":"GET","requestId":"e849e21f-5ee5-4f3e-8e4f-730743a24ac7","timestamp":"2026-07-26T09:24:35.818Z","url":"/api/v1/predictions/history?limit=100"}
{"level":"info","message":"Request completed: GET /api/v1/predictions/history?limit=100 [Status: 304] - 268ms","method":"GET","requestId":"e849e21f-5ee5-4f3e-8e4f-730743a24ac7","timestamp":"2026-07-26T09:24:36.086Z","url":"/api/v1/predictions/history?limit=100"}
{"level":"info","message":"Incoming request: GET /api/v1/analytics/dashboard?bypassCache=true","method":"GET","requestId":"dfe823f2-7f8b-4c00-b5cc-abe85bcaa26f","timestamp":"2026-07-26T09:24:46.838Z","url":"/api/v1/analytics/dashboard?bypassCache=true"}
{"level":"info","message":"Request completed: GET /api/v1/analytics/dashboard?bypassCache=true [Status: 304] - 494ms","method":"GET","requestId":"dfe823f2-7f8b-4c00-b5cc-abe85bcaa26f","timestamp":"2026-07-26T09:24:47.332Z","url":"/api/v1/analytics/dashboard?bypassCache=true"}
{"level":"info","message":"Incoming request: GET /api/v1/analytics/performance?bypassCache=true","method":"GET","requestId":"f5fb093d-5e94-4b69-abc7-c8b58e758d20","timestamp":"2026-07-26T09:24:47.560Z","url":"/api/v1/analytics/performance?bypassCache=true"}
{"level":"info","message":"Incoming request: GET /api/v1/analytics/branches-comparison","method":"GET","requestId":"90f27cda-28e4-4fea-8443-51a2300686a6","timestamp":"2026-07-26T09:24:47.636Z","url":"/api/v1/analytics/branches-comparison"}
{"level":"info","message":"Request completed: GET /api/v1/analytics/branches-comparison [Status: 304] - 94ms","method":"GET","requestId":"90f27cda-28e4-4fea-8443-51a2300686a6","timestamp":"2026-07-26T09:24:47.730Z","url":"/api/v1/analytics/branches-comparison"}
{"level":"info","message":"Request completed: GET /api/v1/analytics/performance?bypassCache=true [Status: 304] - 469ms","method":"GET","requestId":"f5fb093d-5e94-4b69-abc7-c8b58e758d20","timestamp":"2026-07-26T09:24:48.020Z","url":"/api/v1/analytics/performance?bypassCache=true"}
{"level":"info","message":"Incoming request: GET /api/v1/predictions/history?limit=100","method":"GET","requestId":"0cc300ee-40e0-4b14-82f5-524597ebc2ac","timestamp":"2026-07-26T09:24:48.192Z","url":"/api/v1/predictions/history?limit=100"}
{"level":"info","message":"Request completed: GET /api/v1/predictions/history?limit=100 [Status: 304] - 302ms","method":"GET","requestId":"0cc300ee-40e0-4b14-82f5-524597ebc2ac","timestamp":"2026-07-26T09:24:48.494Z","url":"/api/v1/predictions/history?limit=100"}
{"level":"info","message":"Incoming request: GET /api/v1/employees?page=1&limit=8&search=&sortBy=createdAt&sortOrder=desc","method":"GET","requestId":"e8802682-ab8b-4014-b5b2-095abb1e7de3","timestamp":"2026-07-26T09:24:52.374Z","url":"/api/v1/employees?page=1&limit=8&search=&sortBy=createdAt&sortOrder=desc"}
{"level":"info","message":"Incoming request: GET /api/v1/branches","method":"GET","requestId":"72df13df-23be-4d90-846a-d53f389809a9","timestamp":"2026-07-26T09:24:52.533Z","url":"/api/v1/branches"}
{"level":"info","message":"Request completed: GET /api/v1/branches [Status: 200] - 303ms","method":"GET","requestId":"72df13df-23be-4d90-846a-d53f389809a9","timestamp":"2026-07-26T09:24:52.836Z","url":"/api/v1/branches"}
{"level":"info","message":"Request completed: GET /api/v1/employees?page=1&limit=8&search=&sortBy=createdAt&sortOrder=desc [Status: 200] - 519ms","method":"GET","requestId":"e8802682-ab8b-4014-b5b2-095abb1e7de3","timestamp":"2026-07-26T09:24:52.893Z","url":"/api/v1/employees?page=1&limit=8&search=&sortBy=createdAt&sortOrder=desc"}
{"level":"info","message":"Incoming request: GET /api/v1/branches","method":"GET","requestId":"136ec264-f023-4756-811e-d131a5fc6a48","timestamp":"2026-07-26T09:24:52.899Z","url":"/api/v1/branches"}
{"level":"info","message":"Incoming request: GET /api/v1/employees?page=1&limit=8&search=&sortBy=createdAt&sortOrder=desc","method":"GET","requestId":"55707020-d648-4849-ad43-2044a14df9f1","timestamp":"2026-07-26T09:24:52.958Z","url":"/api/v1/employees?page=1&limit=8&search=&sortBy=createdAt&sortOrder=desc"}
{"level":"info","message":"Request completed: GET /api/v1/branches [Status: 304] - 341ms","method":"GET","requestId":"136ec264-f023-4756-811e-d131a5fc6a48","timestamp":"2026-07-26T09:24:53.240Z","url":"/api/v1/branches"}
{"level":"info","message":"Request completed: GET /api/v1/employees?page=1&limit=8&search=&sortBy=createdAt&sortOrder=desc [Status: 304] - 394ms","method":"GET","requestId":"55707020-d648-4849-ad43-2044a14df9f1","timestamp":"2026-07-26T09:24:53.352Z","url":"/api/v1/employees?page=1&limit=8&search=&sortBy=createdAt&sortOrder=desc"}
{"level":"info","message":"Incoming request: GET /api/v1/employees?page=1&limit=100","method":"GET","requestId":"6478d094-bf2b-493c-a404-aaf3b433e058","timestamp":"2026-07-26T09:26:02.485Z","url":"/api/v1/employees?page=1&limit=100"}
{"level":"info","message":"Request completed: GET /api/v1/employees?page=1&limit=100 [Status: 200] - 5205ms","method":"GET","requestId":"6478d094-bf2b-493c-a404-aaf3b433e058","timestamp":"2026-07-26T09:26:07.594Z","url":"/api/v1/employees?page=1&limit=100"}
{"level":"info","message":"Incoming request: GET /api/v1/employees?page=1&limit=100","method":"GET","requestId":"9577f7d7-1df7-455b-9c25-939cb59e3255","timestamp":"2026-07-26T09:26:07.695Z","url":"/api/v1/employees?page=1&limit=100"}
{"level":"info","message":"Request completed: GET /api/v1/employees?page=1&limit=100 [Status: 304] - 469ms","method":"GET","requestId":"9577f7d7-1df7-455b-9c25-939cb59e3255","timestamp":"2026-07-26T09:26:08.164Z","url":"/api/v1/employees?page=1&limit=100"}
{"level":"info","message":"Incoming request: GET /api/v1/branches?search=","method":"GET","requestId":"6119c845-db2d-4d6a-8e69-bc513aa405bc","timestamp":"2026-07-26T09:26:26.715Z","url":"/api/v1/branches?search="}
{"level":"info","message":"Request completed: GET /api/v1/branches?search= [Status: 200] - 2080ms","method":"GET","requestId":"6119c845-db2d-4d6a-8e69-bc513aa405bc","timestamp":"2026-07-26T09:26:28.796Z","url":"/api/v1/branches?search="}
{"level":"info","message":"Incoming request: GET /api/v1/branches?search=","method":"GET","requestId":"dfc55268-1393-4cdd-8225-7266e29542e5","timestamp":"2026-07-26T09:26:28.822Z","url":"/api/v1/branches?search="}
{"level":"info","message":"Request completed: GET /api/v1/branches?search= [Status: 304] - 162ms","method":"GET","requestId":"dfc55268-1393-4cdd-8225-7266e29542e5","timestamp":"2026-07-26T09:26:28.984Z","url":"/api/v1/branches?search="}
{"level":"info","message":"Client connected to WebSocket: U6sUT56v8pftHQrMAAAF","timestamp":"2026-07-26T09:27:08.957Z"}
{"level":"info","message":"Incoming request: GET /api/v1/predictions/history?page=1&limit=10","method":"GET","requestId":"2166431f-af27-4095-9993-db04f8b7a92f","timestamp":"2026-07-26T09:27:11.222Z","url":"/api/v1/predictions/history?page=1&limit=10"}
{"level":"info","message":"Client disconnected from WebSocket: jgngaMl5AqML_H-WAAAD","timestamp":"2026-07-26T09:27:12.299Z"}
{"level":"info","message":"Request completed: GET /api/v1/predictions/history?page=1&limit=10 [Status: 200] - 2340ms","method":"GET","requestId":"2166431f-af27-4095-9993-db04f8b7a92f","timestamp":"2026-07-26T09:27:13.573Z","url":"/api/v1/predictions/history?page=1&limit=10"}
{"level":"info","message":"Incoming request: GET /api/v1/predictions/history?page=1&limit=10","method":"GET","requestId":"e2fdc2bb-a58b-45a7-bc50-cf09a3110a37","timestamp":"2026-07-26T09:27:13.669Z","url":"/api/v1/predictions/history?page=1&limit=10"}
{"level":"info","message":"Request completed: GET /api/v1/predictions/history?page=1&limit=10 [Status: 304] - 97ms","method":"GET","requestId":"e2fdc2bb-a58b-45a7-bc50-cf09a3110a37","timestamp":"2026-07-26T09:27:13.766Z","url":"/api/v1/predictions/history?page=1&limit=10"}
{"level":"info","message":"Client connected to WebSocket: KtayR1CsUHAIqENpAAAH","timestamp":"2026-07-26T09:27:28.340Z"}
{"level":"info","message":"Incoming request: GET /api/v1/approvals?status=PENDING","method":"GET","requestId":"f25c5c57-f19f-483e-bb2a-6cde16dd47e5","timestamp":"2026-07-26T09:27:28.802Z","url":"/api/v1/approvals?status=PENDING"}
{"level":"info","message":"Request completed: GET /api/v1/approvals?status=PENDING [Status: 200] - 1005ms","method":"GET","requestId":"f25c5c57-f19f-483e-bb2a-6cde16dd47e5","timestamp":"2026-07-26T09:27:29.824Z","url":"/api/v1/approvals?status=PENDING"}
{"level":"info","message":"Incoming request: GET /api/v1/approvals?status=PENDING","method":"GET","requestId":"f61bc364-d29d-4d17-a188-da46c45bac74","timestamp":"2026-07-26T09:27:29.837Z","url":"/api/v1/approvals?status=PENDING"}
{"level":"info","message":"Request completed: GET /api/v1/approvals?status=PENDING [Status: 304] - 248ms","method":"GET","requestId":"f61bc364-d29d-4d17-a188-da46c45bac74","timestamp":"2026-07-26T09:27:30.089Z","url":"/api/v1/approvals?status=PENDING"}
{"level":"info","message":"Client disconnected from WebSocket: U6sUT56v8pftHQrMAAAF","timestamp":"2026-07-26T09:27:31.260Z"}
{"level":"info","message":"Client connected to WebSocket: x5YlvE5Ef7A4WDVJAAAJ","timestamp":"2026-07-26T09:27:44.319Z"}
{"level":"info","message":"Incoming request: GET /api/v1/courses?search=","method":"GET","requestId":"36048389-ddb5-4838-b07d-ce2c47b09a22","timestamp":"2026-07-26T09:27:44.638Z","url":"/api/v1/courses?search="}
{"level":"info","message":"Request completed: GET /api/v1/courses?search= [Status: 200] - 122ms","method":"GET","requestId":"36048389-ddb5-4838-b07d-ce2c47b09a22","timestamp":"2026-07-26T09:27:44.760Z","url":"/api/v1/courses?search="}
{"level":"info","message":"Incoming request: GET /api/v1/courses?search=","method":"GET","requestId":"5df0b98a-7c0b-4c71-921c-c5b4387ee378","timestamp":"2026-07-26T09:27:44.827Z","url":"/api/v1/courses?search="}
{"level":"info","message":"Request completed: GET /api/v1/courses?search= [Status: 304] - 147ms","method":"GET","requestId":"5df0b98a-7c0b-4c71-921c-c5b4387ee378","timestamp":"2026-07-26T09:27:44.974Z","url":"/api/v1/courses?search="}
{"level":"info","message":"Client disconnected from WebSocket: KtayR1CsUHAIqENpAAAH","timestamp":"2026-07-26T09:27:46.314Z"}
{"level":"info","message":"Client connected to WebSocket: cc7v7QL57Brx1VFdAAAL","timestamp":"2026-07-26T09:27:53.435Z"}
{"level":"info","message":"Incoming request: GET /api/v1/pips","method":"GET","requestId":"396c1c3d-dda9-40e9-9a25-37b99e1928db","timestamp":"2026-07-26T09:27:53.767Z","url":"/api/v1/pips"}
{"level":"info","message":"Incoming request: GET /api/v1/employees?limit=100","method":"GET","requestId":"f3ba3ccb-3c55-49b6-ad14-7c8392a42985","timestamp":"2026-07-26T09:27:53.817Z","url":"/api/v1/employees?limit=100"}
{"level":"info","message":"Request completed: GET /api/v1/pips [Status: 304] - 147ms","method":"GET","requestId":"396c1c3d-dda9-40e9-9a25-37b99e1928db","timestamp":"2026-07-26T09:27:53.914Z","url":"/api/v1/pips"}
{"level":"info","message":"Incoming request: GET /api/v1/pips","method":"GET","requestId":"53b349bb-2696-4d7d-b191-359a8b506c72","timestamp":"2026-07-26T09:27:54.014Z","url":"/api/v1/pips"}
{"level":"info","message":"Request completed: GET /api/v1/employees?limit=100 [Status: 200] - 334ms","method":"GET","requestId":"f3ba3ccb-3c55-49b6-ad14-7c8392a42985","timestamp":"2026-07-26T09:27:54.151Z","url":"/api/v1/employees?limit=100"}
{"level":"info","message":"Request completed: GET /api/v1/pips [Status: 304] - 140ms","method":"GET","requestId":"53b349bb-2696-4d7d-b191-359a8b506c72","timestamp":"2026-07-26T09:27:54.154Z","url":"/api/v1/pips"}
{"level":"info","message":"Incoming request: GET /api/v1/employees?limit=100","method":"GET","requestId":"eab460fd-77e3-4900-98a4-9cf827679ccf","timestamp":"2026-07-26T09:27:54.159Z","url":"/api/v1/employees?limit=100"}
{"level":"info","message":"Request completed: GET /api/v1/employees?limit=100 [Status: 304] - 228ms","method":"GET","requestId":"eab460fd-77e3-4900-98a4-9cf827679ccf","timestamp":"2026-07-26T09:27:54.387Z","url":"/api/v1/employees?limit=100"}
{"level":"info","message":"Client disconnected from WebSocket: x5YlvE5Ef7A4WDVJAAAJ","timestamp":"2026-07-26T09:27:56.290Z"}
{"level":"info","message":"Client connected to WebSocket: Kfd9bdNg0gx7GQ8gAAAN","timestamp":"2026-07-26T09:28:03.144Z"}
{"level":"info","message":"Incoming request: GET /api/v1/audit-logs?page=1&limit=10&sortBy=createdAt&sortOrder=-1","method":"GET","requestId":"e6fa9ce1-b19a-4a57-8249-6f1dc774222e","timestamp":"2026-07-26T09:28:03.548Z","url":"/api/v1/audit-logs?page=1&limit=10&sortBy=createdAt&sortOrder=-1"}
{"level":"info","message":"Request completed: GET /api/v1/audit-logs?page=1&limit=10&sortBy=createdAt&sortOrder=-1 [Status: 200] - 105ms","method":"GET","requestId":"e6fa9ce1-b19a-4a57-8249-6f1dc774222e","timestamp":"2026-07-26T09:28:03.653Z","url":"/api/v1/audit-logs?page=1&limit=10&sortBy=createdAt&sortOrder=-1"}
{"level":"info","message":"Incoming request: GET /api/v1/audit-logs?page=1&limit=10&sortBy=createdAt&sortOrder=-1","method":"GET","requestId":"64fd19d4-6ec2-4927-a780-6e0b69b06ef3","timestamp":"2026-07-26T09:28:03.676Z","url":"/api/v1/audit-logs?page=1&limit=10&sortBy=createdAt&sortOrder=-1"}
{"level":"info","message":"Request completed: GET /api/v1/audit-logs?page=1&limit=10&sortBy=createdAt&sortOrder=-1 [Status: 304] - 156ms","method":"GET","requestId":"64fd19d4-6ec2-4927-a780-6e0b69b06ef3","timestamp":"2026-07-26T09:28:03.832Z","url":"/api/v1/audit-logs?page=1&limit=10&sortBy=createdAt&sortOrder=-1"}
{"level":"info","message":"Client disconnected from WebSocket: cc7v7QL57Brx1VFdAAAL","timestamp":"2026-07-26T09:28:06.293Z"}
{"level":"info","message":"Client connected to WebSocket: xeNI_OeLrIr31L00AAAP","timestamp":"2026-07-26T09:28:13.213Z"}
{"level":"info","message":"Incoming request: GET /api/v1/ethical-rules","method":"GET","requestId":"272520d3-7ac6-48ca-b224-19928a454a3e","timestamp":"2026-07-26T09:28:13.524Z","url":"/api/v1/ethical-rules"}
{"level":"info","message":"Request completed: GET /api/v1/ethical-rules [Status: 200] - 64ms","method":"GET","requestId":"272520d3-7ac6-48ca-b224-19928a454a3e","timestamp":"2026-07-26T09:28:13.588Z","url":"/api/v1/ethical-rules"}
{"level":"info","message":"Incoming request: GET /api/v1/ethical-rules","method":"GET","requestId":"bc4b03f4-bcb6-4471-a103-503846eeb29b","timestamp":"2026-07-26T09:28:13.592Z","url":"/api/v1/ethical-rules"}
{"level":"info","message":"Request completed: GET /api/v1/ethical-rules [Status: 304] - 101ms","method":"GET","requestId":"bc4b03f4-bcb6-4471-a103-503846eeb29b","timestamp":"2026-07-26T09:28:13.693Z","url":"/api/v1/ethical-rules"}
{"level":"info","message":"Client disconnected from WebSocket: Kfd9bdNg0gx7GQ8gAAAN","timestamp":"2026-07-26T09:28:16.383Z"}
{"level":"info","message":"Client connected to WebSocket: AGm8wQLB9esnAFy6AAAR","timestamp":"2026-07-26T09:28:24.060Z"}
{"level":"info","message":"Incoming request: GET /api/v1/analytics/dashboard?bypassCache=false","method":"GET","requestId":"0f69c84d-1cc9-480b-ad98-975bd27943f2","timestamp":"2026-07-26T09:28:24.287Z","url":"/api/v1/analytics/dashboard?bypassCache=false"}
{"level":"info","message":"Request completed: GET /api/v1/analytics/dashboard?bypassCache=false [Status: 304] - 36ms","method":"GET","requestId":"0f69c84d-1cc9-480b-ad98-975bd27943f2","timestamp":"2026-07-26T09:28:24.323Z","url":"/api/v1/analytics/dashboard?bypassCache=false"}
{"level":"info","message":"Incoming request: GET /api/v1/analytics/dashboard?bypassCache=false","method":"GET","requestId":"aaac7c77-560c-49ec-8bb5-13c857b8529c","timestamp":"2026-07-26T09:28:24.342Z","url":"/api/v1/analytics/dashboard?bypassCache=false"}
{"level":"info","message":"Request completed: GET /api/v1/analytics/dashboard?bypassCache=false [Status: 304] - 60ms","method":"GET","requestId":"aaac7c77-560c-49ec-8bb5-13c857b8529c","timestamp":"2026-07-26T09:28:24.402Z","url":"/api/v1/analytics/dashboard?bypassCache=false"}
{"level":"info","message":"Incoming request: GET /api/v1/analytics/performance?bypassCache=false","method":"GET","requestId":"485d0301-920a-485a-b177-8bccea0d71c5","timestamp":"2026-07-26T09:28:24.609Z","url":"/api/v1/analytics/performance?bypassCache=false"}
{"level":"info","message":"Request completed: GET /api/v1/analytics/performance?bypassCache=false [Status: 304] - 58ms","method":"GET","requestId":"485d0301-920a-485a-b177-8bccea0d71c5","timestamp":"2026-07-26T09:28:24.668Z","url":"/api/v1/analytics/performance?bypassCache=false"}
{"level":"info","message":"Incoming request: GET /api/v1/analytics/performance?bypassCache=false","method":"GET","requestId":"6401b0d1-0c62-4d03-9abc-d40f5d3a6023","timestamp":"2026-07-26T09:28:24.730Z","url":"/api/v1/analytics/performance?bypassCache=false"}
{"level":"info","message":"Request completed: GET /api/v1/analytics/performance?bypassCache=false [Status: 304] - 154ms","method":"GET","requestId":"6401b0d1-0c62-4d03-9abc-d40f5d3a6023","timestamp":"2026-07-26T09:28:24.884Z","url":"/api/v1/analytics/performance?bypassCache=false"}
{"level":"info","message":"Incoming request: GET /api/v1/analytics/branches-comparison","method":"GET","requestId":"525a55f3-7d7b-4d9b-a840-42ab01057638","timestamp":"2026-07-26T09:28:24.901Z","url":"/api/v1/analytics/branches-comparison"}
{"level":"info","message":"Request completed: GET /api/v1/analytics/branches-comparison [Status: 304] - 396ms","method":"GET","requestId":"525a55f3-7d7b-4d9b-a840-42ab01057638","timestamp":"2026-07-26T09:28:25.297Z","url":"/api/v1/analytics/branches-comparison"}
{"level":"info","message":"Incoming request: GET /api/v1/analytics/branches-comparison","method":"GET","requestId":"a6cb8c10-b799-446c-b4b3-1de3ba716a48","timestamp":"2026-07-26T09:28:25.325Z","url":"/api/v1/analytics/branches-comparison"}
{"level":"info","message":"Request completed: GET /api/v1/analytics/branches-comparison [Status: 304] - 263ms","method":"GET","requestId":"a6cb8c10-b799-446c-b4b3-1de3ba716a48","timestamp":"2026-07-26T09:28:25.588Z","url":"/api/v1/analytics/branches-comparison"}
{"level":"info","message":"Incoming request: GET /api/v1/predictions/history?limit=100","method":"GET","requestId":"99f05745-ff44-428e-a22e-63d070ac8ee5","timestamp":"2026-07-26T09:28:26.112Z","url":"/api/v1/predictions/history?limit=100"}
{"level":"info","message":"Client disconnected from WebSocket: xeNI_OeLrIr31L00AAAP","timestamp":"2026-07-26T09:28:27.943Z"}
{"level":"info","message":"Request completed: GET /api/v1/predictions/history?limit=100 [Status: 304] - 2285ms","method":"GET","requestId":"99f05745-ff44-428e-a22e-63d070ac8ee5","timestamp":"2026-07-26T09:28:28.397Z","url":"/api/v1/predictions/history?limit=100"}
{"level":"info","message":"Incoming request: GET /api/v1/predictions/history?limit=100","method":"GET","requestId":"38a9f421-89c0-42c2-a8ff-802b8ee04567","timestamp":"2026-07-26T09:28:28.483Z","url":"/api/v1/predictions/history?limit=100"}
{"level":"info","message":"Request completed: GET /api/v1/predictions/history?limit=100 [Status: 304] - 566ms","method":"GET","requestId":"38a9f421-89c0-42c2-a8ff-802b8ee04567","timestamp":"2026-07-26T09:28:29.048Z","url":"/api/v1/predictions/history?limit=100"}
{"level":"info","message":"Incoming request: GET /api/v1/analytics/dashboard?bypassCache=true","method":"GET","requestId":"e331ec1a-cc50-486b-b010-96f0549e5a8a","timestamp":"2026-07-26T09:28:36.267Z","url":"/api/v1/analytics/dashboard?bypassCache=true"}
{"level":"info","message":"Request completed: GET /api/v1/analytics/dashboard?bypassCache=true [Status: 304] - 1044ms","method":"GET","requestId":"e331ec1a-cc50-486b-b010-96f0549e5a8a","timestamp":"2026-07-26T09:28:37.311Z","url":"/api/v1/analytics/dashboard?bypassCache=true"}
{"level":"info","message":"Incoming request: GET /api/v1/analytics/branches-comparison","method":"GET","requestId":"93a93ff2-b22e-434c-9b2d-cd7788e31e39","timestamp":"2026-07-26T09:28:37.687Z","url":"/api/v1/analytics/branches-comparison"}
{"level":"info","message":"Request completed: GET /api/v1/analytics/branches-comparison [Status: 304] - 113ms","method":"GET","requestId":"93a93ff2-b22e-434c-9b2d-cd7788e31e39","timestamp":"2026-07-26T09:28:37.800Z","url":"/api/v1/analytics/branches-comparison"}
{"level":"info","message":"Incoming request: GET /api/v1/analytics/performance?bypassCache=true","method":"GET","requestId":"4e26e0f9-287c-466e-a4b5-29e8826aa35b","timestamp":"2026-07-26T09:28:37.803Z","url":"/api/v1/analytics/performance?bypassCache=true"}
{"level":"info","message":"Request completed: GET /api/v1/analytics/performance?bypassCache=true [Status: 304] - 389ms","method":"GET","requestId":"4e26e0f9-287c-466e-a4b5-29e8826aa35b","timestamp":"2026-07-26T09:28:38.191Z","url":"/api/v1/analytics/performance?bypassCache=true"}
{"level":"info","message":"Incoming request: GET /api/v1/predictions/history?limit=100","method":"GET","requestId":"9e7da89e-e840-48d4-aacf-ea533ee46f7f","timestamp":"2026-07-26T09:28:38.511Z","url":"/api/v1/predictions/history?limit=100"}
{"level":"info","message":"Request completed: GET /api/v1/predictions/history?limit=100 [Status: 304] - 1216ms","method":"GET","requestId":"9e7da89e-e840-48d4-aacf-ea533ee46f7f","timestamp":"2026-07-26T09:28:39.728Z","url":"/api/v1/predictions/history?limit=100"}
{"level":"info","message":"Incoming request: GET /api/v1/analytics/dashboard?bypassCache=true","method":"GET","requestId":"318ee3c0-f847-42cd-9024-dd6584ffd4e3","timestamp":"2026-07-26T09:28:48.267Z","url":"/api/v1/analytics/dashboard?bypassCache=true"}
{"level":"info","message":"Request completed: GET /api/v1/analytics/dashboard?bypassCache=true [Status: 304] - 416ms","method":"GET","requestId":"318ee3c0-f847-42cd-9024-dd6584ffd4e3","timestamp":"2026-07-26T09:28:48.683Z","url":"/api/v1/analytics/dashboard?bypassCache=true"}
{"level":"info","message":"Incoming request: GET /api/v1/analytics/performance?bypassCache=true","method":"GET","requestId":"1b9d3188-113e-4753-b2fe-9d5d726a26e1","timestamp":"2026-07-26T09:28:48.745Z","url":"/api/v1/analytics/performance?bypassCache=true"}
{"level":"info","message":"Incoming request: GET /api/v1/analytics/branches-comparison","method":"GET","requestId":"bdfee6ed-84c3-47f2-b705-1f3558148117","timestamp":"2026-07-26T09:28:48.861Z","url":"/api/v1/analytics/branches-comparison"}
{"level":"info","message":"Request completed: GET /api/v1/analytics/branches-comparison [Status: 304] - 13ms","method":"GET","requestId":"bdfee6ed-84c3-47f2-b705-1f3558148117","timestamp":"2026-07-26T09:28:48.873Z","url":"/api/v1/analytics/branches-comparison"}
{"level":"info","message":"Request completed: GET /api/v1/analytics/performance?bypassCache=true [Status: 304] - 173ms","method":"GET","requestId":"1b9d3188-113e-4753-b2fe-9d5d726a26e1","timestamp":"2026-07-26T09:28:48.918Z","url":"/api/v1/analytics/performance?bypassCache=true"}
{"level":"info","message":"Incoming request: GET /api/v1/predictions/history?limit=100","method":"GET","requestId":"e8a1de07-6364-488d-a0f6-1c7768004cec","timestamp":"2026-07-26T09:28:48.951Z","url":"/api/v1/predictions/history?limit=100"}
{"level":"info","message":"Request completed: GET /api/v1/predictions/history?limit=100 [Status: 304] - 159ms","method":"GET","requestId":"e8a1de07-6364-488d-a0f6-1c7768004cec","timestamp":"2026-07-26T09:28:49.110Z","url":"/api/v1/predictions/history?limit=100"}
{"level":"info","message":"Incoming request: GET /api/v1/analytics/dashboard?bypassCache=true","method":"GET","requestId":"03a04841-9fe7-4642-858e-707975a3ceb4","timestamp":"2026-07-26T09:29:00.271Z","url":"/api/v1/analytics/dashboard?bypassCache=true"}
{"level":"info","message":"Request completed: GET /api/v1/analytics/dashboard?bypassCache=true [Status: 304] - 383ms","method":"GET","requestId":"03a04841-9fe7-4642-858e-707975a3ceb4","timestamp":"2026-07-26T09:29:00.654Z","url":"/api/v1/analytics/dashboard?bypassCache=true"}
{"level":"info","message":"Incoming request: GET /api/v1/analytics/performance?bypassCache=true","method":"GET","requestId":"387c85ae-25c5-423d-a1eb-125eba7ccc40","timestamp":"2026-07-26T09:29:00.694Z","url":"/api/v1/analytics/performance?bypassCache=true"}
{"level":"info","message":"Incoming request: GET /api/v1/analytics/branches-comparison","method":"GET","requestId":"69662468-38ce-4442-8342-ba16942caaef","timestamp":"2026-07-26T09:29:00.745Z","url":"/api/v1/analytics/branches-comparison"}
{"level":"info","message":"Request completed: GET /api/v1/analytics/branches-comparison [Status: 304] - 20ms","method":"GET","requestId":"69662468-38ce-4442-8342-ba16942caaef","timestamp":"2026-07-26T09:29:00.766Z","url":"/api/v1/analytics/branches-comparison"}
{"level":"info","message":"Request completed: GET /api/v1/analytics/performance?bypassCache=true [Status: 304] - 2618ms","method":"GET","requestId":"387c85ae-25c5-423d-a1eb-125eba7ccc40","timestamp":"2026-07-26T09:29:03.332Z","url":"/api/v1/analytics/performance?bypassCache=true"}
{"level":"info","message":"Incoming request: GET /api/v1/predictions/history?limit=100","method":"GET","requestId":"62e693af-ed7a-4250-a8c0-264d13a91931","timestamp":"2026-07-26T09:29:03.616Z","url":"/api/v1/predictions/history?limit=100"}
{"level":"info","message":"Request completed: GET /api/v1/predictions/history?limit=100 [Status: 304] - 868ms","method":"GET","requestId":"62e693af-ed7a-4250-a8c0-264d13a91931","timestamp":"2026-07-26T09:29:04.484Z","url":"/api/v1/predictions/history?limit=100"}
{"level":"info","message":"Incoming request: GET /api/v1/analytics/dashboard?bypassCache=true","method":"GET","requestId":"401882a2-c84b-4856-8421-b003210f49e5","timestamp":"2026-07-26T09:29:12.442Z","url":"/api/v1/analytics/dashboard?bypassCache=true"}
{"level":"info","message":"Request completed: GET /api/v1/analytics/dashboard?bypassCache=true [Status: 304] - 960ms","method":"GET","requestId":"401882a2-c84b-4856-8421-b003210f49e5","timestamp":"2026-07-26T09:29:13.402Z","url":"/api/v1/analytics/dashboard?bypassCache=true"}
{"level":"info","message":"Incoming request: GET /api/v1/analytics/performance?bypassCache=true","method":"GET","requestId":"c9581fb2-311e-4f62-b2c5-e01c89eed3f8","timestamp":"2026-07-26T09:29:13.439Z","url":"/api/v1/analytics/performance?bypassCache=true"}
{"level":"info","message":"Incoming request: GET /api/v1/analytics/branches-comparison","method":"GET","requestId":"44976b47-0082-44be-a975-220e4b6132e6","timestamp":"2026-07-26T09:29:13.452Z","url":"/api/v1/analytics/branches-comparison"}
{"level":"info","message":"Request completed: GET /api/v1/analytics/branches-comparison [Status: 304] - 13ms","method":"GET","requestId":"44976b47-0082-44be-a975-220e4b6132e6","timestamp":"2026-07-26T09:29:13.465Z","url":"/api/v1/analytics/branches-comparison"}
{"level":"info","message":"Request completed: GET /api/v1/analytics/performance?bypassCache=true [Status: 304] - 220ms","method":"GET","requestId":"c9581fb2-311e-4f62-b2c5-e01c89eed3f8","timestamp":"2026-07-26T09:29:13.659Z","url":"/api/v1/analytics/performance?bypassCache=true"}
{"level":"info","message":"Incoming request: GET /api/v1/predictions/history?limit=100","method":"GET","requestId":"1124e8a6-e46d-4832-b9c4-0a8c8fd65c90","timestamp":"2026-07-26T09:29:13.673Z","url":"/api/v1/predictions/history?limit=100"}
{"level":"info","message":"Request completed: GET /api/v1/predictions/history?limit=100 [Status: 304] - 111ms","method":"GET","requestId":"1124e8a6-e46d-4832-b9c4-0a8c8fd65c90","timestamp":"2026-07-26T09:29:13.784Z","url":"/api/v1/predictions/history?limit=100"}
{"level":"info","message":"Incoming request: GET /api/v1/analytics/dashboard?bypassCache=true","method":"GET","requestId":"dcdf262e-9647-44d9-9be4-daab6d4964fe","timestamp":"2026-07-26T09:29:24.246Z","url":"/api/v1/analytics/dashboard?bypassCache=true"}
{"level":"info","message":"Request completed: GET /api/v1/analytics/dashboard?bypassCache=true [Status: 304] - 131ms","method":"GET","requestId":"dcdf262e-9647-44d9-9be4-daab6d4964fe","timestamp":"2026-07-26T09:29:24.377Z","url":"/api/v1/analytics/dashboard?bypassCache=true"}
{"level":"info","message":"Incoming request: GET /api/v1/analytics/branches-comparison","method":"GET","requestId":"2b055c08-7a2d-44e8-8a7c-d5e72df9d6ba","timestamp":"2026-07-26T09:29:24.411Z","url":"/api/v1/analytics/branches-comparison"}
{"level":"info","message":"Request completed: GET /api/v1/analytics/branches-comparison [Status: 304] - 14ms","method":"GET","requestId":"2b055c08-7a2d-44e8-8a7c-d5e72df9d6ba","timestamp":"2026-07-26T09:29:24.425Z","url":"/api/v1/analytics/branches-comparison"}
{"level":"info","message":"Incoming request: GET /api/v1/analytics/performance?bypassCache=true","method":"GET","requestId":"d3434960-cd24-4912-b859-651bce483099","timestamp":"2026-07-26T09:29:24.430Z","url":"/api/v1/analytics/performance?bypassCache=true"}
{"level":"info","message":"Request completed: GET /api/v1/analytics/performance?bypassCache=true [Status: 304] - 96ms","method":"GET","requestId":"d3434960-cd24-4912-b859-651bce483099","timestamp":"2026-07-26T09:29:24.526Z","url":"/api/v1/analytics/performance?bypassCache=true"}
{"level":"info","message":"Incoming request: GET /api/v1/predictions/history?limit=100","method":"GET","requestId":"3c7eff73-2626-49ed-9ac3-6a86f31c22bf","timestamp":"2026-07-26T09:29:24.635Z","url":"/api/v1/predictions/history?limit=100"}
{"level":"info","message":"Request completed: GET /api/v1/predictions/history?limit=100 [Status: 304] - 73ms","method":"GET","requestId":"3c7eff73-2626-49ed-9ac3-6a86f31c22bf","timestamp":"2026-07-26T09:29:24.708Z","url":"/api/v1/predictions/history?limit=100"}
{"level":"info","message":"Incoming request: GET /api/v1/analytics/dashboard?bypassCache=true","method":"GET","requestId":"c254210a-b944-4080-8477-d21086c91356","timestamp":"2026-07-26T09:29:36.269Z","url":"/api/v1/analytics/dashboard?bypassCache=true"}
{"level":"info","message":"Request completed: GET /api/v1/analytics/dashboard?bypassCache=true [Status: 304] - 536ms","method":"GET","requestId":"c254210a-b944-4080-8477-d21086c91356","timestamp":"2026-07-26T09:29:36.805Z","url":"/api/v1/analytics/dashboard?bypassCache=true"}
{"level":"info","message":"Incoming request: GET /api/v1/analytics/branches-comparison","method":"GET","requestId":"f7480ce2-a8f7-4a5d-ac67-d1a9fbf1f8ec","timestamp":"2026-07-26T09:29:36.863Z","url":"/api/v1/analytics/branches-comparison"}
{"level":"info","message":"Incoming request: GET /api/v1/analytics/performance?bypassCache=true","method":"GET","requestId":"0563a04c-0c45-490d-8179-4dd41b8edd46","timestamp":"2026-07-26T09:29:36.875Z","url":"/api/v1/analytics/performance?bypassCache=true"}
{"level":"info","message":"Request completed: GET /api/v1/analytics/performance?bypassCache=true [Status: 304] - 264ms","method":"GET","requestId":"0563a04c-0c45-490d-8179-4dd41b8edd46","timestamp":"2026-07-26T09:29:37.138Z","url":"/api/v1/analytics/performance?bypassCache=true"}
{"level":"info","message":"Request completed: GET /api/v1/analytics/branches-comparison [Status: 200] - 419ms","method":"GET","requestId":"f7480ce2-a8f7-4a5d-ac67-d1a9fbf1f8ec","timestamp":"2026-07-26T09:29:37.281Z","url":"/api/v1/analytics/branches-comparison"}
{"level":"info","message":"Incoming request: GET /api/v1/predictions/history?limit=100","method":"GET","requestId":"9d14a3f5-bf73-4203-bf45-5f90794fc88f","timestamp":"2026-07-26T09:29:37.298Z","url":"/api/v1/predictions/history?limit=100"}
{"level":"info","message":"Request completed: GET /api/v1/predictions/history?limit=100 [Status: 304] - 155ms","method":"GET","requestId":"9d14a3f5-bf73-4203-bf45-5f90794fc88f","timestamp":"2026-07-26T09:29:37.453Z","url":"/api/v1/predictions/history?limit=100"}
{"level":"info","message":"Incoming request: GET /api/v1/analytics/dashboard?bypassCache=true","method":"GET","requestId":"d0fda6fa-1c4a-48a9-be14-f1c228be4195","timestamp":"2026-07-26T09:29:48.255Z","url":"/api/v1/analytics/dashboard?bypassCache=true"}
{"level":"info","message":"Request completed: GET /api/v1/analytics/dashboard?bypassCache=true [Status: 304] - 134ms","method":"GET","requestId":"d0fda6fa-1c4a-48a9-be14-f1c228be4195","timestamp":"2026-07-26T09:29:48.389Z","url":"/api/v1/analytics/dashboard?bypassCache=true"}
{"level":"info","message":"Incoming request: GET /api/v1/analytics/branches-comparison","method":"GET","requestId":"9d37a146-7fba-4cc7-84c7-1bafa86045b8","timestamp":"2026-07-26T09:29:48.430Z","url":"/api/v1/analytics/branches-comparison"}
{"level":"info","message":"Request completed: GET /api/v1/analytics/branches-comparison [Status: 200] - 30ms","method":"GET","requestId":"9d37a146-7fba-4cc7-84c7-1bafa86045b8","timestamp":"2026-07-26T09:29:48.460Z","url":"/api/v1/analytics/branches-comparison"}
{"level":"info","message":"Incoming request: GET /api/v1/analytics/performance?bypassCache=true","method":"GET","requestId":"6ebd08a1-b449-463b-a3d2-7dcb093aabb8","timestamp":"2026-07-26T09:29:48.482Z","url":"/api/v1/analytics/performance?bypassCache=true"}
{"level":"info","message":"Request completed: GET /api/v1/analytics/performance?bypassCache=true [Status: 304] - 114ms","method":"GET","requestId":"6ebd08a1-b449-463b-a3d2-7dcb093aabb8","timestamp":"2026-07-26T09:29:48.597Z","url":"/api/v1/analytics/performance?bypassCache=true"}
{"level":"info","message":"Incoming request: GET /api/v1/predictions/history?limit=100","method":"GET","requestId":"f8279036-8e73-4e0d-be37-f7b1d1599c0d","timestamp":"2026-07-26T09:29:48.710Z","url":"/api/v1/predictions/history?limit=100"}
{"level":"info","message":"Request completed: GET /api/v1/predictions/history?limit=100 [Status: 304] - 98ms","method":"GET","requestId":"f8279036-8e73-4e0d-be37-f7b1d1599c0d","timestamp":"2026-07-26T09:29:48.808Z","url":"/api/v1/predictions/history?limit=100"}
{"level":"info","message":"Incoming request: GET /api/v1/analytics/dashboard?bypassCache=true","method":"GET","requestId":"ad9e17ae-d8a3-4797-b6e3-e77176b86ca8","timestamp":"2026-07-26T09:30:00.965Z","url":"/api/v1/analytics/dashboard?bypassCache=true"}
{"level":"info","message":"Request completed: GET /api/v1/analytics/dashboard?bypassCache=true [Status: 304] - 214ms","method":"GET","requestId":"ad9e17ae-d8a3-4797-b6e3-e77176b86ca8","timestamp":"2026-07-26T09:30:01.179Z","url":"/api/v1/analytics/dashboard?bypassCache=true"}
{"level":"info","message":"Incoming request: GET /api/v1/analytics/performance?bypassCache=true","method":"GET","requestId":"1a9997d6-a3c8-4bc3-8356-99efea15eb98","timestamp":"2026-07-26T09:30:01.419Z","url":"/api/v1/analytics/performance?bypassCache=true"}
{"level":"info","message":"Incoming request: GET /api/v1/analytics/branches-comparison","method":"GET","requestId":"c9468ebe-69c3-4f3f-a808-ed5545f094bd","timestamp":"2026-07-26T09:30:01.478Z","url":"/api/v1/analytics/branches-comparison"}
{"level":"info","message":"Request completed: GET /api/v1/analytics/branches-comparison [Status: 304] - 14ms","method":"GET","requestId":"c9468ebe-69c3-4f3f-a808-ed5545f094bd","timestamp":"2026-07-26T09:30:01.492Z","url":"/api/v1/analytics/branches-comparison"}
{"level":"info","message":"Request completed: GET /api/v1/analytics/performance?bypassCache=true [Status: 304] - 109ms","method":"GET","requestId":"1a9997d6-a3c8-4bc3-8356-99efea15eb98","timestamp":"2026-07-26T09:30:01.528Z","url":"/api/v1/analytics/performance?bypassCache=true"}
{"level":"info","message":"Incoming request: GET /api/v1/predictions/history?limit=100","method":"GET","requestId":"58ab50b5-012a-4d4f-9a6c-1e9ce1976717","timestamp":"2026-07-26T09:30:05.395Z","url":"/api/v1/predictions/history?limit=100"}
{"level":"info","message":"Request completed: GET /api/v1/predictions/history?limit=100 [Status: 304] - 216ms","method":"GET","requestId":"58ab50b5-012a-4d4f-9a6c-1e9ce1976717","timestamp":"2026-07-26T09:30:05.611Z","url":"/api/v1/predictions/history?limit=100"}
{"level":"info","message":"Incoming request: GET /api/v1/analytics/dashboard?bypassCache=true","method":"GET","requestId":"5ea6ecc8-6af8-487b-8a7c-272753de3d32","timestamp":"2026-07-26T09:30:12.248Z","url":"/api/v1/analytics/dashboard?bypassCache=true"}
{"level":"info","message":"Request completed: GET /api/v1/analytics/dashboard?bypassCache=true [Status: 304] - 159ms","method":"GET","requestId":"5ea6ecc8-6af8-487b-8a7c-272753de3d32","timestamp":"2026-07-26T09:30:12.407Z","url":"/api/v1/analytics/dashboard?bypassCache=true"}
{"level":"info","message":"Incoming request: GET /api/v1/analytics/performance?bypassCache=true","method":"GET","requestId":"6597b500-ad2f-4464-9da4-3f87bb79d7e1","timestamp":"2026-07-26T09:30:12.445Z","url":"/api/v1/analytics/performance?bypassCache=true"}
{"level":"info","message":"Incoming request: GET /api/v1/analytics/branches-comparison","method":"GET","requestId":"8a95443f-1b73-47bc-926e-d731714970b6","timestamp":"2026-07-26T09:30:12.503Z","url":"/api/v1/analytics/branches-comparison"}
{"level":"info","message":"Request completed: GET /api/v1/analytics/branches-comparison [Status: 304] - 7ms","method":"GET","requestId":"8a95443f-1b73-47bc-926e-d731714970b6","timestamp":"2026-07-26T09:30:12.510Z","url":"/api/v1/analytics/branches-comparison"}
{"level":"info","message":"Request completed: GET /api/v1/analytics/performance?bypassCache=true [Status: 304] - 87ms","method":"GET","requestId":"6597b500-ad2f-4464-9da4-3f87bb79d7e1","timestamp":"2026-07-26T09:30:12.532Z","url":"/api/v1/analytics/performance?bypassCache=true"}
{"level":"info","message":"Incoming request: GET /api/v1/predictions/history?limit=100","method":"GET","requestId":"11356947-689b-4858-9737-91edbddfd1d4","timestamp":"2026-07-26T09:30:13.052Z","url":"/api/v1/predictions/history?limit=100"}
{"level":"info","message":"Request completed: GET /api/v1/predictions/history?limit=100 [Status: 304] - 75ms","method":"GET","requestId":"11356947-689b-4858-9737-91edbddfd1d4","timestamp":"2026-07-26T09:30:13.127Z","url":"/api/v1/predictions/history?limit=100"}
{"level":"info","message":"Incoming request: GET /api/v1/analytics/dashboard?bypassCache=true","method":"GET","requestId":"9eb2e58b-3299-44c3-8f74-f495f6d24832","timestamp":"2026-07-26T09:30:24.261Z","url":"/api/v1/analytics/dashboard?bypassCache=true"}
{"level":"info","message":"Request completed: GET /api/v1/analytics/dashboard?bypassCache=true [Status: 304] - 127ms","method":"GET","requestId":"9eb2e58b-3299-44c3-8f74-f495f6d24832","timestamp":"2026-07-26T09:30:24.388Z","url":"/api/v1/analytics/dashboard?bypassCache=true"}
{"level":"info","message":"Incoming request: GET /api/v1/analytics/performance?bypassCache=true","method":"GET","requestId":"7bf3fc38-dc84-408d-ad85-14b8a1b543db","timestamp":"2026-07-26T09:30:24.441Z","url":"/api/v1/analytics/performance?bypassCache=true"}
{"level":"info","message":"Incoming request: GET /api/v1/analytics/branches-comparison","method":"GET","requestId":"7367841c-8670-4902-b96d-4b4b01116979","timestamp":"2026-07-26T09:30:24.518Z","url":"/api/v1/analytics/branches-comparison"}
{"level":"info","message":"Request completed: GET /api/v1/analytics/branches-comparison [Status: 304] - 8ms","method":"GET","requestId":"7367841c-8670-4902-b96d-4b4b01116979","timestamp":"2026-07-26T09:30:24.526Z","url":"/api/v1/analytics/branches-comparison"}
{"level":"info","message":"Request completed: GET /api/v1/analytics/performance?bypassCache=true [Status: 304] - 91ms","method":"GET","requestId":"7bf3fc38-dc84-408d-ad85-14b8a1b543db","timestamp":"2026-07-26T09:30:24.532Z","url":"/api/v1/analytics/performance?bypassCache=true"}
{"level":"info","message":"Incoming request: GET /api/v1/predictions/history?limit=100","method":"GET","requestId":"d2fd47aa-5696-4503-9273-0ba409d18f85","timestamp":"2026-07-26T09:30:24.811Z","url":"/api/v1/predictions/history?limit=100"}
{"level":"info","message":"Request completed: GET /api/v1/predictions/history?limit=100 [Status: 304] - 63ms","method":"GET","requestId":"d2fd47aa-5696-4503-9273-0ba409d18f85","timestamp":"2026-07-26T09:30:24.874Z","url":"/api/v1/predictions/history?limit=100"}
{"level":"info","message":"Incoming request: GET /api/v1/analytics/dashboard?bypassCache=true","method":"GET","requestId":"4e938363-1840-4a7f-8495-0c81bf5b56f3","timestamp":"2026-07-26T09:30:36.252Z","url":"/api/v1/analytics/dashboard?bypassCache=true"}
{"level":"info","message":"Request completed: GET /api/v1/analytics/dashboard?bypassCache=true [Status: 304] - 121ms","method":"GET","requestId":"4e938363-1840-4a7f-8495-0c81bf5b56f3","timestamp":"2026-07-26T09:30:36.373Z","url":"/api/v1/analytics/dashboard?bypassCache=true"}
{"level":"info","message":"Incoming request: GET /api/v1/analytics/performance?bypassCache=true","method":"GET","requestId":"13339aaa-0e99-4ba2-96df-dd8ab8b30ff2","timestamp":"2026-07-26T09:30:36.393Z","url":"/api/v1/analytics/performance?bypassCache=true"}
{"level":"info","message":"Incoming request: GET /api/v1/analytics/branches-comparison","method":"GET","requestId":"f407bb4b-e47d-4eea-bb0e-e6ff3baaea45","timestamp":"2026-07-26T09:30:36.437Z","url":"/api/v1/analytics/branches-comparison"}
{"level":"info","message":"Request completed: GET /api/v1/analytics/branches-comparison [Status: 304] - 8ms","method":"GET","requestId":"f407bb4b-e47d-4eea-bb0e-e6ff3baaea45","timestamp":"2026-07-26T09:30:36.444Z","url":"/api/v1/analytics/branches-comparison"}
{"level":"info","message":"Request completed: GET /api/v1/analytics/performance?bypassCache=true [Status: 304] - 68ms","method":"GET","requestId":"13339aaa-0e99-4ba2-96df-dd8ab8b30ff2","timestamp":"2026-07-26T09:30:36.462Z","url":"/api/v1/analytics/performance?bypassCache=true"}
{"level":"info","message":"Incoming request: GET /api/v1/predictions/history?limit=100","method":"GET","requestId":"264ed12f-0384-4b50-bb1f-2d97f2e8b2e0","timestamp":"2026-07-26T09:30:36.811Z","url":"/api/v1/predictions/history?limit=100"}
{"level":"info","message":"Request completed: GET /api/v1/predictions/history?limit=100 [Status: 304] - 71ms","method":"GET","requestId":"264ed12f-0384-4b50-bb1f-2d97f2e8b2e0","timestamp":"2026-07-26T09:30:36.882Z","url":"/api/v1/predictions/history?limit=100"}
{"level":"info","message":"Incoming request: GET /api/v1/analytics/dashboard?bypassCache=true","method":"GET","requestId":"a5d19785-6973-437c-82a8-9d99b3bd06f6","timestamp":"2026-07-26T09:30:48.250Z","url":"/api/v1/analytics/dashboard?bypassCache=true"}
{"level":"info","message":"Request completed: GET /api/v1/analytics/dashboard?bypassCache=true [Status: 304] - 146ms","method":"GET","requestId":"a5d19785-6973-437c-82a8-9d99b3bd06f6","timestamp":"2026-07-26T09:30:48.396Z","url":"/api/v1/analytics/dashboard?bypassCache=true"}
{"level":"info","message":"Incoming request: GET /api/v1/analytics/performance?bypassCache=true","method":"GET","requestId":"0cae4b7a-a00c-40e2-abb8-fd9f32f04c9b","timestamp":"2026-07-26T09:30:48.427Z","url":"/api/v1/analytics/performance?bypassCache=true"}
{"level":"info","message":"Request completed: GET /api/v1/analytics/performance?bypassCache=true [Status: 304] - 69ms","method":"GET","requestId":"0cae4b7a-a00c-40e2-abb8-fd9f32f04c9b","timestamp":"2026-07-26T09:30:48.496Z","url":"/api/v1/analytics/performance?bypassCache=true"}
{"level":"info","message":"Incoming request: GET /api/v1/analytics/branches-comparison","method":"GET","requestId":"0067cf02-c3b9-4d2e-83f2-d0714ef16388","timestamp":"2026-07-26T09:30:48.504Z","url":"/api/v1/analytics/branches-comparison"}
{"level":"info","message":"Request completed: GET /api/v1/analytics/branches-comparison [Status: 304] - 3ms","method":"GET","requestId":"0067cf02-c3b9-4d2e-83f2-d0714ef16388","timestamp":"2026-07-26T09:30:48.507Z","url":"/api/v1/analytics/branches-comparison"}
{"level":"info","message":"Incoming request: GET /api/v1/predictions/history?limit=100","method":"GET","requestId":"79f3fd95-6717-424f-9386-8362ba362ac3","timestamp":"2026-07-26T09:30:48.917Z","url":"/api/v1/predictions/history?limit=100"}
{"level":"info","message":"Request completed: GET /api/v1/predictions/history?limit=100 [Status: 304] - 112ms","method":"GET","requestId":"79f3fd95-6717-424f-9386-8362ba362ac3","timestamp":"2026-07-26T09:30:49.029Z","url":"/api/v1/predictions/history?limit=100"}
{"level":"info","message":"Incoming request: GET /api/v1/analytics/dashboard?bypassCache=true","method":"GET","requestId":"75577239-c7f7-4123-b365-278b1cfa3a23","timestamp":"2026-07-26T09:31:00.243Z","url":"/api/v1/analytics/dashboard?bypassCache=true"}
{"level":"info","message":"Request completed: GET /api/v1/analytics/dashboard?bypassCache=true [Status: 304] - 129ms","method":"GET","requestId":"75577239-c7f7-4123-b365-278b1cfa3a23","timestamp":"2026-07-26T09:31:00.372Z","url":"/api/v1/analytics/dashboard?bypassCache=true"}
{"level":"info","message":"Incoming request: GET /api/v1/analytics/performance?bypassCache=true","method":"GET","requestId":"12deaf01-99e1-4f07-8570-cdf875c497a9","timestamp":"2026-07-26T09:31:00.400Z","url":"/api/v1/analytics/performance?bypassCache=true"}
{"level":"info","message":"Request completed: GET /api/v1/analytics/performance?bypassCache=true [Status: 429] - 50ms","method":"GET","requestId":"12deaf01-99e1-4f07-8570-cdf875c497a9","timestamp":"2026-07-26T09:31:00.449Z","url":"/api/v1/analytics/performance?bypassCache=true"}
{"level":"info","message":"Incoming request: GET /api/v1/analytics/branches-comparison","method":"GET","requestId":"af82509a-93af-47d8-9938-ba0fbde6a717","timestamp":"2026-07-26T09:31:00.456Z","url":"/api/v1/analytics/branches-comparison"}
{"level":"info","message":"Request completed: GET /api/v1/analytics/branches-comparison [Status: 429] - 4ms","method":"GET","requestId":"af82509a-93af-47d8-9938-ba0fbde6a717","timestamp":"2026-07-26T09:31:00.460Z","url":"/api/v1/analytics/branches-comparison"}
{"level":"info","message":"Incoming request: GET /api/v1/analytics/dashboard?bypassCache=true","method":"GET","requestId":"19125ef1-631a-4290-828e-859cc9f8b55f","timestamp":"2026-07-26T09:31:12.252Z","url":"/api/v1/analytics/dashboard?bypassCache=true"}
{"level":"info","message":"Request completed: GET /api/v1/analytics/dashboard?bypassCache=true [Status: 429] - 5ms","method":"GET","requestId":"19125ef1-631a-4290-828e-859cc9f8b55f","timestamp":"2026-07-26T09:31:12.257Z","url":"/api/v1/analytics/dashboard?bypassCache=true"}
{"level":"info","message":"Incoming request: GET /api/v1/analytics/dashboard?bypassCache=true","method":"GET","requestId":"924f5a37-195a-4174-97b6-c5b7894e39d0","timestamp":"2026-07-26T09:31:24.249Z","url":"/api/v1/analytics/dashboard?bypassCache=true"}
{"level":"info","message":"Request completed: GET /api/v1/analytics/dashboard?bypassCache=true [Status: 429] - 4ms","method":"GET","requestId":"924f5a37-195a-4174-97b6-c5b7894e39d0","timestamp":"2026-07-26T09:31:24.253Z","url":"/api/v1/analytics/dashboard?bypassCache=true"}
{"level":"info","message":"Incoming request: GET /api/v1/analytics/dashboard?bypassCache=true","method":"GET","requestId":"f537f270-8e03-4506-8f38-31c7c03e26bd","timestamp":"2026-07-26T09:31:36.241Z","url":"/api/v1/analytics/dashboard?bypassCache=true"}
{"level":"info","message":"Request completed: GET /api/v1/analytics/dashboard?bypassCache=true [Status: 429] - 2ms","method":"GET","requestId":"f537f270-8e03-4506-8f38-31c7c03e26bd","timestamp":"2026-07-26T09:31:36.243Z","url":"/api/v1/analytics/dashboard?bypassCache=true"}
{"level":"info","message":"Incoming request: GET /api/v1/analytics/dashboard?bypassCache=true","method":"GET","requestId":"f89ff60e-7ed8-4863-99e5-b45e0b88773c","timestamp":"2026-07-26T09:31:48.266Z","url":"/api/v1/analytics/dashboard?bypassCache=true"}
{"level":"info","message":"Request completed: GET /api/v1/analytics/dashboard?bypassCache=true [Status: 429] - 4ms","method":"GET","requestId":"f89ff60e-7ed8-4863-99e5-b45e0b88773c","timestamp":"2026-07-26T09:31:48.270Z","url":"/api/v1/analytics/dashboard?bypassCache=true"}
{"level":"info","message":"Incoming request: GET /api/v1/analytics/dashboard?bypassCache=true","method":"GET","requestId":"ab0d9280-814a-4644-b6d3-50427a1ec80e","timestamp":"2026-07-26T09:32:00.242Z","url":"/api/v1/analytics/dashboard?bypassCache=true"}
{"level":"info","message":"Request completed: GET /api/v1/analytics/dashboard?bypassCache=true [Status: 429] - 11ms","method":"GET","requestId":"ab0d9280-814a-4644-b6d3-50427a1ec80e","timestamp":"2026-07-26T09:32:00.252Z","url":"/api/v1/analytics/dashboard?bypassCache=true"}
{"level":"info","message":"Incoming request: GET /api/v1/analytics/dashboard?bypassCache=true","method":"GET","requestId":"bd8f0262-17b6-40a7-bbe9-8cc35badc841","timestamp":"2026-07-26T09:32:12.287Z","url":"/api/v1/analytics/dashboard?bypassCache=true"}
{"level":"info","message":"Request completed: GET /api/v1/analytics/dashboard?bypassCache=true [Status: 429] - 7ms","method":"GET","requestId":"bd8f0262-17b6-40a7-bbe9-8cc35badc841","timestamp":"2026-07-26T09:32:12.294Z","url":"/api/v1/analytics/dashboard?bypassCache=true"}
{"level":"info","message":"Incoming request: GET /api/v1/analytics/dashboard?bypassCache=true","method":"GET","requestId":"9f7f36d2-116d-4279-9307-6520076ceabf","timestamp":"2026-07-26T09:32:24.257Z","url":"/api/v1/analytics/dashboard?bypassCache=true"}
{"level":"info","message":"Request completed: GET /api/v1/analytics/dashboard?bypassCache=true [Status: 429] - 7ms","method":"GET","requestId":"9f7f36d2-116d-4279-9307-6520076ceabf","timestamp":"2026-07-26T09:32:24.264Z","url":"/api/v1/analytics/dashboard?bypassCache=true"}
{"level":"info","message":"Incoming request: GET /api/v1/analytics/dashboard?bypassCache=true","method":"GET","requestId":"af285915-09f5-43e2-9443-9e936f660919","timestamp":"2026-07-26T09:32:36.248Z","url":"/api/v1/analytics/dashboard?bypassCache=true"}
{"level":"info","message":"Request completed: GET /api/v1/analytics/dashboard?bypassCache=true [Status: 429] - 6ms","method":"GET","requestId":"af285915-09f5-43e2-9443-9e936f660919","timestamp":"2026-07-26T09:32:36.254Z","url":"/api/v1/analytics/dashboard?bypassCache=true"}
{"level":"info","message":"Incoming request: GET /api/v1/analytics/dashboard?bypassCache=true","method":"GET","requestId":"a7ed4aa0-9e7e-460d-a541-9a33c3095a6d","timestamp":"2026-07-26T09:32:48.305Z","url":"/api/v1/analytics/dashboard?bypassCache=true"}
{"level":"info","message":"Request completed: GET /api/v1/analytics/dashboard?bypassCache=true [Status: 429] - 7ms","method":"GET","requestId":"a7ed4aa0-9e7e-460d-a541-9a33c3095a6d","timestamp":"2026-07-26T09:32:48.312Z","url":"/api/v1/analytics/dashboard?bypassCache=true"}
{"level":"info","message":"Incoming request: GET /api/v1/analytics/dashboard?bypassCache=true","method":"GET","requestId":"28be8102-acff-45ea-922b-c8d25ca5d93f","timestamp":"2026-07-26T09:33:00.250Z","url":"/api/v1/analytics/dashboard?bypassCache=true"}
{"level":"info","message":"Request completed: GET /api/v1/analytics/dashboard?bypassCache=true [Status: 429] - 4ms","method":"GET","requestId":"28be8102-acff-45ea-922b-c8d25ca5d93f","timestamp":"2026-07-26T09:33:00.254Z","url":"/api/v1/analytics/dashboard?bypassCache=true"}
{"level":"info","message":"Incoming request: GET /api/v1/analytics/dashboard?bypassCache=true","method":"GET","requestId":"e7357a5a-aa36-4dd6-beba-827caf03d0d6","timestamp":"2026-07-26T09:33:12.261Z","url":"/api/v1/analytics/dashboard?bypassCache=true"}
{"level":"info","message":"Request completed: GET /api/v1/analytics/dashboard?bypassCache=true [Status: 429] - 23ms","method":"GET","requestId":"e7357a5a-aa36-4dd6-beba-827caf03d0d6","timestamp":"2026-07-26T09:33:12.307Z","url":"/api/v1/analytics/dashboard?bypassCache=true"}
{"level":"info","message":"Incoming request: GET /api/v1/analytics/dashboard?bypassCache=true","method":"GET","requestId":"d14bc795-35f7-4e91-ae14-50aa62b50470","timestamp":"2026-07-26T09:33:24.263Z","url":"/api/v1/analytics/dashboard?bypassCache=true"}
{"level":"info","message":"Request completed: GET /api/v1/analytics/dashboard?bypassCache=true [Status: 429] - 22ms","method":"GET","requestId":"d14bc795-35f7-4e91-ae14-50aa62b50470","timestamp":"2026-07-26T09:33:24.285Z","url":"/api/v1/analytics/dashboard?bypassCache=true"}
{"level":"info","message":"Incoming request: GET /api/v1/analytics/dashboard?bypassCache=true","method":"GET","requestId":"9c499c3c-f2c0-4c6e-a841-d1028758c573","timestamp":"2026-07-26T09:33:36.309Z","url":"/api/v1/analytics/dashboard?bypassCache=true"}
{"level":"info","message":"Request completed: GET /api/v1/analytics/dashboard?bypassCache=true [Status: 429] - 40ms","method":"GET","requestId":"9c499c3c-f2c0-4c6e-a841-d1028758c573","timestamp":"2026-07-26T09:33:36.349Z","url":"/api/v1/analytics/dashboard?bypassCache=true"}
{"level":"info","message":"Incoming request: GET /api/v1/analytics/dashboard?bypassCache=true","method":"GET","requestId":"11e2d4ab-5c62-4abf-bd69-fa9f8967f36b","timestamp":"2026-07-26T09:33:48.277Z","url":"/api/v1/analytics/dashboard?bypassCache=true"}
{"level":"info","message":"Request completed: GET /api/v1/analytics/dashboard?bypassCache=true [Status: 429] - 19ms","method":"GET","requestId":"11e2d4ab-5c62-4abf-bd69-fa9f8967f36b","timestamp":"2026-07-26T09:33:48.314Z","url":"/api/v1/analytics/dashboard?bypassCache=true"}
{"level":"info","message":"Incoming request: GET /api/v1/analytics/dashboard?bypassCache=true","method":"GET","requestId":"da78df15-1650-49e2-b516-70395ceff5f4","timestamp":"2026-07-26T09:34:00.250Z","url":"/api/v1/analytics/dashboard?bypassCache=true"}
{"level":"info","message":"Request completed: GET /api/v1/analytics/dashboard?bypassCache=true [Status: 429] - 37ms","method":"GET","requestId":"da78df15-1650-49e2-b516-70395ceff5f4","timestamp":"2026-07-26T09:34:00.287Z","url":"/api/v1/analytics/dashboard?bypassCache=true"}
{"level":"info","message":"Incoming request: GET /api/v1/analytics/dashboard?bypassCache=true","method":"GET","requestId":"e6135b17-9751-45ca-a18f-a1cc2fd2a344","timestamp":"2026-07-26T09:34:12.241Z","url":"/api/v1/analytics/dashboard?bypassCache=true"}
{"level":"info","message":"Request completed: GET /api/v1/analytics/dashboard?bypassCache=true [Status: 429] - 10ms","method":"GET","requestId":"e6135b17-9751-45ca-a18f-a1cc2fd2a344","timestamp":"2026-07-26T09:34:12.251Z","url":"/api/v1/analytics/dashboard?bypassCache=true"}
{"level":"info","message":"Incoming request: GET /api/v1/analytics/dashboard?bypassCache=true","method":"GET","requestId":"64ea4f76-d49a-4fe4-ba1c-12a8aacac21d","timestamp":"2026-07-26T09:34:24.249Z","url":"/api/v1/analytics/dashboard?bypassCache=true"}
{"level":"info","message":"Request completed: GET /api/v1/analytics/dashboard?bypassCache=true [Status: 429] - 8ms","method":"GET","requestId":"64ea4f76-d49a-4fe4-ba1c-12a8aacac21d","timestamp":"2026-07-26T09:34:24.257Z","url":"/api/v1/analytics/dashboard?bypassCache=true"}
{"level":"info","message":"Incoming request: GET /api/v1/analytics/dashboard?bypassCache=true","method":"GET","requestId":"7af46f01-746e-45a2-8409-6581a16623bf","timestamp":"2026-07-26T09:34:36.262Z","url":"/api/v1/analytics/dashboard?bypassCache=true"}
{"level":"info","message":"Request completed: GET /api/v1/analytics/dashboard?bypassCache=true [Status: 429] - 5ms","method":"GET","requestId":"7af46f01-746e-45a2-8409-6581a16623bf","timestamp":"2026-07-26T09:34:36.267Z","url":"/api/v1/analytics/dashboard?bypassCache=true"}
{"level":"info","message":"Incoming request: GET /api/v1/analytics/dashboard?bypassCache=true","method":"GET","requestId":"fcc4cd43-0bf4-4f70-bb04-5974d8378c5f","timestamp":"2026-07-26T09:34:48.240Z","url":"/api/v1/analytics/dashboard?bypassCache=true"}
{"level":"info","message":"Request completed: GET /api/v1/analytics/dashboard?bypassCache=true [Status: 429] - 3ms","method":"GET","requestId":"fcc4cd43-0bf4-4f70-bb04-5974d8378c5f","timestamp":"2026-07-26T09:34:48.243Z","url":"/api/v1/analytics/dashboard?bypassCache=true"}
{"level":"info","message":"Incoming request: GET /api/v1/analytics/dashboard?bypassCache=true","method":"GET","requestId":"542ba45d-4ad9-4dd5-80ff-eee8d193e590","timestamp":"2026-07-26T09:35:00.240Z","url":"/api/v1/analytics/dashboard?bypassCache=true"}
{"level":"info","message":"Request completed: GET /api/v1/analytics/dashboard?bypassCache=true [Status: 429] - 3ms","method":"GET","requestId":"542ba45d-4ad9-4dd5-80ff-eee8d193e590","timestamp":"2026-07-26T09:35:00.243Z","url":"/api/v1/analytics/dashboard?bypassCache=true"}
{"level":"info","message":"Incoming request: GET /api/v1/analytics/dashboard?bypassCache=true","method":"GET","requestId":"0cc1d43b-73a7-471f-9203-bc1b9f2571d7","timestamp":"2026-07-26T09:35:12.353Z","url":"/api/v1/analytics/dashboard?bypassCache=true"}
{"level":"info","message":"Request completed: GET /api/v1/analytics/dashboard?bypassCache=true [Status: 429] - 13ms","method":"GET","requestId":"0cc1d43b-73a7-471f-9203-bc1b9f2571d7","timestamp":"2026-07-26T09:35:12.368Z","url":"/api/v1/analytics/dashboard?bypassCache=true"}
{"level":"info","message":"Incoming request: GET /api/v1/analytics/dashboard?bypassCache=true","method":"GET","requestId":"2897ac04-67ec-4033-91c5-cfae9e4df0ec","timestamp":"2026-07-26T09:35:24.259Z","url":"/api/v1/analytics/dashboard?bypassCache=true"}
{"level":"info","message":"Request completed: GET /api/v1/analytics/dashboard?bypassCache=true [Status: 429] - 5ms","method":"GET","requestId":"2897ac04-67ec-4033-91c5-cfae9e4df0ec","timestamp":"2026-07-26T09:35:24.265Z","url":"/api/v1/analytics/dashboard?bypassCache=true"}
{"level":"info","message":"Incoming request: GET /api/v1/analytics/dashboard?bypassCache=true","method":"GET","requestId":"29e84414-e484-43cc-870e-839c7695946d","timestamp":"2026-07-26T09:35:36.263Z","url":"/api/v1/analytics/dashboard?bypassCache=true"}
{"level":"info","message":"Request completed: GET /api/v1/analytics/dashboard?bypassCache=true [Status: 429] - 23ms","method":"GET","requestId":"29e84414-e484-43cc-870e-839c7695946d","timestamp":"2026-07-26T09:35:36.286Z","url":"/api/v1/analytics/dashboard?bypassCache=true"}
{"level":"info","message":"Incoming request: GET /api/v1/analytics/dashboard?bypassCache=true","method":"GET","requestId":"b054f10a-795a-4f51-a724-f4f4a15947d1","timestamp":"2026-07-26T09:35:48.253Z","url":"/api/v1/analytics/dashboard?bypassCache=true"}
{"level":"info","message":"Request completed: GET /api/v1/analytics/dashboard?bypassCache=true [Status: 429] - 3ms","method":"GET","requestId":"b054f10a-795a-4f51-a724-f4f4a15947d1","timestamp":"2026-07-26T09:35:48.256Z","url":"/api/v1/analytics/dashboard?bypassCache=true"}
{"level":"info","message":"Incoming request: GET /api/v1/analytics/dashboard?bypassCache=true","method":"GET","requestId":"a6844d49-5880-44e3-9b42-b38146fe4a35","timestamp":"2026-07-26T09:36:00.246Z","url":"/api/v1/analytics/dashboard?bypassCache=true"}
{"level":"info","message":"Request completed: GET /api/v1/analytics/dashboard?bypassCache=true [Status: 429] - 4ms","method":"GET","requestId":"a6844d49-5880-44e3-9b42-b38146fe4a35","timestamp":"2026-07-26T09:36:00.250Z","url":"/api/v1/analytics/dashboard?bypassCache=true"}
{"level":"info","message":"Incoming request: GET /api/v1/analytics/dashboard?bypassCache=true","method":"GET","requestId":"f5dbf9a3-1da1-4790-a300-88058231ba1c","timestamp":"2026-07-26T09:36:12.254Z","url":"/api/v1/analytics/dashboard?bypassCache=true"}
{"level":"info","message":"Request completed: GET /api/v1/analytics/dashboard?bypassCache=true [Status: 200] - 630ms","method":"GET","requestId":"f5dbf9a3-1da1-4790-a300-88058231ba1c","timestamp":"2026-07-26T09:36:12.884Z","url":"/api/v1/analytics/dashboard?bypassCache=true"}
{"level":"info","message":"Incoming request: GET /api/v1/analytics/performance?bypassCache=true","method":"GET","requestId":"f1302298-897a-4595-a78b-7a0129561c3e","timestamp":"2026-07-26T09:36:12.921Z","url":"/api/v1/analytics/performance?bypassCache=true"}
{"level":"info","message":"Incoming request: GET /api/v1/analytics/branches-comparison","method":"GET","requestId":"9aa0fed7-eb1c-4bc0-a419-71594facc692","timestamp":"2026-07-26T09:36:12.931Z","url":"/api/v1/analytics/branches-comparison"}
{"level":"info","message":"Request completed: GET /api/v1/analytics/performance?bypassCache=true [Status: 200] - 90ms","method":"GET","requestId":"f1302298-897a-4595-a78b-7a0129561c3e","timestamp":"2026-07-26T09:36:13.011Z","url":"/api/v1/analytics/performance?bypassCache=true"}
{"level":"info","message":"Request completed: GET /api/v1/analytics/branches-comparison [Status: 200] - 160ms","method":"GET","requestId":"9aa0fed7-eb1c-4bc0-a419-71594facc692","timestamp":"2026-07-26T09:36:13.091Z","url":"/api/v1/analytics/branches-comparison"}
{"level":"info","message":"Incoming request: GET /api/v1/predictions/history?limit=100","method":"GET","requestId":"b007b5e1-87e5-4243-a1bd-9d14091f1cee","timestamp":"2026-07-26T09:36:13.520Z","url":"/api/v1/predictions/history?limit=100"}
{"level":"info","message":"Request completed: GET /api/v1/predictions/history?limit=100 [Status: 304] - 59ms","method":"GET","requestId":"b007b5e1-87e5-4243-a1bd-9d14091f1cee","timestamp":"2026-07-26T09:36:13.579Z","url":"/api/v1/predictions/history?limit=100"}
{"level":"info","message":"Incoming request: GET /api/v1/analytics/dashboard?bypassCache=true","method":"GET","requestId":"fc3e053f-3620-4c15-9a07-561ca319b691","timestamp":"2026-07-26T09:36:24.244Z","url":"/api/v1/analytics/dashboard?bypassCache=true"}
{"level":"info","message":"Request completed: GET /api/v1/analytics/dashboard?bypassCache=true [Status: 304] - 125ms","method":"GET","requestId":"fc3e053f-3620-4c15-9a07-561ca319b691","timestamp":"2026-07-26T09:36:24.369Z","url":"/api/v1/analytics/dashboard?bypassCache=true"}
{"level":"info","message":"Incoming request: GET /api/v1/analytics/performance?bypassCache=true","method":"GET","requestId":"2097be76-da71-45a0-b01f-01d9ee0b7620","timestamp":"2026-07-26T09:36:24.400Z","url":"/api/v1/analytics/performance?bypassCache=true"}
{"level":"info","message":"Incoming request: GET /api/v1/analytics/branches-comparison","method":"GET","requestId":"a0fc6d65-faca-4bf1-97ef-7a82f01ba682","timestamp":"2026-07-26T09:36:24.412Z","url":"/api/v1/analytics/branches-comparison"}
{"level":"info","message":"Request completed: GET /api/v1/analytics/branches-comparison [Status: 200] - 9ms","method":"GET","requestId":"a0fc6d65-faca-4bf1-97ef-7a82f01ba682","timestamp":"2026-07-26T09:36:24.421Z","url":"/api/v1/analytics/branches-comparison"}
{"level":"info","message":"Request completed: GET /api/v1/analytics/performance?bypassCache=true [Status: 304] - 61ms","method":"GET","requestId":"2097be76-da71-45a0-b01f-01d9ee0b7620","timestamp":"2026-07-26T09:36:24.461Z","url":"/api/v1/analytics/performance?bypassCache=true"}
{"level":"info","message":"Incoming request: GET /api/v1/predictions/history?limit=100","method":"GET","requestId":"8cbcba52-623c-4c59-b5c6-869807d91d28","timestamp":"2026-07-26T09:36:24.753Z","url":"/api/v1/predictions/history?limit=100"}
{"level":"info","message":"Request completed: GET /api/v1/predictions/history?limit=100 [Status: 304] - 60ms","method":"GET","requestId":"8cbcba52-623c-4c59-b5c6-869807d91d28","timestamp":"2026-07-26T09:36:24.813Z","url":"/api/v1/predictions/history?limit=100"}
{"level":"info","message":"Incoming request: GET /api/v1/analytics/dashboard?bypassCache=true","method":"GET","requestId":"858f2072-023c-4139-a2f5-bd5832ab6e96","timestamp":"2026-07-26T09:36:36.243Z","url":"/api/v1/analytics/dashboard?bypassCache=true"}
{"level":"info","message":"Request completed: GET /api/v1/analytics/dashboard?bypassCache=true [Status: 304] - 109ms","method":"GET","requestId":"858f2072-023c-4139-a2f5-bd5832ab6e96","timestamp":"2026-07-26T09:36:36.352Z","url":"/api/v1/analytics/dashboard?bypassCache=true"}
{"level":"info","message":"Incoming request: GET /api/v1/analytics/performance?bypassCache=true","method":"GET","requestId":"393aa8bd-8e26-41d3-b8f3-4e456d5c20f0","timestamp":"2026-07-26T09:36:36.377Z","url":"/api/v1/analytics/performance?bypassCache=true"}
{"level":"info","message":"Incoming request: GET /api/v1/analytics/branches-comparison","method":"GET","requestId":"a6474c04-f8c2-4f5d-af42-9b21140f4b41","timestamp":"2026-07-26T09:36:36.389Z","url":"/api/v1/analytics/branches-comparison"}
{"level":"info","message":"Request completed: GET /api/v1/analytics/branches-comparison [Status: 304] - 9ms","method":"GET","requestId":"a6474c04-f8c2-4f5d-af42-9b21140f4b41","timestamp":"2026-07-26T09:36:36.398Z","url":"/api/v1/analytics/branches-comparison"}
{"level":"info","message":"Request completed: GET /api/v1/analytics/performance?bypassCache=true [Status: 304] - 56ms","method":"GET","requestId":"393aa8bd-8e26-41d3-b8f3-4e456d5c20f0","timestamp":"2026-07-26T09:36:36.434Z","url":"/api/v1/analytics/performance?bypassCache=true"}
{"level":"info","message":"Incoming request: GET /api/v1/predictions/history?limit=100","method":"GET","requestId":"d4f59b27-2bf1-46f5-9daf-cf55501e4733","timestamp":"2026-07-26T09:36:36.738Z","url":"/api/v1/predictions/history?limit=100"}
{"level":"info","message":"Request completed: GET /api/v1/predictions/history?limit=100 [Status: 304] - 76ms","method":"GET","requestId":"d4f59b27-2bf1-46f5-9daf-cf55501e4733","timestamp":"2026-07-26T09:36:36.814Z","url":"/api/v1/predictions/history?limit=100"}
{"level":"info","message":"Incoming request: GET /api/v1/analytics/dashboard?bypassCache=true","method":"GET","requestId":"cf3ddfb0-66bc-4127-bab5-10dc135a449c","timestamp":"2026-07-26T09:36:48.279Z","url":"/api/v1/analytics/dashboard?bypassCache=true"}
{"level":"info","message":"Request completed: GET /api/v1/analytics/dashboard?bypassCache=true [Status: 304] - 230ms","method":"GET","requestId":"cf3ddfb0-66bc-4127-bab5-10dc135a449c","timestamp":"2026-07-26T09:36:48.509Z","url":"/api/v1/analytics/dashboard?bypassCache=true"}
{"level":"info","message":"Incoming request: GET /api/v1/analytics/performance?bypassCache=true","method":"GET","requestId":"66090a76-c65c-43e2-ba2b-9d6207470d3c","timestamp":"2026-07-26T09:36:48.532Z","url":"/api/v1/analytics/performance?bypassCache=true"}
{"level":"info","message":"Incoming request: GET /api/v1/analytics/branches-comparison","method":"GET","requestId":"6eed9f8d-7830-43ad-a1a4-b21ee9e1662a","timestamp":"2026-07-26T09:36:48.540Z","url":"/api/v1/analytics/branches-comparison"}
{"level":"info","message":"Request completed: GET /api/v1/analytics/branches-comparison [Status: 304] - 19ms","method":"GET","requestId":"6eed9f8d-7830-43ad-a1a4-b21ee9e1662a","timestamp":"2026-07-26T09:36:48.573Z","url":"/api/v1/analytics/branches-comparison"}
{"level":"info","message":"Request completed: GET /api/v1/analytics/performance?bypassCache=true [Status: 304] - 77ms","method":"GET","requestId":"66090a76-c65c-43e2-ba2b-9d6207470d3c","timestamp":"2026-07-26T09:36:48.609Z","url":"/api/v1/analytics/performance?bypassCache=true"}
{"level":"info","message":"Incoming request: GET /api/v1/predictions/history?limit=100","method":"GET","requestId":"e10c38ce-a91c-4f9b-9fee-dba0c9eccf22","timestamp":"2026-07-26T09:36:48.968Z","url":"/api/v1/predictions/history?limit=100"}
{"level":"info","message":"Request completed: GET /api/v1/predictions/history?limit=100 [Status: 304] - 62ms","method":"GET","requestId":"e10c38ce-a91c-4f9b-9fee-dba0c9eccf22","timestamp":"2026-07-26T09:36:49.030Z","url":"/api/v1/predictions/history?limit=100"}
{"level":"info","message":"Incoming request: GET /api/v1/analytics/dashboard?bypassCache=true","method":"GET","requestId":"290a487a-a614-4c98-b95c-ecbbddc3e828","timestamp":"2026-07-26T09:37:00.248Z","url":"/api/v1/analytics/dashboard?bypassCache=true"}
{"level":"info","message":"Request completed: GET /api/v1/analytics/dashboard?bypassCache=true [Status: 304] - 118ms","method":"GET","requestId":"290a487a-a614-4c98-b95c-ecbbddc3e828","timestamp":"2026-07-26T09:37:00.370Z","url":"/api/v1/analytics/dashboard?bypassCache=true"}
{"level":"info","message":"Incoming request: GET /api/v1/analytics/performance?bypassCache=true","method":"GET","requestId":"fcdf52df-64e5-4134-bc91-c1dc8348d84f","timestamp":"2026-07-26T09:37:00.396Z","url":"/api/v1/analytics/performance?bypassCache=true"}
{"level":"info","message":"Incoming request: GET /api/v1/analytics/branches-comparison","method":"GET","requestId":"9a8f2b56-a22f-49a6-95bf-cbf2dd32541f","timestamp":"2026-07-26T09:37:00.408Z","url":"/api/v1/analytics/branches-comparison"}
{"level":"info","message":"Request completed: GET /api/v1/analytics/branches-comparison [Status: 304] - 7ms","method":"GET","requestId":"9a8f2b56-a22f-49a6-95bf-cbf2dd32541f","timestamp":"2026-07-26T09:37:00.415Z","url":"/api/v1/analytics/branches-comparison"}
{"level":"info","message":"Request completed: GET /api/v1/analytics/performance?bypassCache=true [Status: 304] - 56ms","method":"GET","requestId":"fcdf52df-64e5-4134-bc91-c1dc8348d84f","timestamp":"2026-07-26T09:37:00.452Z","url":"/api/v1/analytics/performance?bypassCache=true"}
{"level":"info","message":"Incoming request: GET /api/v1/predictions/history?limit=100","method":"GET","requestId":"00fe1a0a-442d-4e03-bd1b-9e25b65c797a","timestamp":"2026-07-26T09:37:00.782Z","url":"/api/v1/predictions/history?limit=100"}
{"level":"info","message":"Request completed: GET /api/v1/predictions/history?limit=100 [Status: 304] - 66ms","method":"GET","requestId":"00fe1a0a-442d-4e03-bd1b-9e25b65c797a","timestamp":"2026-07-26T09:37:00.848Z","url":"/api/v1/predictions/history?limit=100"}
{"level":"info","message":"Incoming request: GET /api/v1/analytics/dashboard?bypassCache=true","method":"GET","requestId":"b32b758c-28e1-439e-bd93-92e082c996ea","timestamp":"2026-07-26T09:37:12.250Z","url":"/api/v1/analytics/dashboard?bypassCache=true"}
{"level":"info","message":"Request completed: GET /api/v1/analytics/dashboard?bypassCache=true [Status: 304] - 111ms","method":"GET","requestId":"b32b758c-28e1-439e-bd93-92e082c996ea","timestamp":"2026-07-26T09:37:12.361Z","url":"/api/v1/analytics/dashboard?bypassCache=true"}
{"level":"info","message":"Incoming request: GET /api/v1/analytics/performance?bypassCache=true","method":"GET","requestId":"ec6bda86-562d-4284-a4f4-cece4c6909d1","timestamp":"2026-07-26T09:37:12.378Z","url":"/api/v1/analytics/performance?bypassCache=true"}
{"level":"info","message":"Incoming request: GET /api/v1/analytics/branches-comparison","method":"GET","requestId":"2a2efc68-f1e4-4b83-b677-867fe9b52a3a","timestamp":"2026-07-26T09:37:12.408Z","url":"/api/v1/analytics/branches-comparison"}
{"level":"info","message":"Request completed: GET /api/v1/analytics/branches-comparison [Status: 304] - 7ms","method":"GET","requestId":"2a2efc68-f1e4-4b83-b677-867fe9b52a3a","timestamp":"2026-07-26T09:37:12.415Z","url":"/api/v1/analytics/branches-comparison"}
{"level":"info","message":"Request completed: GET /api/v1/analytics/performance?bypassCache=true [Status: 304] - 60ms","method":"GET","requestId":"ec6bda86-562d-4284-a4f4-cece4c6909d1","timestamp":"2026-07-26T09:37:12.438Z","url":"/api/v1/analytics/performance?bypassCache=true"}
{"level":"info","message":"Incoming request: GET /api/v1/predictions/history?limit=100","method":"GET","requestId":"b3471345-a9f2-4928-bffb-ddcef9e24ca6","timestamp":"2026-07-26T09:37:12.738Z","url":"/api/v1/predictions/history?limit=100"}
{"level":"info","message":"Request completed: GET /api/v1/predictions/history?limit=100 [Status: 304] - 73ms","method":"GET","requestId":"b3471345-a9f2-4928-bffb-ddcef9e24ca6","timestamp":"2026-07-26T09:37:12.811Z","url":"/api/v1/predictions/history?limit=100"}
{"level":"info","message":"Incoming request: GET /api/v1/analytics/dashboard?bypassCache=true","method":"GET","requestId":"0c0af8ea-0617-44cb-ae24-c84f642c1919","timestamp":"2026-07-26T09:37:24.239Z","url":"/api/v1/analytics/dashboard?bypassCache=true"}
{"level":"info","message":"Request completed: GET /api/v1/analytics/dashboard?bypassCache=true [Status: 304] - 85ms","method":"GET","requestId":"0c0af8ea-0617-44cb-ae24-c84f642c1919","timestamp":"2026-07-26T09:37:24.325Z","url":"/api/v1/analytics/dashboard?bypassCache=true"}
{"level":"info","message":"Incoming request: GET /api/v1/analytics/performance?bypassCache=true","method":"GET","requestId":"25945e33-aa2a-4b64-a310-3c734f9b76b5","timestamp":"2026-07-26T09:37:24.348Z","url":"/api/v1/analytics/performance?bypassCache=true"}
{"level":"info","message":"Incoming request: GET /api/v1/analytics/branches-comparison","method":"GET","requestId":"67a0e2f1-7d16-4ecf-9e1e-f8b65ff19bef","timestamp":"2026-07-26T09:37:24.361Z","url":"/api/v1/analytics/branches-comparison"}
{"level":"info","message":"Request completed: GET /api/v1/analytics/branches-comparison [Status: 304] - 7ms","method":"GET","requestId":"67a0e2f1-7d16-4ecf-9e1e-f8b65ff19bef","timestamp":"2026-07-26T09:37:24.368Z","url":"/api/v1/analytics/branches-comparison"}
{"level":"info","message":"Request completed: GET /api/v1/analytics/performance?bypassCache=true [Status: 304] - 41ms","method":"GET","requestId":"25945e33-aa2a-4b64-a310-3c734f9b76b5","timestamp":"2026-07-26T09:37:24.389Z","url":"/api/v1/analytics/performance?bypassCache=true"}
{"level":"info","message":"Incoming request: GET /api/v1/predictions/history?limit=100","method":"GET","requestId":"c7fa71c5-23dc-4e21-8b50-eb1b2d2455c7","timestamp":"2026-07-26T09:37:24.669Z","url":"/api/v1/predictions/history?limit=100"}
{"level":"info","message":"Request completed: GET /api/v1/predictions/history?limit=100 [Status: 304] - 83ms","method":"GET","requestId":"c7fa71c5-23dc-4e21-8b50-eb1b2d2455c7","timestamp":"2026-07-26T09:37:24.752Z","url":"/api/v1/predictions/history?limit=100"}
{"level":"info","message":"Incoming request: GET /api/v1/analytics/dashboard?bypassCache=true","method":"GET","requestId":"f454c7d1-9416-49b0-b572-3c34c842906a","timestamp":"2026-07-26T09:37:36.375Z","url":"/api/v1/analytics/dashboard?bypassCache=true"}
{"level":"info","message":"Request completed: GET /api/v1/analytics/dashboard?bypassCache=true [Status: 304] - 1745ms","method":"GET","requestId":"f454c7d1-9416-49b0-b572-3c34c842906a","timestamp":"2026-07-26T09:37:38.222Z","url":"/api/v1/analytics/dashboard?bypassCache=true"}
{"level":"info","message":"Incoming request: GET /api/v1/analytics/performance?bypassCache=true","method":"GET","requestId":"39746bb6-410a-4cfb-bac2-c271943e5d7a","timestamp":"2026-07-26T09:37:38.269Z","url":"/api/v1/analytics/performance?bypassCache=true"}
{"level":"info","message":"Incoming request: GET /api/v1/analytics/branches-comparison","method":"GET","requestId":"6747f17c-f392-46f4-a4ea-d71e3f35dca6","timestamp":"2026-07-26T09:37:38.524Z","url":"/api/v1/analytics/branches-comparison"}
{"level":"info","message":"Request completed: GET /api/v1/analytics/branches-comparison [Status: 304] - 127ms","method":"GET","requestId":"6747f17c-f392-46f4-a4ea-d71e3f35dca6","timestamp":"2026-07-26T09:37:38.651Z","url":"/api/v1/analytics/branches-comparison"}
{"level":"info","message":"Request completed: GET /api/v1/analytics/performance?bypassCache=true [Status: 304] - 1374ms","method":"GET","requestId":"39746bb6-410a-4cfb-bac2-c271943e5d7a","timestamp":"2026-07-26T09:37:39.644Z","url":"/api/v1/analytics/performance?bypassCache=true"}
{"level":"info","message":"Incoming request: GET /api/v1/predictions/history?limit=100","method":"GET","requestId":"37474f9c-8531-4411-8aa0-4b0295cf2f2a","timestamp":"2026-07-26T09:37:39.720Z","url":"/api/v1/predictions/history?limit=100"}
{"level":"info","message":"Request completed: GET /api/v1/predictions/history?limit=100 [Status: 304] - 4163ms","method":"GET","requestId":"37474f9c-8531-4411-8aa0-4b0295cf2f2a","timestamp":"2026-07-26T09:37:43.884Z","url":"/api/v1/predictions/history?limit=100"}
{"level":"info","message":"Incoming request: GET /api/v1/analytics/dashboard?bypassCache=true","method":"GET","requestId":"3030bff5-9c5e-4b46-9035-180b4bc26e6f","timestamp":"2026-07-26T09:37:48.233Z","url":"/api/v1/analytics/dashboard?bypassCache=true"}
{"level":"info","message":"Request completed: GET /api/v1/analytics/dashboard?bypassCache=true [Status: 304] - 534ms","method":"GET","requestId":"3030bff5-9c5e-4b46-9035-180b4bc26e6f","timestamp":"2026-07-26T09:37:48.767Z","url":"/api/v1/analytics/dashboard?bypassCache=true"}
{"level":"info","message":"Incoming request: GET /api/v1/analytics/performance?bypassCache=true","method":"GET","requestId":"92b999a1-4d70-4c0a-bc31-9affa40e246f","timestamp":"2026-07-26T09:37:48.824Z","url":"/api/v1/analytics/performance?bypassCache=true"}
{"level":"info","message":"Incoming request: GET /api/v1/analytics/branches-comparison","method":"GET","requestId":"dd3cec34-953c-4f73-a8e3-8837c5897e24","timestamp":"2026-07-26T09:37:48.906Z","url":"/api/v1/analytics/branches-comparison"}
{"level":"info","message":"Request completed: GET /api/v1/analytics/branches-comparison [Status: 304] - 22ms","method":"GET","requestId":"dd3cec34-953c-4f73-a8e3-8837c5897e24","timestamp":"2026-07-26T09:37:48.928Z","url":"/api/v1/analytics/branches-comparison"}
{"level":"info","message":"Request completed: GET /api/v1/analytics/performance?bypassCache=true [Status: 304] - 175ms","method":"GET","requestId":"92b999a1-4d70-4c0a-bc31-9affa40e246f","timestamp":"2026-07-26T09:37:48.993Z","url":"/api/v1/analytics/performance?bypassCache=true"}
{"level":"info","message":"Incoming request: GET /api/v1/predictions/history?limit=100","method":"GET","requestId":"da95f43d-49e5-4a1f-b992-0af484166987","timestamp":"2026-07-26T09:37:49.053Z","url":"/api/v1/predictions/history?limit=100"}
{"level":"info","message":"Request completed: GET /api/v1/predictions/history?limit=100 [Status: 304] - 228ms","method":"GET","requestId":"da95f43d-49e5-4a1f-b992-0af484166987","timestamp":"2026-07-26T09:37:49.281Z","url":"/api/v1/predictions/history?limit=100"}
{"level":"info","message":"Incoming request: GET /api/v1/analytics/dashboard?bypassCache=true","method":"GET","requestId":"8be440fd-8d58-446e-804e-f89a7032db2c","timestamp":"2026-07-26T09:38:00.253Z","url":"/api/v1/analytics/dashboard?bypassCache=true"}
{"level":"info","message":"Request completed: GET /api/v1/analytics/dashboard?bypassCache=true [Status: 304] - 164ms","method":"GET","requestId":"8be440fd-8d58-446e-804e-f89a7032db2c","timestamp":"2026-07-26T09:38:00.417Z","url":"/api/v1/analytics/dashboard?bypassCache=true"}
{"level":"info","message":"Incoming request: GET /api/v1/analytics/branches-comparison","method":"GET","requestId":"6bba00eb-e61b-468d-9a98-d948ef5c26c9","timestamp":"2026-07-26T09:38:00.456Z","url":"/api/v1/analytics/branches-comparison"}
{"level":"info","message":"Request completed: GET /api/v1/analytics/branches-comparison [Status: 304] - 17ms","method":"GET","requestId":"6bba00eb-e61b-468d-9a98-d948ef5c26c9","timestamp":"2026-07-26T09:38:00.474Z","url":"/api/v1/analytics/branches-comparison"}
{"level":"info","message":"Incoming request: GET /api/v1/analytics/performance?bypassCache=true","method":"GET","requestId":"204320c8-6bd5-4afc-b355-f4ed9b08e5a9","timestamp":"2026-07-26T09:38:00.483Z","url":"/api/v1/analytics/performance?bypassCache=true"}
{"level":"info","message":"Request completed: GET /api/v1/analytics/performance?bypassCache=true [Status: 304] - 78ms","method":"GET","requestId":"204320c8-6bd5-4afc-b355-f4ed9b08e5a9","timestamp":"2026-07-26T09:38:00.561Z","url":"/api/v1/analytics/performance?bypassCache=true"}
{"level":"info","message":"Incoming request: GET /api/v1/predictions/history?limit=100","method":"GET","requestId":"2878c7c0-319a-43c4-963d-7edd8bd08e5a","timestamp":"2026-07-26T09:38:00.685Z","url":"/api/v1/predictions/history?limit=100"}
{"level":"info","message":"Request completed: GET /api/v1/predictions/history?limit=100 [Status: 304] - 86ms","method":"GET","requestId":"2878c7c0-319a-43c4-963d-7edd8bd08e5a","timestamp":"2026-07-26T09:38:00.771Z","url":"/api/v1/predictions/history?limit=100"}
{"level":"info","message":"Incoming request: GET /api/v1/analytics/dashboard?bypassCache=true","method":"GET","requestId":"deb94b43-b874-490e-ae6b-99d15c7dfdb2","timestamp":"2026-07-26T09:38:12.233Z","url":"/api/v1/analytics/dashboard?bypassCache=true"}
{"level":"info","message":"Request completed: GET /api/v1/analytics/dashboard?bypassCache=true [Status: 304] - 125ms","method":"GET","requestId":"deb94b43-b874-490e-ae6b-99d15c7dfdb2","timestamp":"2026-07-26T09:38:12.358Z","url":"/api/v1/analytics/dashboard?bypassCache=true"}
{"level":"info","message":"Incoming request: GET /api/v1/analytics/performance?bypassCache=true","method":"GET","requestId":"1e4c4ac8-c548-4909-8dd4-921d80c383c3","timestamp":"2026-07-26T09:38:12.388Z","url":"/api/v1/analytics/performance?bypassCache=true"}
{"level":"info","message":"Incoming request: GET /api/v1/analytics/branches-comparison","method":"GET","requestId":"b9f696c6-ffcd-4807-87b3-12ced1f68db0","timestamp":"2026-07-26T09:38:12.403Z","url":"/api/v1/analytics/branches-comparison"}
{"level":"info","message":"Request completed: GET /api/v1/analytics/branches-comparison [Status: 304] - 13ms","method":"GET","requestId":"b9f696c6-ffcd-4807-87b3-12ced1f68db0","timestamp":"2026-07-26T09:38:12.416Z","url":"/api/v1/analytics/branches-comparison"}
{"level":"info","message":"Request completed: GET /api/v1/analytics/performance?bypassCache=true [Status: 304] - 85ms","method":"GET","requestId":"1e4c4ac8-c548-4909-8dd4-921d80c383c3","timestamp":"2026-07-26T09:38:12.472Z","url":"/api/v1/analytics/performance?bypassCache=true"}
{"level":"info","message":"Incoming request: GET /api/v1/predictions/history?limit=100","method":"GET","requestId":"37dda29c-31f3-427a-8f19-2bc762bc6589","timestamp":"2026-07-26T09:38:12.577Z","url":"/api/v1/predictions/history?limit=100"}
{"level":"info","message":"Request completed: GET /api/v1/predictions/history?limit=100 [Status: 304] - 97ms","method":"GET","requestId":"37dda29c-31f3-427a-8f19-2bc762bc6589","timestamp":"2026-07-26T09:38:12.674Z","url":"/api/v1/predictions/history?limit=100"}
{"level":"info","message":"Incoming request: GET /api/v1/analytics/dashboard?bypassCache=true","method":"GET","requestId":"0a34111c-e56a-4148-bfbd-30c18f22405e","timestamp":"2026-07-26T09:38:24.246Z","url":"/api/v1/analytics/dashboard?bypassCache=true"}
{"level":"info","message":"Request completed: GET /api/v1/analytics/dashboard?bypassCache=true [Status: 304] - 330ms","method":"GET","requestId":"0a34111c-e56a-4148-bfbd-30c18f22405e","timestamp":"2026-07-26T09:38:24.576Z","url":"/api/v1/analytics/dashboard?bypassCache=true"}
{"level":"info","message":"Incoming request: GET /api/v1/analytics/performance?bypassCache=true","method":"GET","requestId":"3b1aba22-93d3-4973-af35-090a9d2cd1a5","timestamp":"2026-07-26T09:38:24.588Z","url":"/api/v1/analytics/performance?bypassCache=true"}
{"level":"info","message":"Incoming request: GET /api/v1/analytics/branches-comparison","method":"GET","requestId":"a8103902-fc92-4f6b-aefc-efb6492cbb6b","timestamp":"2026-07-26T09:38:24.630Z","url":"/api/v1/analytics/branches-comparison"}
{"level":"info","message":"Request completed: GET /api/v1/analytics/branches-comparison [Status: 304] - 35ms","method":"GET","requestId":"a8103902-fc92-4f6b-aefc-efb6492cbb6b","timestamp":"2026-07-26T09:38:24.666Z","url":"/api/v1/analytics/branches-comparison"}
{"level":"info","message":"Request completed: GET /api/v1/analytics/performance?bypassCache=true [Status: 304] - 159ms","method":"GET","requestId":"3b1aba22-93d3-4973-af35-090a9d2cd1a5","timestamp":"2026-07-26T09:38:24.746Z","url":"/api/v1/analytics/performance?bypassCache=true"}
{"level":"info","message":"Incoming request: GET /api/v1/predictions/history?limit=100","method":"GET","requestId":"fedb7d94-adf3-433c-b7de-9feb7d84fb80","timestamp":"2026-07-26T09:38:24.796Z","url":"/api/v1/predictions/history?limit=100"}
{"level":"info","message":"Request completed: GET /api/v1/predictions/history?limit=100 [Status: 304] - 110ms","method":"GET","requestId":"fedb7d94-adf3-433c-b7de-9feb7d84fb80","timestamp":"2026-07-26T09:38:24.906Z","url":"/api/v1/predictions/history?limit=100"}
{"level":"info","message":"Incoming request: GET /api/v1/analytics/dashboard?bypassCache=true","method":"GET","requestId":"928c6c56-521b-4d3d-ae97-6dae718e5cdf","timestamp":"2026-07-26T09:38:36.250Z","url":"/api/v1/analytics/dashboard?bypassCache=true"}
{"level":"info","message":"Request completed: GET /api/v1/analytics/dashboard?bypassCache=true [Status: 304] - 161ms","method":"GET","requestId":"928c6c56-521b-4d3d-ae97-6dae718e5cdf","timestamp":"2026-07-26T09:38:36.411Z","url":"/api/v1/analytics/dashboard?bypassCache=true"}
{"level":"info","message":"Incoming request: GET /api/v1/analytics/performance?bypassCache=true","method":"GET","requestId":"5413015e-c086-4f94-8e86-46b2d84cc023","timestamp":"2026-07-26T09:38:36.425Z","url":"/api/v1/analytics/performance?bypassCache=true"}
{"level":"info","message":"Incoming request: GET /api/v1/analytics/branches-comparison","method":"GET","requestId":"19feda9e-ce7b-455a-868c-ba313939e361","timestamp":"2026-07-26T09:38:36.435Z","url":"/api/v1/analytics/branches-comparison"}
{"level":"info","message":"Request completed: GET /api/v1/analytics/branches-comparison [Status: 304] - 11ms","method":"GET","requestId":"19feda9e-ce7b-455a-868c-ba313939e361","timestamp":"2026-07-26T09:38:36.446Z","url":"/api/v1/analytics/branches-comparison"}
{"level":"info","message":"Request completed: GET /api/v1/analytics/performance?bypassCache=true [Status: 304] - 60ms","method":"GET","requestId":"5413015e-c086-4f94-8e86-46b2d84cc023","timestamp":"2026-07-26T09:38:36.486Z","url":"/api/v1/analytics/performance?bypassCache=true"}
{"level":"info","message":"Incoming request: GET /api/v1/predictions/history?limit=100","method":"GET","requestId":"d395287e-b757-4e3f-ad10-348681208d1a","timestamp":"2026-07-26T09:38:36.597Z","url":"/api/v1/predictions/history?limit=100"}
{"level":"info","message":"Request completed: GET /api/v1/predictions/history?limit=100 [Status: 304] - 58ms","method":"GET","requestId":"d395287e-b757-4e3f-ad10-348681208d1a","timestamp":"2026-07-26T09:38:36.655Z","url":"/api/v1/predictions/history?limit=100"}
{"level":"info","message":"Incoming request: GET /api/v1/analytics/dashboard?bypassCache=true","method":"GET","requestId":"d0bd6477-5ee8-4d4c-8788-5863eed18264","timestamp":"2026-07-26T09:38:48.259Z","url":"/api/v1/analytics/dashboard?bypassCache=true"}
{"level":"info","message":"Request completed: GET /api/v1/analytics/dashboard?bypassCache=true [Status: 304] - 236ms","method":"GET","requestId":"d0bd6477-5ee8-4d4c-8788-5863eed18264","timestamp":"2026-07-26T09:38:48.494Z","url":"/api/v1/analytics/dashboard?bypassCache=true"}
{"level":"info","message":"Incoming request: GET /api/v1/analytics/performance?bypassCache=true","method":"GET","requestId":"2da5f1da-a6a8-4f53-8fac-a08ea08e3edc","timestamp":"2026-07-26T09:38:48.577Z","url":"/api/v1/analytics/performance?bypassCache=true"}
{"level":"info","message":"Request completed: GET /api/v1/analytics/performance?bypassCache=true [Status: 304] - 84ms","method":"GET","requestId":"2da5f1da-a6a8-4f53-8fac-a08ea08e3edc","timestamp":"2026-07-26T09:38:48.656Z","url":"/api/v1/analytics/performance?bypassCache=true"}
{"level":"info","message":"Incoming request: GET /api/v1/analytics/branches-comparison","method":"GET","requestId":"8c60a4cc-877d-4fd3-9fed-5fc40eba2065","timestamp":"2026-07-26T09:38:48.669Z","url":"/api/v1/analytics/branches-comparison"}
{"level":"info","message":"Request completed: GET /api/v1/analytics/branches-comparison [Status: 304] - 20ms","method":"GET","requestId":"8c60a4cc-877d-4fd3-9fed-5fc40eba2065","timestamp":"2026-07-26T09:38:48.689Z","url":"/api/v1/analytics/branches-comparison"}
{"level":"info","message":"Incoming request: GET /api/v1/predictions/history?limit=100","method":"GET","requestId":"0ea91313-8da1-4e85-8e3e-cb5c5b89ecb4","timestamp":"2026-07-26T09:38:49.165Z","url":"/api/v1/predictions/history?limit=100"}
{"level":"info","message":"Request completed: GET /api/v1/predictions/history?limit=100 [Status: 304] - 78ms","method":"GET","requestId":"0ea91313-8da1-4e85-8e3e-cb5c5b89ecb4","timestamp":"2026-07-26T09:38:49.243Z","url":"/api/v1/predictions/history?limit=100"}
{"level":"info","message":"Incoming request: GET /api/v1/analytics/dashboard?bypassCache=true","method":"GET","requestId":"3cd0e9ee-e492-4de6-bf57-2d053f2cb7c9","timestamp":"2026-07-26T09:39:00.249Z","url":"/api/v1/analytics/dashboard?bypassCache=true"}
{"level":"info","message":"Request completed: GET /api/v1/analytics/dashboard?bypassCache=true [Status: 304] - 120ms","method":"GET","requestId":"3cd0e9ee-e492-4de6-bf57-2d053f2cb7c9","timestamp":"2026-07-26T09:39:00.369Z","url":"/api/v1/analytics/dashboard?bypassCache=true"}
{"level":"info","message":"Incoming request: GET /api/v1/analytics/performance?bypassCache=true","method":"GET","requestId":"c35b18a2-74d3-40ba-82c8-0cc98fedb39c","timestamp":"2026-07-26T09:39:00.389Z","url":"/api/v1/analytics/performance?bypassCache=true"}
{"level":"info","message":"Incoming request: GET /api/v1/analytics/branches-comparison","method":"GET","requestId":"a36f8bf0-d53d-4df5-9131-ee2e384be8c6","timestamp":"2026-07-26T09:39:00.408Z","url":"/api/v1/analytics/branches-comparison"}
{"level":"info","message":"Request completed: GET /api/v1/analytics/branches-comparison [Status: 304] - 11ms","method":"GET","requestId":"a36f8bf0-d53d-4df5-9131-ee2e384be8c6","timestamp":"2026-07-26T09:39:00.419Z","url":"/api/v1/analytics/branches-comparison"}
{"level":"info","message":"Request completed: GET /api/v1/analytics/performance?bypassCache=true [Status: 304] - 77ms","method":"GET","requestId":"c35b18a2-74d3-40ba-82c8-0cc98fedb39c","timestamp":"2026-07-26T09:39:00.466Z","url":"/api/v1/analytics/performance?bypassCache=true"}
{"level":"info","message":"Incoming request: GET /api/v1/predictions/history?limit=100","method":"GET","requestId":"883dfa9f-b326-450d-9bad-996e1d5f5432","timestamp":"2026-07-26T09:39:00.769Z","url":"/api/v1/predictions/history?limit=100"}
{"level":"info","message":"Request completed: GET /api/v1/predictions/history?limit=100 [Status: 304] - 73ms","method":"GET","requestId":"883dfa9f-b326-450d-9bad-996e1d5f5432","timestamp":"2026-07-26T09:39:00.842Z","url":"/api/v1/predictions/history?limit=100"}
{"level":"info","message":"Incoming request: GET /api/v1/analytics/dashboard?bypassCache=true","method":"GET","requestId":"af9e0dd0-0680-405a-8f33-46cde88f6b7d","timestamp":"2026-07-26T09:39:12.279Z","url":"/api/v1/analytics/dashboard?bypassCache=true"}
{"level":"info","message":"Request completed: GET /api/v1/analytics/dashboard?bypassCache=true [Status: 304] - 157ms","method":"GET","requestId":"af9e0dd0-0680-405a-8f33-46cde88f6b7d","timestamp":"2026-07-26T09:39:12.437Z","url":"/api/v1/analytics/dashboard?bypassCache=true"}
{"level":"info","message":"Incoming request: GET /api/v1/analytics/performance?bypassCache=true","method":"GET","requestId":"59c0ab49-9157-4b96-bd19-80d762609788","timestamp":"2026-07-26T09:39:12.569Z","url":"/api/v1/analytics/performance?bypassCache=true"}
{"level":"info","message":"Request completed: GET /api/v1/analytics/performance?bypassCache=true [Status: 304] - 62ms","method":"GET","requestId":"59c0ab49-9157-4b96-bd19-80d762609788","timestamp":"2026-07-26T09:39:12.631Z","url":"/api/v1/analytics/performance?bypassCache=true"}
{"level":"info","message":"Incoming request: GET /api/v1/analytics/branches-comparison","method":"GET","requestId":"d9ccd2b4-a125-449e-922e-080c56f94226","timestamp":"2026-07-26T09:39:12.649Z","url":"/api/v1/analytics/branches-comparison"}
{"level":"info","message":"Request completed: GET /api/v1/analytics/branches-comparison [Status: 304] - 19ms","method":"GET","requestId":"d9ccd2b4-a125-449e-922e-080c56f94226","timestamp":"2026-07-26T09:39:12.668Z","url":"/api/v1/analytics/branches-comparison"}
{"level":"info","message":"Incoming request: GET /api/v1/predictions/history?limit=100","method":"GET","requestId":"2b8be92f-6722-4ee4-9d1d-c14ba7607252","timestamp":"2026-07-26T09:39:13.110Z","url":"/api/v1/predictions/history?limit=100"}
{"level":"info","message":"Request completed: GET /api/v1/predictions/history?limit=100 [Status: 304] - 66ms","method":"GET","requestId":"2b8be92f-6722-4ee4-9d1d-c14ba7607252","timestamp":"2026-07-26T09:39:13.176Z","url":"/api/v1/predictions/history?limit=100"}
{"level":"info","message":"Incoming request: GET /api/v1/analytics/dashboard?bypassCache=true","method":"GET","requestId":"91b5d36e-976a-4105-98a9-f8dd31094261","timestamp":"2026-07-26T09:39:24.419Z","url":"/api/v1/analytics/dashboard?bypassCache=true"}
{"level":"info","message":"Request completed: GET /api/v1/analytics/dashboard?bypassCache=true [Status: 401] - 24ms","method":"GET","requestId":"91b5d36e-976a-4105-98a9-f8dd31094261","timestamp":"2026-07-26T09:39:24.443Z","url":"/api/v1/analytics/dashboard?bypassCache=true"}
{"level":"info","message":"Incoming request: POST /api/v1/auth/refresh","method":"POST","requestId":"7b4f2035-fcae-493b-a113-eac5845853a0","timestamp":"2026-07-26T09:39:24.608Z","url":"/api/v1/auth/refresh"}
{"level":"info","message":"Request completed: POST /api/v1/auth/refresh [Status: 404] - 6ms","method":"POST","requestId":"7b4f2035-fcae-493b-a113-eac5845853a0","timestamp":"2026-07-26T09:39:24.613Z","url":"/api/v1/auth/refresh"}
{"level":"info","message":"Client disconnected from WebSocket: AGm8wQLB9esnAFy6AAAR","timestamp":"2026-07-26T09:39:24.897Z"}
{"level":"info","message":"Server initialized successfully on port 5000","timestamp":"2026-07-26T11:12:27.453Z"}
{"level":"info","message":"MongoDB Connected: localhost","timestamp":"2026-07-26T11:12:27.486Z"}
{"level":"warn","message":"Redis reconnection limit exceeded. Staying in in-memory fallback mode.","timestamp":"2026-07-26T11:12:28.115Z"}
{"level":"info","message":"Incoming request: POST /api/auth/register","method":"POST","requestId":"51903f08-e8ee-40f1-877a-e2090c9b2707","timestamp":"2026-07-26T13:32:09.897Z","url":"/api/auth/register"}
{"level":"info","message":"User john@alphamatrix.com registered successfully","method":"POST","requestId":"51903f08-e8ee-40f1-877a-e2090c9b2707","timestamp":"2026-07-26T13:32:09.954Z","url":"/api/auth/register"}
{"level":"info","message":"Request completed: POST /api/auth/register [Status: 201] - 71ms","method":"POST","requestId":"51903f08-e8ee-40f1-877a-e2090c9b2707","timestamp":"2026-07-26T13:32:09.967Z","url":"/api/auth/register"}
{"level":"info","message":"Incoming request: POST /api/auth/register","method":"POST","requestId":"1be76eac-1515-430d-90ea-d64780b05465","timestamp":"2026-07-26T13:32:10.040Z","url":"/api/auth/register"}
{"level":"info","message":"Request completed: POST /api/auth/register [Status: 400] - 19ms","method":"POST","requestId":"1be76eac-1515-430d-90ea-d64780b05465","timestamp":"2026-07-26T13:32:10.059Z","url":"/api/auth/register"}
{"level":"info","message":"Incoming request: POST /api/auth/login","method":"POST","requestId":"0e046e11-84fa-46ea-abba-d4489ceb4af1","timestamp":"2026-07-26T13:32:10.112Z","url":"/api/auth/login"}
{"level":"info","message":"User john@alphamatrix.com logged in successfully","method":"POST","requestId":"0e046e11-84fa-46ea-abba-d4489ceb4af1","timestamp":"2026-07-26T13:32:10.130Z","url":"/api/auth/login"}
{"level":"info","message":"Request completed: POST /api/auth/login [Status: 200] - 28ms","method":"POST","requestId":"0e046e11-84fa-46ea-abba-d4489ceb4af1","timestamp":"2026-07-26T13:32:10.140Z","url":"/api/auth/login"}
{"level":"warn","message":"Redis reconnection limit exceeded. Staying in in-memory fallback mode.","timestamp":"2026-07-26T13:32:10.738Z"}
{"level":"info","message":"Incoming request: POST /api/v1/auth/login","method":"POST","requestId":"159accc0-513a-4a1b-be99-769fa86b3e81","timestamp":"2026-07-26T13:35:02.255Z","url":"/api/v1/auth/login"}
{"level":"info","message":"User admin@alphamatrix.com logged in successfully","method":"POST","requestId":"159accc0-513a-4a1b-be99-769fa86b3e81","timestamp":"2026-07-26T13:35:06.657Z","url":"/api/v1/auth/login"}
{"level":"info","message":"Request completed: POST /api/v1/auth/login [Status: 200] - 4829ms","method":"POST","requestId":"159accc0-513a-4a1b-be99-769fa86b3e81","timestamp":"2026-07-26T13:35:07.078Z","url":"/api/v1/auth/login"}
{"level":"info","message":"Client connected to WebSocket: 1ihgYfJqmySBjL56AAAB","timestamp":"2026-07-26T13:35:08.564Z"}
{"level":"info","message":"Incoming request: GET /api/v1/analytics/dashboard?bypassCache=false","method":"GET","requestId":"31175121-4205-4ebd-bc08-b70b7ba0aebe","timestamp":"2026-07-26T13:35:10.190Z","url":"/api/v1/analytics/dashboard?bypassCache=false"}
{"level":"info","message":"Request completed: GET /api/v1/analytics/dashboard?bypassCache=false [Status: 200] - 935ms","method":"GET","requestId":"31175121-4205-4ebd-bc08-b70b7ba0aebe","timestamp":"2026-07-26T13:35:11.125Z","url":"/api/v1/analytics/dashboard?bypassCache=false"}
{"level":"info","message":"Incoming request: GET /api/v1/analytics/dashboard?bypassCache=false","method":"GET","requestId":"074c7a13-1a1b-49db-9154-9656eccd7d73","timestamp":"2026-07-26T13:35:11.161Z","url":"/api/v1/analytics/dashboard?bypassCache=false"}
{"level":"info","message":"Request completed: GET /api/v1/analytics/dashboard?bypassCache=false [Status: 200] - 89ms","method":"GET","requestId":"074c7a13-1a1b-49db-9154-9656eccd7d73","timestamp":"2026-07-26T13:35:11.250Z","url":"/api/v1/analytics/dashboard?bypassCache=false"}
{"level":"info","message":"Incoming request: GET /api/v1/analytics/performance?bypassCache=false","method":"GET","requestId":"d6268ce7-4baa-4cf9-a99b-27a1f854fda7","timestamp":"2026-07-26T13:35:11.280Z","url":"/api/v1/analytics/performance?bypassCache=false"}
{"level":"info","message":"Incoming request: GET /api/v1/analytics/branches-comparison","method":"GET","requestId":"9dcb454d-3c2b-4256-9d34-49c3ee4f6fc4","timestamp":"2026-07-26T13:35:11.464Z","url":"/api/v1/analytics/branches-comparison"}
{"level":"info","message":"Request completed: GET /api/v1/analytics/performance?bypassCache=false [Status: 200] - 2798ms","method":"GET","requestId":"d6268ce7-4baa-4cf9-a99b-27a1f854fda7","timestamp":"2026-07-26T13:35:14.079Z","url":"/api/v1/analytics/performance?bypassCache=false"}
{"level":"info","message":"Incoming request: GET /api/v1/analytics/performance?bypassCache=false","method":"GET","requestId":"1ad24214-1e7e-4375-b115-5317ddeceb7c","timestamp":"2026-07-26T13:35:14.089Z","url":"/api/v1/analytics/performance?bypassCache=false"}
{"level":"info","message":"Request completed: GET /api/v1/analytics/performance?bypassCache=false [Status: 200] - 22ms","method":"GET","requestId":"1ad24214-1e7e-4375-b115-5317ddeceb7c","timestamp":"2026-07-26T13:35:14.112Z","url":"/api/v1/analytics/performance?bypassCache=false"}
{"level":"info","message":"Request completed: GET /api/v1/analytics/branches-comparison [Status: 200] - 2881ms","method":"GET","requestId":"9dcb454d-3c2b-4256-9d34-49c3ee4f6fc4","timestamp":"2026-07-26T13:35:14.345Z","url":"/api/v1/analytics/branches-comparison"}
{"level":"info","message":"Incoming request: GET /api/v1/analytics/branches-comparison","method":"GET","requestId":"b1a34663-8454-4c07-9228-2977238d1dc3","timestamp":"2026-07-26T13:35:14.363Z","url":"/api/v1/analytics/branches-comparison"}
{"level":"info","message":"Request completed: GET /api/v1/analytics/branches-comparison [Status: 200] - 129ms","method":"GET","requestId":"b1a34663-8454-4c07-9228-2977238d1dc3","timestamp":"2026-07-26T13:35:14.492Z","url":"/api/v1/analytics/branches-comparison"}
{"level":"info","message":"Incoming request: GET /api/v1/predictions/history?limit=100","method":"GET","requestId":"88db1d00-8b50-4241-be6b-8599ca8fe770","timestamp":"2026-07-26T13:35:14.513Z","url":"/api/v1/predictions/history?limit=100"}
{"level":"info","message":"Request completed: GET /api/v1/predictions/history?limit=100 [Status: 304] - 537ms","method":"GET","requestId":"88db1d00-8b50-4241-be6b-8599ca8fe770","timestamp":"2026-07-26T13:35:15.050Z","url":"/api/v1/predictions/history?limit=100"}
{"level":"info","message":"Incoming request: GET /api/v1/predictions/history?limit=100","method":"GET","requestId":"c4b2689b-234a-416f-9756-98f1aeb42529","timestamp":"2026-07-26T13:35:15.057Z","url":"/api/v1/predictions/history?limit=100"}
{"level":"info","message":"Request completed: GET /api/v1/predictions/history?limit=100 [Status: 304] - 1178ms","method":"GET","requestId":"c4b2689b-234a-416f-9756-98f1aeb42529","timestamp":"2026-07-26T13:35:16.255Z","url":"/api/v1/predictions/history?limit=100"}
{"level":"info","message":"Incoming request: GET /api/v1/analytics/dashboard?bypassCache=true","method":"GET","requestId":"0ea65453-d2b1-4186-be5a-376d5da0f634","timestamp":"2026-07-26T13:35:22.108Z","url":"/api/v1/analytics/dashboard?bypassCache=true"}
{"level":"info","message":"Request completed: GET /api/v1/analytics/dashboard?bypassCache=true [Status: 304] - 437ms","method":"GET","requestId":"0ea65453-d2b1-4186-be5a-376d5da0f634","timestamp":"2026-07-26T13:35:22.546Z","url":"/api/v1/analytics/dashboard?bypassCache=true"}
{"level":"info","message":"Incoming request: GET /api/v1/analytics/branches-comparison","method":"GET","requestId":"ac1a9581-f5c4-4582-9e7a-0b2ac480df59","timestamp":"2026-07-26T13:35:22.650Z","url":"/api/v1/analytics/branches-comparison"}
{"level":"info","message":"Request completed: GET /api/v1/analytics/branches-comparison [Status: 304] - 80ms","method":"GET","requestId":"ac1a9581-f5c4-4582-9e7a-0b2ac480df59","timestamp":"2026-07-26T13:35:22.730Z","url":"/api/v1/analytics/branches-comparison"}
{"level":"info","message":"Incoming request: GET /api/v1/analytics/performance?bypassCache=true","method":"GET","requestId":"f5fdcb1f-b959-4a60-a416-4e6102e1d756","timestamp":"2026-07-26T13:35:22.733Z","url":"/api/v1/analytics/performance?bypassCache=true"}
{"level":"info","message":"Request completed: GET /api/v1/analytics/performance?bypassCache=true [Status: 304] - 283ms","method":"GET","requestId":"f5fdcb1f-b959-4a60-a416-4e6102e1d756","timestamp":"2026-07-26T13:35:23.016Z","url":"/api/v1/analytics/performance?bypassCache=true"}
{"level":"info","message":"Incoming request: GET /api/v1/predictions/history?limit=100","method":"GET","requestId":"54478275-67a4-4315-a596-50c8b6694f67","timestamp":"2026-07-26T13:35:23.532Z","url":"/api/v1/predictions/history?limit=100"}
{"level":"info","message":"Request completed: GET /api/v1/predictions/history?limit=100 [Status: 304] - 296ms","method":"GET","requestId":"54478275-67a4-4315-a596-50c8b6694f67","timestamp":"2026-07-26T13:35:23.828Z","url":"/api/v1/predictions/history?limit=100"}
{"level":"info","message":"Incoming request: GET /api/v1/analytics/dashboard?bypassCache=true","method":"GET","requestId":"cd980f64-c553-42fd-90d5-890270b35ee0","timestamp":"2026-07-26T13:35:34.133Z","url":"/api/v1/analytics/dashboard?bypassCache=true"}
{"level":"info","message":"Request completed: GET /api/v1/analytics/dashboard?bypassCache=true [Status: 304] - 744ms","method":"GET","requestId":"cd980f64-c553-42fd-90d5-890270b35ee0","timestamp":"2026-07-26T13:35:34.878Z","url":"/api/v1/analytics/dashboard?bypassCache=true"}
{"level":"info","message":"Incoming request: GET /api/v1/analytics/performance?bypassCache=true","method":"GET","requestId":"1ad01d93-1179-4646-a083-dc579a74b29e","timestamp":"2026-07-26T13:35:35.251Z","url":"/api/v1/analytics/performance?bypassCache=true"}
{"level":"info","message":"Incoming request: GET /api/v1/analytics/branches-comparison","method":"GET","requestId":"26c42547-30c6-4d0f-bcd9-97a54e6495b6","timestamp":"2026-07-26T13:35:35.269Z","url":"/api/v1/analytics/branches-comparison"}
{"level":"info","message":"Request completed: GET /api/v1/analytics/branches-comparison [Status: 304] - 21ms","method":"GET","requestId":"26c42547-30c6-4d0f-bcd9-97a54e6495b6","timestamp":"2026-07-26T13:35:35.289Z","url":"/api/v1/analytics/branches-comparison"}
{"level":"info","message":"Request completed: GET /api/v1/analytics/performance?bypassCache=true [Status: 304] - 1400ms","method":"GET","requestId":"1ad01d93-1179-4646-a083-dc579a74b29e","timestamp":"2026-07-26T13:35:36.654Z","url":"/api/v1/analytics/performance?bypassCache=true"}
{"level":"info","message":"Incoming request: GET /api/v1/predictions/history?limit=100","method":"GET","requestId":"734f2dcc-edc4-435c-a94a-5510e73a8d0b","timestamp":"2026-07-26T13:35:36.885Z","url":"/api/v1/predictions/history?limit=100"}
{"level":"info","message":"Request completed: GET /api/v1/predictions/history?limit=100 [Status: 304] - 1394ms","method":"GET","requestId":"734f2dcc-edc4-435c-a94a-5510e73a8d0b","timestamp":"2026-07-26T13:35:38.280Z","url":"/api/v1/predictions/history?limit=100"}
{"level":"info","message":"Incoming request: GET /api/v1/employees?page=1&limit=100","method":"GET","requestId":"8a0cfaa0-ef8d-494c-954a-df4fbc58be14","timestamp":"2026-07-26T13:35:42.173Z","url":"/api/v1/employees?page=1&limit=100"}
{"level":"info","message":"Request completed: GET /api/v1/employees?page=1&limit=100 [Status: 304] - 980ms","method":"GET","requestId":"8a0cfaa0-ef8d-494c-954a-df4fbc58be14","timestamp":"2026-07-26T13:35:43.153Z","url":"/api/v1/employees?page=1&limit=100"}
{"level":"info","message":"Incoming request: GET /api/v1/employees?page=1&limit=100","method":"GET","requestId":"524bf69b-ef1d-4c62-961b-7fd9b35a610d","timestamp":"2026-07-26T13:35:43.156Z","url":"/api/v1/employees?page=1&limit=100"}
{"level":"info","message":"Request completed: GET /api/v1/employees?page=1&limit=100 [Status: 304] - 122ms","method":"GET","requestId":"524bf69b-ef1d-4c62-961b-7fd9b35a610d","timestamp":"2026-07-26T13:35:43.278Z","url":"/api/v1/employees?page=1&limit=100"}
{"level":"info","message":"Client disconnected from WebSocket: 1ihgYfJqmySBjL56AAAB","timestamp":"2026-07-26T13:36:44.817Z"}
{"level":"info","message":"Client connected to WebSocket: CTaX_unMMUAN1OLZAAAD","timestamp":"2026-07-26T13:37:27.811Z"}
{"level":"info","message":"Incoming request: POST /api/v1/predictions/generate","method":"POST","requestId":"b76e01d5-a311-4cb5-8c95-2b3b4e82f0a0","timestamp":"2026-07-26T13:39:43.420Z","url":"/api/v1/predictions/generate"}
{"level":"warn","message":"AI Service unavailable: . Using fallback prediction algorithm.","method":"POST","requestId":"b76e01d5-a311-4cb5-8c95-2b3b4e82f0a0","timestamp":"2026-07-26T13:39:44.900Z","url":"/api/v1/predictions/generate"}
{"level":"info","message":"WebSocket notification successfully emitted [Type: HIGH_RISK_AI]","method":"POST","requestId":"b76e01d5-a311-4cb5-8c95-2b3b4e82f0a0","timestamp":"2026-07-26T13:39:45.317Z","url":"/api/v1/predictions/generate"}
{"level":"info","message":"Prediction generated for employee 6a65d168306a1abea3e7ba6a","method":"POST","requestId":"b76e01d5-a311-4cb5-8c95-2b3b4e82f0a0","timestamp":"2026-07-26T13:39:45.318Z","url":"/api/v1/predictions/generate"}
{"level":"info","message":"Request completed: POST /api/v1/predictions/generate [Status: 201] - 1918ms","method":"POST","requestId":"b76e01d5-a311-4cb5-8c95-2b3b4e82f0a0","timestamp":"2026-07-26T13:39:45.339Z","url":"/api/v1/predictions/generate"}
{"level":"info","message":"Client disconnected from WebSocket: CTaX_unMMUAN1OLZAAAD","timestamp":"2026-07-26T13:59:20.638Z"}
{"level":"info","message":"Client connected to WebSocket: 7pMqbLfPdCj8yt-JAAAF","timestamp":"2026-07-26T13:59:23.073Z"}
{"level":"info","message":"Client disconnected from WebSocket: 7pMqbLfPdCj8yt-JAAAF","timestamp":"2026-07-26T14:17:23.477Z"}
{"level":"info","message":"Server initialized successfully on port 5000","timestamp":"2026-08-01T12:19:40.524Z"}
{"level":"info","message":"MongoDB Connected: localhost","timestamp":"2026-08-01T12:19:40.552Z"}
{"level":"warn","message":"Redis reconnection limit exceeded. Staying in in-memory fallback mode.","timestamp":"2026-08-01T12:19:41.185Z"}
{"level":"info","message":"Client connected to WebSocket: _usy46Up3MIABFgXAAAB","timestamp":"2026-08-01T12:20:23.246Z"}
{"level":"info","message":"Incoming request: GET /api/v1/analytics/dashboard?bypassCache=false","method":"GET","requestId":"6ea907c3-e4bc-4096-b158-3bf7674cc6ec","timestamp":"2026-08-01T12:20:23.876Z","url":"/api/v1/analytics/dashboard?bypassCache=false"}
{"level":"info","message":"Request completed: GET /api/v1/analytics/dashboard?bypassCache=false [Status: 401] - 66ms","method":"GET","requestId":"6ea907c3-e4bc-4096-b158-3bf7674cc6ec","timestamp":"2026-08-01T12:20:23.941Z","url":"/api/v1/analytics/dashboard?bypassCache=false"}
{"level":"info","message":"Incoming request: GET /api/v1/analytics/dashboard?bypassCache=false","method":"GET","requestId":"c21a1b7a-99c9-49ea-b4ff-d43ffc1ab16f","timestamp":"2026-08-01T12:20:23.957Z","url":"/api/v1/analytics/dashboard?bypassCache=false"}
{"level":"info","message":"Request completed: GET /api/v1/analytics/dashboard?bypassCache=false [Status: 401] - 14ms","method":"GET","requestId":"c21a1b7a-99c9-49ea-b4ff-d43ffc1ab16f","timestamp":"2026-08-01T12:20:23.971Z","url":"/api/v1/analytics/dashboard?bypassCache=false"}
{"level":"info","message":"Incoming request: POST /api/v1/auth/refresh","method":"POST","requestId":"af9810ce-df4d-45b5-b0c7-73e009866834","timestamp":"2026-08-01T12:20:24.053Z","url":"/api/v1/auth/refresh"}
{"level":"info","message":"Request completed: POST /api/v1/auth/refresh [Status: 404] - 6ms","method":"POST","requestId":"af9810ce-df4d-45b5-b0c7-73e009866834","timestamp":"2026-08-01T12:20:24.059Z","url":"/api/v1/auth/refresh"}
{"level":"info","message":"Incoming request: POST /api/v1/auth/refresh","method":"POST","requestId":"ac998c1a-a587-4f83-8730-35a72ef13455","timestamp":"2026-08-01T12:20:24.071Z","url":"/api/v1/auth/refresh"}
{"level":"info","message":"Request completed: POST /api/v1/auth/refresh [Status: 404] - 17ms","method":"POST","requestId":"ac998c1a-a587-4f83-8730-35a72ef13455","timestamp":"2026-08-01T12:20:24.088Z","url":"/api/v1/auth/refresh"}
{"level":"info","message":"Client disconnected from WebSocket: _usy46Up3MIABFgXAAAB","timestamp":"2026-08-01T12:20:24.100Z"}
{"level":"info","message":"Incoming request: POST /api/auth/register","method":"POST","requestId":"3097a7c2-7460-4c14-ad09-b9300faab5d7","timestamp":"2026-08-01T12:25:42.505Z","url":"/api/auth/register"}
{"level":"info","message":"User john@alphamatrix.com registered successfully","method":"POST","requestId":"3097a7c2-7460-4c14-ad09-b9300faab5d7","timestamp":"2026-08-01T12:25:42.527Z","url":"/api/auth/register"}
{"level":"info","message":"Request completed: POST /api/auth/register [Status: 201] - 30ms","method":"POST","requestId":"3097a7c2-7460-4c14-ad09-b9300faab5d7","timestamp":"2026-08-01T12:25:42.535Z","url":"/api/auth/register"}
{"level":"info","message":"Incoming request: POST /api/auth/register","method":"POST","requestId":"964cef01-29a5-4ca1-830e-ffcae3ce4430","timestamp":"2026-08-01T12:25:42.570Z","url":"/api/auth/register"}
{"level":"info","message":"Request completed: POST /api/auth/register [Status: 400] - 9ms","method":"POST","requestId":"964cef01-29a5-4ca1-830e-ffcae3ce4430","timestamp":"2026-08-01T12:25:42.579Z","url":"/api/auth/register"}
{"level":"info","message":"Incoming request: POST /api/auth/login","method":"POST","requestId":"e425d7f9-ae32-48fa-be16-21e8501e9ed9","timestamp":"2026-08-01T12:25:42.611Z","url":"/api/auth/login"}
{"level":"info","message":"User john@alphamatrix.com logged in successfully","method":"POST","requestId":"e425d7f9-ae32-48fa-be16-21e8501e9ed9","timestamp":"2026-08-01T12:25:42.624Z","url":"/api/auth/login"}
{"level":"info","message":"Request completed: POST /api/auth/login [Status: 200] - 19ms","method":"POST","requestId":"e425d7f9-ae32-48fa-be16-21e8501e9ed9","timestamp":"2026-08-01T12:25:42.630Z","url":"/api/auth/login"}
{"level":"warn","message":"Redis reconnection limit exceeded. Staying in in-memory fallback mode.","timestamp":"2026-08-01T12:25:43.199Z"}
{"level":"info","message":"Incoming request: POST /api/v1/auth/login","method":"POST","requestId":"0e5b6ece-ab39-4a51-b100-6ae9437ec5b8","timestamp":"2026-08-01T12:41:51.344Z","url":"/api/v1/auth/login"}
{"level":"error","message":"Login error: connect ECONNREFUSED ::1:27017, connect ECONNREFUSED 127.0.0.1:27017","method":"POST","requestId":"0e5b6ece-ab39-4a51-b100-6ae9437ec5b8","timestamp":"2026-08-01T12:42:21.716Z","url":"/api/v1/auth/login"}
{"level":"info","message":"Request completed: POST /api/v1/auth/login [Status: 500] - 30403ms","method":"POST","requestId":"0e5b6ece-ab39-4a51-b100-6ae9437ec5b8","timestamp":"2026-08-01T12:42:21.740Z","url":"/api/v1/auth/login"}
{"level":"info","message":"Incoming request: GET /api/docs","method":"GET","requestId":"ef2d66cc-8bb4-4fff-8fa9-5d530853f985","timestamp":"2026-08-01T12:42:27.139Z","url":"/api/docs"}
{"level":"info","message":"Request completed: GET /api/docs [Status: 301] - 90ms","method":"GET","requestId":"ef2d66cc-8bb4-4fff-8fa9-5d530853f985","timestamp":"2026-08-01T12:42:27.230Z","url":"/api/docs"}
{"level":"info","message":"Incoming request: GET /api/docs/","method":"GET","requestId":"c843b89a-b7d1-4f50-9945-5368e5475d34","timestamp":"2026-08-01T12:42:27.243Z","url":"/api/docs/"}
{"level":"info","message":"Request completed: GET /api/docs/ [Status: 200] - 67ms","method":"GET","requestId":"c843b89a-b7d1-4f50-9945-5368e5475d34","timestamp":"2026-08-01T12:42:27.310Z","url":"/api/docs/"}
{"level":"info","message":"Incoming request: GET /api/docs/swagger-ui.css","method":"GET","requestId":"4b3064b9-b761-4e12-80e5-10b723bbc1d8","timestamp":"2026-08-01T12:42:27.721Z","url":"/api/docs/swagger-ui.css"}
{"level":"info","message":"Incoming request: GET /api/docs/swagger-ui-bundle.js","method":"GET","requestId":"8285465e-732f-422d-86f3-4bb091dd5566","timestamp":"2026-08-01T12:42:27.759Z","url":"/api/docs/swagger-ui-bundle.js"}
{"level":"info","message":"Incoming request: GET /api/docs/swagger-ui-standalone-preset.js","method":"GET","requestId":"c621e334-156b-4cdc-81b1-706b74744863","timestamp":"2026-08-01T12:42:27.764Z","url":"/api/docs/swagger-ui-standalone-preset.js"}
{"level":"info","message":"Incoming request: GET /api/docs/swagger-ui-init.js","method":"GET","requestId":"b5761154-052c-456f-bd91-cb7d26cf8753","timestamp":"2026-08-01T12:42:27.771Z","url":"/api/docs/swagger-ui-init.js"}
{"level":"info","message":"Request completed: GET /api/docs/swagger-ui-init.js [Status: 200] - 4ms","method":"GET","requestId":"b5761154-052c-456f-bd91-cb7d26cf8753","timestamp":"2026-08-01T12:42:27.775Z","url":"/api/docs/swagger-ui-init.js"}
{"level":"info","message":"Request completed: GET /api/docs/swagger-ui.css [Status: 200] - 74ms","method":"GET","requestId":"4b3064b9-b761-4e12-80e5-10b723bbc1d8","timestamp":"2026-08-01T12:42:27.794Z","url":"/api/docs/swagger-ui.css"}
{"level":"info","message":"Request completed: GET /api/docs/swagger-ui-standalone-preset.js [Status: 200] - 64ms","method":"GET","requestId":"c621e334-156b-4cdc-81b1-706b74744863","timestamp":"2026-08-01T12:42:27.827Z","url":"/api/docs/swagger-ui-standalone-preset.js"}
{"level":"info","message":"Request completed: GET /api/docs/swagger-ui-bundle.js [Status: 200] - 134ms","method":"GET","requestId":"8285465e-732f-422d-86f3-4bb091dd5566","timestamp":"2026-08-01T12:42:27.893Z","url":"/api/docs/swagger-ui-bundle.js"}
{"level":"info","message":"Incoming request: GET /api/docs/favicon-32x32.png","method":"GET","requestId":"22abbd98-3322-408f-a46f-b5389bac8c64","timestamp":"2026-08-01T12:42:28.908Z","url":"/api/docs/favicon-32x32.png"}
{"level":"info","message":"Request completed: GET /api/docs/favicon-32x32.png [Status: 200] - 9ms","method":"GET","requestId":"22abbd98-3322-408f-a46f-b5389bac8c64","timestamp":"2026-08-01T12:42:28.917Z","url":"/api/docs/favicon-32x32.png"}
{"level":"info","message":"Incoming request: POST /api/v1/auth/login","method":"POST","requestId":"403ce30e-2c31-46bd-895d-013508c3ee23","timestamp":"2026-08-01T12:43:26.801Z","url":"/api/v1/auth/login"}
{"level":"info","message":"Incoming request: GET /api/docs/","method":"GET","requestId":"dd50e390-35e0-4574-9f30-a3813dd3645c","timestamp":"2026-08-01T12:43:48.292Z","url":"/api/docs/"}
{"level":"info","message":"Request completed: GET /api/docs/ [Status: 304] - 8ms","method":"GET","requestId":"dd50e390-35e0-4574-9f30-a3813dd3645c","timestamp":"2026-08-01T12:43:48.300Z","url":"/api/docs/"}
{"level":"info","message":"Incoming request: GET /api/docs/swagger-ui.css","method":"GET","requestId":"3e481e64-b202-4b18-af32-efc5792f5c6f","timestamp":"2026-08-01T12:43:48.665Z","url":"/api/docs/swagger-ui.css"}
{"level":"info","message":"Request completed: GET /api/docs/swagger-ui.css [Status: 304] - 14ms","method":"GET","requestId":"3e481e64-b202-4b18-af32-efc5792f5c6f","timestamp":"2026-08-01T12:43:48.679Z","url":"/api/docs/swagger-ui.css"}
{"level":"info","message":"Incoming request: GET /api/docs/swagger-ui-bundle.js","method":"GET","requestId":"a75ef5d5-68ca-4c8f-b3fd-85251d5f7731","timestamp":"2026-08-01T12:43:48.684Z","url":"/api/docs/swagger-ui-bundle.js"}
{"level":"info","message":"Incoming request: GET /api/docs/swagger-ui-standalone-preset.js","method":"GET","requestId":"4739ba1a-cfdd-428f-9d57-8f64d4454061","timestamp":"2026-08-01T12:43:48.689Z","url":"/api/docs/swagger-ui-standalone-preset.js"}
{"level":"info","message":"Incoming request: GET /api/docs/swagger-ui-init.js","method":"GET","requestId":"b77fb7ee-ce56-428e-b57b-8bf3dee76150","timestamp":"2026-08-01T12:43:48.696Z","url":"/api/docs/swagger-ui-init.js"}
{"level":"info","message":"Request completed: GET /api/docs/swagger-ui-init.js [Status: 304] - 3ms","method":"GET","requestId":"b77fb7ee-ce56-428e-b57b-8bf3dee76150","timestamp":"2026-08-01T12:43:48.699Z","url":"/api/docs/swagger-ui-init.js"}
{"level":"info","message":"Request completed: GET /api/docs/swagger-ui-bundle.js [Status: 304] - 23ms","method":"GET","requestId":"a75ef5d5-68ca-4c8f-b3fd-85251d5f7731","timestamp":"2026-08-01T12:43:48.707Z","url":"/api/docs/swagger-ui-bundle.js"}
{"level":"info","message":"Request completed: GET /api/docs/swagger-ui-standalone-preset.js [Status: 304] - 21ms","method":"GET","requestId":"4739ba1a-cfdd-428f-9d57-8f64d4454061","timestamp":"2026-08-01T12:43:48.710Z","url":"/api/docs/swagger-ui-standalone-preset.js"}
{"level":"error","message":"Login error: connect ECONNREFUSED ::1:27017, connect ECONNREFUSED 127.0.0.1:27017","method":"POST","requestId":"403ce30e-2c31-46bd-895d-013508c3ee23","timestamp":"2026-08-01T12:43:56.861Z","url":"/api/v1/auth/login"}
{"level":"error","message":"Error: Blocked by CORS policy - Strict Origin Verification failed","stack":"Error: Blocked by CORS policy - Strict Origin Verification failed\n    at origin (file:///C:/Users/Gaura/Documents/Codex/2026-05-21/AlphaMatrix19/backend/src/app.js:45:16)\n    at C:\\Users\\Gaura\\Documents\\Codex\\2026-05-21\\AlphaMatrix19\\backend\\node_modules\\cors\\lib\\index.js:219:13\n    at optionsCallback (C:\\Users\\Gaura\\Documents\\Codex\\2026-05-21\\AlphaMatrix19\\backend\\node_modules\\cors\\lib\\index.js:199:9)\n    at corsMiddleware (C:\\Users\\Gaura\\Documents\\Codex\\2026-05-21\\AlphaMatrix19\\backend\\node_modules\\cors\\lib\\index.js:204:7)\n    at Layer.handle [as handle_request] (C:\\Users\\Gaura\\Documents\\Codex\\2026-05-21\\AlphaMatrix19\\backend\\node_modules\\express\\lib\\router\\layer.js:95:5)\n    at trim_prefix (C:\\Users\\Gaura\\Documents\\Codex\\2026-05-21\\AlphaMatrix19\\backend\\node_modules\\express\\lib\\router\\index.js:328:13)\n    at C:\\Users\\Gaura\\Documents\\Codex\\2026-05-21\\AlphaMatrix19\\backend\\node_modules\\express\\lib\\router\\index.js:286:9\n    at Function.process_params (C:\\Users\\Gaura\\Documents\\Codex\\2026-05-21\\AlphaMatrix19\\backend\\node_modules\\express\\lib\\router\\index.js:346:12)\n    at next (C:\\Users\\Gaura\\Documents\\Codex\\2026-05-21\\AlphaMatrix19\\backend\\node_modules\\express\\lib\\router\\index.js:280:10)\n    at internalNext (file:///C:/Users/Gaura/Documents/Codex/2026-05-21/AlphaMatrix19/backend/node_modules/helmet/index.mjs:533:6)","timestamp":"2026-08-01T12:44:14.863Z"}
{"level":"info","message":"Incoming request: POST /api/v1/auth/login","method":"POST","requestId":"d2d431de-c275-4d3c-9740-9e1c4c223ecf","timestamp":"2026-08-01T12:45:24.341Z","url":"/api/v1/auth/login"}
{"level":"info","message":"Incoming request: GET /api/v1/branches","method":"GET","requestId":"e21df152-60e2-403d-af9d-14492cc0fbbe","timestamp":"2026-08-01T12:45:49.412Z","url":"/api/v1/branches"}
{"level":"info","message":"Request completed: GET /api/v1/branches [Status: 401] - 7ms","method":"GET","requestId":"e21df152-60e2-403d-af9d-14492cc0fbbe","timestamp":"2026-08-01T12:45:49.419Z","url":"/api/v1/branches"}
{"level":"info","message":"Incoming request: GET /api/v1/branches","method":"GET","requestId":"a379b04b-0ee0-47b3-b353-720b4400c0da","timestamp":"2026-08-01T12:45:49.426Z","url":"/api/v1/branches"}
{"level":"info","message":"Request completed: GET /api/v1/branches [Status: 401] - 19ms","method":"GET","requestId":"a379b04b-0ee0-47b3-b353-720b4400c0da","timestamp":"2026-08-01T12:45:49.445Z","url":"/api/v1/branches"}
{"level":"info","message":"Incoming request: GET /api/v1/branches","method":"GET","requestId":"c8c8a0d2-4335-44ec-a065-42aaa1e12079","timestamp":"2026-08-01T12:45:52.635Z","url":"/api/v1/branches"}
{"level":"info","message":"Request completed: GET /api/v1/branches [Status: 401] - 5ms","method":"GET","requestId":"c8c8a0d2-4335-44ec-a065-42aaa1e12079","timestamp":"2026-08-01T12:45:52.640Z","url":"/api/v1/branches"}
{"level":"info","message":"Incoming request: GET /api/v1/branches","method":"GET","requestId":"765ce791-7460-4af4-800a-4328e084611d","timestamp":"2026-08-01T12:45:52.644Z","url":"/api/v1/branches"}
{"level":"info","message":"Request completed: GET /api/v1/branches [Status: 401] - 4ms","method":"GET","requestId":"765ce791-7460-4af4-800a-4328e084611d","timestamp":"2026-08-01T12:45:52.650Z","url":"/api/v1/branches"}
{"level":"error","message":"Login error: connect ECONNREFUSED ::1:27017, connect ECONNREFUSED 127.0.0.1:27017","method":"POST","requestId":"d2d431de-c275-4d3c-9740-9e1c4c223ecf","timestamp":"2026-08-01T12:45:54.376Z","url":"/api/v1/auth/login"}
{"level":"info","message":"Incoming request: POST /api/v1/auth/register","method":"POST","requestId":"654a14b5-9906-4f13-b635-6cc285481bbc","timestamp":"2026-08-01T12:48:00.428Z","url":"/api/v1/auth/register"}
{"level":"error","message":"Registration error: connect ECONNREFUSED ::1:27017, connect ECONNREFUSED 127.0.0.1:27017","method":"POST","requestId":"654a14b5-9906-4f13-b635-6cc285481bbc","timestamp":"2026-08-01T12:48:30.673Z","url":"/api/v1/auth/register"}
{"level":"info","message":"Request completed: POST /api/v1/auth/register [Status: 500] - 30277ms","method":"POST","requestId":"654a14b5-9906-4f13-b635-6cc285481bbc","timestamp":"2026-08-01T12:48:30.705Z","url":"/api/v1/auth/register"}
{"level":"info","message":"Incoming request: GET /api/docs/","method":"GET","requestId":"0fa75c59-893e-4ea9-b768-8662f37c7db9","timestamp":"2026-08-01T12:48:59.269Z","url":"/api/docs/"}
{"level":"info","message":"Request completed: GET /api/docs/ [Status: 304] - 17ms","method":"GET","requestId":"0fa75c59-893e-4ea9-b768-8662f37c7db9","timestamp":"2026-08-01T12:48:59.287Z","url":"/api/docs/"}
{"level":"info","message":"Incoming request: GET /api/docs/swagger-ui.css","method":"GET","requestId":"e34ac6ae-1225-4495-bb32-2198ed9e699c","timestamp":"2026-08-01T12:48:59.668Z","url":"/api/docs/swagger-ui.css"}
{"level":"info","message":"Incoming request: GET /api/docs/swagger-ui-bundle.js","method":"GET","requestId":"8e14a2c4-a6c3-44ab-9e3a-06120693e78b","timestamp":"2026-08-01T12:48:59.670Z","url":"/api/docs/swagger-ui-bundle.js"}
{"level":"info","message":"Request completed: GET /api/docs/swagger-ui.css [Status: 304] - 8ms","method":"GET","requestId":"e34ac6ae-1225-4495-bb32-2198ed9e699c","timestamp":"2026-08-01T12:48:59.676Z","url":"/api/docs/swagger-ui.css"}
{"level":"info","message":"Incoming request: GET /api/docs/swagger-ui-standalone-preset.js","method":"GET","requestId":"1dd2bd18-dfaf-4df9-bb83-e4eb5fc6cd9a","timestamp":"2026-08-01T12:48:59.692Z","url":"/api/docs/swagger-ui-standalone-preset.js"}
{"level":"info","message":"Request completed: GET /api/docs/swagger-ui-bundle.js [Status: 304] - 31ms","method":"GET","requestId":"8e14a2c4-a6c3-44ab-9e3a-06120693e78b","timestamp":"2026-08-01T12:48:59.701Z","url":"/api/docs/swagger-ui-bundle.js"}
{"level":"info","message":"Request completed: GET /api/docs/swagger-ui-standalone-preset.js [Status: 304] - 12ms","method":"GET","requestId":"1dd2bd18-dfaf-4df9-bb83-e4eb5fc6cd9a","timestamp":"2026-08-01T12:48:59.704Z","url":"/api/docs/swagger-ui-standalone-preset.js"}
{"level":"info","message":"Incoming request: GET /api/docs/swagger-ui-init.js","method":"GET","requestId":"e24e7758-4037-44fb-be55-3cdbaa27eff7","timestamp":"2026-08-01T12:48:59.705Z","url":"/api/docs/swagger-ui-init.js"}
{"level":"info","message":"Request completed: GET /api/docs/swagger-ui-init.js [Status: 304] - 2ms","method":"GET","requestId":"e24e7758-4037-44fb-be55-3cdbaa27eff7","timestamp":"2026-08-01T12:48:59.707Z","url":"/api/docs/swagger-ui-init.js"}
{"level":"info","message":"Incoming request: GET /api/v1/health","method":"GET","requestId":"2f1fd412-3bf5-4dab-9f88-3994860ca67f","timestamp":"2026-08-01T12:49:22.000Z","url":"/api/v1/health"}
{"level":"info","message":"Request completed: GET /api/v1/health [Status: 404] - 13ms","method":"GET","requestId":"2f1fd412-3bf5-4dab-9f88-3994860ca67f","timestamp":"2026-08-01T12:49:22.013Z","url":"/api/v1/health"}
{"level":"info","message":"Incoming request: GET /api/v1/health","method":"GET","requestId":"cf387518-839c-4cc2-8891-3002dc02ef7a","timestamp":"2026-08-01T12:49:28.801Z","url":"/api/v1/health"}
{"level":"info","message":"Request completed: GET /api/v1/health [Status: 404] - 11ms","method":"GET","requestId":"cf387518-839c-4cc2-8891-3002dc02ef7a","timestamp":"2026-08-01T12:49:28.812Z","url":"/api/v1/health"}
{"level":"info","message":"Incoming request: GET /api/v1/health","method":"GET","requestId":"3323865a-da4d-4ebd-9684-6f16998e49ee","timestamp":"2026-08-01T12:49:38.070Z","url":"/api/v1/health"}
{"level":"info","message":"Request completed: GET /api/v1/health [Status: 404] - 4ms","method":"GET","requestId":"3323865a-da4d-4ebd-9684-6f16998e49ee","timestamp":"2026-08-01T12:49:38.074Z","url":"/api/v1/health"}
{"level":"info","message":"Incoming request: GET /health","method":"GET","requestId":"8466c8b1-59b1-452d-9430-36b312f37fcc","timestamp":"2026-08-01T12:49:50.991Z","url":"/health"}
{"level":"info","message":"Request completed: GET /health [Status: 503] - 68ms","method":"GET","requestId":"8466c8b1-59b1-452d-9430-36b312f37fcc","timestamp":"2026-08-01T12:49:51.059Z","url":"/health"}
{"level":"info","message":"Incoming request: GET /favicon.ico","method":"GET","requestId":"087ccc10-9b1a-436f-936a-eb8802ce1d3e","timestamp":"2026-08-01T12:49:51.200Z","url":"/favicon.ico"}
{"level":"info","message":"Request completed: GET /favicon.ico [Status: 404] - 10ms","method":"GET","requestId":"087ccc10-9b1a-436f-936a-eb8802ce1d3e","timestamp":"2026-08-01T12:49:51.210Z","url":"/favicon.ico"}
{"level":"info","message":"Incoming request: GET /api/docs/","method":"GET","requestId":"5e77a07f-04e3-4116-abbb-6b4ea7e71c1d","timestamp":"2026-08-01T12:50:25.163Z","url":"/api/docs/"}
{"level":"info","message":"Request completed: GET /api/docs/ [Status: 304] - 12ms","method":"GET","requestId":"5e77a07f-04e3-4116-abbb-6b4ea7e71c1d","timestamp":"2026-08-01T12:50:25.175Z","url":"/api/docs/"}
{"level":"info","message":"Incoming request: GET /api/docs/swagger-ui.css","method":"GET","requestId":"de87722c-b58b-4cad-b8b0-e4927e293218","timestamp":"2026-08-01T12:50:25.455Z","url":"/api/docs/swagger-ui.css"}
{"level":"info","message":"Incoming request: GET /api/docs/swagger-ui-bundle.js","method":"GET","requestId":"24ddcb86-4c34-4e10-b553-27b463d8f4d1","timestamp":"2026-08-01T12:50:25.457Z","url":"/api/docs/swagger-ui-bundle.js"}
{"level":"info","message":"Request completed: GET /api/docs/swagger-ui.css [Status: 304] - 6ms","method":"GET","requestId":"de87722c-b58b-4cad-b8b0-e4927e293218","timestamp":"2026-08-01T12:50:25.461Z","url":"/api/docs/swagger-ui.css"}
{"level":"info","message":"Request completed: GET /api/docs/swagger-ui-bundle.js [Status: 304] - 12ms","method":"GET","requestId":"24ddcb86-4c34-4e10-b553-27b463d8f4d1","timestamp":"2026-08-01T12:50:25.469Z","url":"/api/docs/swagger-ui-bundle.js"}
{"level":"info","message":"Incoming request: GET /api/docs/swagger-ui-standalone-preset.js","method":"GET","requestId":"fd811491-745a-4c0d-9425-6e14ef8de9cd","timestamp":"2026-08-01T12:50:25.484Z","url":"/api/docs/swagger-ui-standalone-preset.js"}
{"level":"info","message":"Incoming request: GET /api/docs/swagger-ui-init.js","method":"GET","requestId":"cb32b065-1f4c-4288-9a5c-b55b63007295","timestamp":"2026-08-01T12:50:25.486Z","url":"/api/docs/swagger-ui-init.js"}
{"level":"info","message":"Request completed: GET /api/docs/swagger-ui-init.js [Status: 304] - 3ms","method":"GET","requestId":"cb32b065-1f4c-4288-9a5c-b55b63007295","timestamp":"2026-08-01T12:50:25.489Z","url":"/api/docs/swagger-ui-init.js"}
{"level":"info","message":"Request completed: GET /api/docs/swagger-ui-standalone-preset.js [Status: 304] - 11ms","method":"GET","requestId":"fd811491-745a-4c0d-9425-6e14ef8de9cd","timestamp":"2026-08-01T12:50:25.494Z","url":"/api/docs/swagger-ui-standalone-preset.js"}
{"level":"info","message":"Incoming request: GET /health","method":"GET","requestId":"4c635720-ebd5-45cf-b38f-2c5830ccaf4c","timestamp":"2026-08-01T12:50:34.729Z","url":"/health"}
{"level":"info","message":"Request completed: GET /health [Status: 503] - 7ms","method":"GET","requestId":"4c635720-ebd5-45cf-b38f-2c5830ccaf4c","timestamp":"2026-08-01T12:50:34.735Z","url":"/health"}
{"level":"info","message":"Server initialized successfully on port 5000","timestamp":"2026-08-01T13:15:05.016Z"}
{"level":"info","message":"MongoDB Connected: 127.0.0.1","timestamp":"2026-08-01T13:15:05.034Z"}
{"level":"warn","message":"Redis reconnection limit exceeded. Staying in in-memory fallback mode.","timestamp":"2026-08-01T13:15:05.664Z"}
{"level":"info","message":"Incoming request: POST /api/v1/auth/login","method":"POST","requestId":"dce3a37e-9cb5-4a7c-be6b-89e353935569","timestamp":"2026-08-01T13:15:51.524Z","url":"/api/v1/auth/login"}
{"level":"info","message":"User admin@alphamatrix.com logged in successfully","method":"POST","requestId":"dce3a37e-9cb5-4a7c-be6b-89e353935569","timestamp":"2026-08-01T13:15:51.698Z","url":"/api/v1/auth/login"}
{"level":"info","message":"Request completed: POST /api/v1/auth/login [Status: 200] - 179ms","method":"POST","requestId":"dce3a37e-9cb5-4a7c-be6b-89e353935569","timestamp":"2026-08-01T13:15:51.703Z","url":"/api/v1/auth/login"}
{"level":"info","message":"Client connected to WebSocket: co5hXxRQmhzAaoNmAAAB","timestamp":"2026-08-01T13:15:52.006Z"}
{"level":"info","message":"Incoming request: GET /api/v1/analytics/dashboard?bypassCache=false","method":"GET","requestId":"067c6d7e-3408-41c1-9f8a-afc10a69cacd","timestamp":"2026-08-01T13:15:52.496Z","url":"/api/v1/analytics/dashboard?bypassCache=false"}
{"level":"info","message":"Request completed: GET /api/v1/analytics/dashboard?bypassCache=false [Status: 200] - 153ms","method":"GET","requestId":"067c6d7e-3408-41c1-9f8a-afc10a69cacd","timestamp":"2026-08-01T13:15:52.649Z","url":"/api/v1/analytics/dashboard?bypassCache=false"}
{"level":"info","message":"Incoming request: GET /api/v1/analytics/dashboard?bypassCache=false","method":"GET","requestId":"f3d2155e-5f6a-4188-9990-a56fb8c0ca5b","timestamp":"2026-08-01T13:15:52.656Z","url":"/api/v1/analytics/dashboard?bypassCache=false"}
{"level":"info","message":"Request completed: GET /api/v1/analytics/dashboard?bypassCache=false [Status: 200] - 3ms","method":"GET","requestId":"f3d2155e-5f6a-4188-9990-a56fb8c0ca5b","timestamp":"2026-08-01T13:15:52.659Z","url":"/api/v1/analytics/dashboard?bypassCache=false"}
{"level":"info","message":"Incoming request: GET /api/v1/analytics/performance?bypassCache=false","method":"GET","requestId":"7968eec6-d5f7-4953-b4cb-79f8a4371e3c","timestamp":"2026-08-01T13:15:52.665Z","url":"/api/v1/analytics/performance?bypassCache=false"}
{"level":"info","message":"Incoming request: GET /api/v1/analytics/branches-comparison","method":"GET","requestId":"dd56eba3-bfe1-48a9-aa06-b65491cab653","timestamp":"2026-08-01T13:15:52.671Z","url":"/api/v1/analytics/branches-comparison"}
{"level":"info","message":"Request completed: GET /api/v1/analytics/performance?bypassCache=false [Status: 200] - 59ms","method":"GET","requestId":"7968eec6-d5f7-4953-b4cb-79f8a4371e3c","timestamp":"2026-08-01T13:15:52.724Z","url":"/api/v1/analytics/performance?bypassCache=false"}
{"level":"info","message":"Incoming request: GET /api/v1/analytics/performance?bypassCache=false","method":"GET","requestId":"2d991717-638e-4531-82f4-7ab1915f46fd","timestamp":"2026-08-01T13:15:52.755Z","url":"/api/v1/analytics/performance?bypassCache=false"}
{"level":"info","message":"Request completed: GET /api/v1/analytics/performance?bypassCache=false [Status: 200] - 4ms","method":"GET","requestId":"2d991717-638e-4531-82f4-7ab1915f46fd","timestamp":"2026-08-01T13:15:52.759Z","url":"/api/v1/analytics/performance?bypassCache=false"}
{"level":"info","message":"Request completed: GET /api/v1/analytics/branches-comparison [Status: 200] - 103ms","method":"GET","requestId":"dd56eba3-bfe1-48a9-aa06-b65491cab653","timestamp":"2026-08-01T13:15:52.774Z","url":"/api/v1/analytics/branches-comparison"}
{"level":"info","message":"Incoming request: GET /api/v1/analytics/branches-comparison","method":"GET","requestId":"a925075b-65cc-49d0-964a-e826c8a0d5d7","timestamp":"2026-08-01T13:15:52.776Z","url":"/api/v1/analytics/branches-comparison"}
{"level":"info","message":"Request completed: GET /api/v1/analytics/branches-comparison [Status: 200] - 4ms","method":"GET","requestId":"a925075b-65cc-49d0-964a-e826c8a0d5d7","timestamp":"2026-08-01T13:15:52.780Z","url":"/api/v1/analytics/branches-comparison"}
{"level":"info","message":"Incoming request: GET /api/v1/predictions/history?limit=100","method":"GET","requestId":"0854066c-4754-4295-a688-48e27866d6cd","timestamp":"2026-08-01T13:15:52.827Z","url":"/api/v1/predictions/history?limit=100"}
{"level":"info","message":"Request completed: GET /api/v1/predictions/history?limit=100 [Status: 200] - 37ms","method":"GET","requestId":"0854066c-4754-4295-a688-48e27866d6cd","timestamp":"2026-08-01T13:15:52.864Z","url":"/api/v1/predictions/history?limit=100"}
{"level":"info","message":"Incoming request: GET /api/v1/predictions/history?limit=100","method":"GET","requestId":"8fcf8602-29e7-44f0-8d25-39492f3f189b","timestamp":"2026-08-01T13:15:52.867Z","url":"/api/v1/predictions/history?limit=100"}
{"level":"info","message":"Request completed: GET /api/v1/predictions/history?limit=100 [Status: 304] - 34ms","method":"GET","requestId":"8fcf8602-29e7-44f0-8d25-39492f3f189b","timestamp":"2026-08-01T13:15:52.901Z","url":"/api/v1/predictions/history?limit=100"}
{"level":"info","message":"Incoming request: GET /api/v1/analytics/dashboard?bypassCache=true","method":"GET","requestId":"a448998c-78c2-4c7e-a91d-be6ff84e5f53","timestamp":"2026-08-01T13:16:04.515Z","url":"/api/v1/analytics/dashboard?bypassCache=true"}
{"level":"info","message":"Request completed: GET /api/v1/analytics/dashboard?bypassCache=true [Status: 200] - 83ms","method":"GET","requestId":"a448998c-78c2-4c7e-a91d-be6ff84e5f53","timestamp":"2026-08-01T13:16:04.598Z","url":"/api/v1/analytics/dashboard?bypassCache=true"}
{"level":"info","message":"Incoming request: GET /api/v1/analytics/performance?bypassCache=true","method":"GET","requestId":"177605f2-05fa-48c9-830f-6abb9c1f4621","timestamp":"2026-08-01T13:16:04.640Z","url":"/api/v1/analytics/performance?bypassCache=true"}
{"level":"info","message":"Incoming request: GET /api/v1/analytics/branches-comparison","method":"GET","requestId":"4f22305c-a1d0-40fb-9333-b346784bb112","timestamp":"2026-08-01T13:16:04.656Z","url":"/api/v1/analytics/branches-comparison"}
{"level":"info","message":"Request completed: GET /api/v1/analytics/branches-comparison [Status: 304] - 5ms","method":"GET","requestId":"4f22305c-a1d0-40fb-9333-b346784bb112","timestamp":"2026-08-01T13:16:04.661Z","url":"/api/v1/analytics/branches-comparison"}
{"level":"info","message":"Request completed: GET /api/v1/analytics/performance?bypassCache=true [Status: 200] - 80ms","method":"GET","requestId":"177605f2-05fa-48c9-830f-6abb9c1f4621","timestamp":"2026-08-01T13:16:04.719Z","url":"/api/v1/analytics/performance?bypassCache=true"}
{"level":"info","message":"Incoming request: GET /api/v1/predictions/history?limit=100","method":"GET","requestId":"0c4dd837-7cc3-410b-9f5b-0ad11716b6a2","timestamp":"2026-08-01T13:16:04.950Z","url":"/api/v1/predictions/history?limit=100"}
{"level":"info","message":"Request completed: GET /api/v1/predictions/history?limit=100 [Status: 304] - 40ms","method":"GET","requestId":"0c4dd837-7cc3-410b-9f5b-0ad11716b6a2","timestamp":"2026-08-01T13:16:04.991Z","url":"/api/v1/predictions/history?limit=100"}
{"level":"info","message":"Client disconnected from WebSocket: co5hXxRQmhzAaoNmAAAB","timestamp":"2026-08-01T13:16:05.247Z"}
{"level":"info","message":"Client connected to WebSocket: tw597Qa0apjIzNMGAAAD","timestamp":"2026-08-01T13:16:12.776Z"}
{"level":"info","message":"Incoming request: GET /api/v1/analytics/dashboard?bypassCache=false","method":"GET","requestId":"4caf0941-a6e6-4d06-82c6-f72a6a98c1c7","timestamp":"2026-08-01T13:16:13.626Z","url":"/api/v1/analytics/dashboard?bypassCache=false"}
{"level":"info","message":"Request completed: GET /api/v1/analytics/dashboard?bypassCache=false [Status: 304] - 6ms","method":"GET","requestId":"4caf0941-a6e6-4d06-82c6-f72a6a98c1c7","timestamp":"2026-08-01T13:16:13.633Z","url":"/api/v1/analytics/dashboard?bypassCache=false"}
{"level":"info","message":"Incoming request: GET /api/v1/analytics/dashboard?bypassCache=false","method":"GET","requestId":"320561db-c8a9-491a-a6ce-6947612e4b1b","timestamp":"2026-08-01T13:16:13.651Z","url":"/api/v1/analytics/dashboard?bypassCache=false"}
{"level":"info","message":"Request completed: GET /api/v1/analytics/dashboard?bypassCache=false [Status: 304] - 4ms","method":"GET","requestId":"320561db-c8a9-491a-a6ce-6947612e4b1b","timestamp":"2026-08-01T13:16:13.655Z","url":"/api/v1/analytics/dashboard?bypassCache=false"}
{"level":"info","message":"Incoming request: GET /api/v1/analytics/performance?bypassCache=false","method":"GET","requestId":"7929ddf0-984f-4e25-a606-35cab15150d6","timestamp":"2026-08-01T13:16:13.863Z","url":"/api/v1/analytics/performance?bypassCache=false"}
{"level":"info","message":"Request completed: GET /api/v1/analytics/performance?bypassCache=false [Status: 304] - 3ms","method":"GET","requestId":"7929ddf0-984f-4e25-a606-35cab15150d6","timestamp":"2026-08-01T13:16:13.866Z","url":"/api/v1/analytics/performance?bypassCache=false"}
{"level":"info","message":"Incoming request: GET /api/v1/analytics/branches-comparison","method":"GET","requestId":"95a2f68f-7280-467f-b622-33fd2cc01ea7","timestamp":"2026-08-01T13:16:13.867Z","url":"/api/v1/analytics/branches-comparison"}
{"level":"info","message":"Request completed: GET /api/v1/analytics/branches-comparison [Status: 304] - 3ms","method":"GET","requestId":"95a2f68f-7280-467f-b622-33fd2cc01ea7","timestamp":"2026-08-01T13:16:13.871Z","url":"/api/v1/analytics/branches-comparison"}
{"level":"info","message":"Incoming request: GET /api/v1/analytics/performance?bypassCache=false","method":"GET","requestId":"9b4dfddc-19ab-4c56-aa2e-9d19ff74afe5","timestamp":"2026-08-01T13:16:13.878Z","url":"/api/v1/analytics/performance?bypassCache=false"}
{"level":"info","message":"Request completed: GET /api/v1/analytics/performance?bypassCache=false [Status: 304] - 3ms","method":"GET","requestId":"9b4dfddc-19ab-4c56-aa2e-9d19ff74afe5","timestamp":"2026-08-01T13:16:13.881Z","url":"/api/v1/analytics/performance?bypassCache=false"}
{"level":"info","message":"Incoming request: GET /api/v1/analytics/branches-comparison","method":"GET","requestId":"0821bd74-7c12-4893-b1fb-d847008aeb36","timestamp":"2026-08-01T13:16:13.889Z","url":"/api/v1/analytics/branches-comparison"}
{"level":"info","message":"Request completed: GET /api/v1/analytics/branches-comparison [Status: 304] - 3ms","method":"GET","requestId":"0821bd74-7c12-4893-b1fb-d847008aeb36","timestamp":"2026-08-01T13:16:13.892Z","url":"/api/v1/analytics/branches-comparison"}
{"level":"info","message":"Incoming request: GET /api/v1/predictions/history?limit=100","method":"GET","requestId":"fdc4dcf6-d236-45d7-ab98-80ccc879593a","timestamp":"2026-08-01T13:16:13.989Z","url":"/api/v1/predictions/history?limit=100"}
{"level":"info","message":"Request completed: GET /api/v1/predictions/history?limit=100 [Status: 304] - 40ms","method":"GET","requestId":"fdc4dcf6-d236-45d7-ab98-80ccc879593a","timestamp":"2026-08-01T13:16:14.030Z","url":"/api/v1/predictions/history?limit=100"}
{"level":"info","message":"Incoming request: GET /api/v1/predictions/history?limit=100","method":"GET","requestId":"07d0a09e-a624-4f51-9b0f-44f79dd2c8f0","timestamp":"2026-08-01T13:16:14.037Z","url":"/api/v1/predictions/history?limit=100"}
{"level":"info","message":"Request completed: GET /api/v1/predictions/history?limit=100 [Status: 304] - 25ms","method":"GET","requestId":"07d0a09e-a624-4f51-9b0f-44f79dd2c8f0","timestamp":"2026-08-01T13:16:14.062Z","url":"/api/v1/predictions/history?limit=100"}
{"level":"info","message":"Client disconnected from WebSocket: tw597Qa0apjIzNMGAAAD","timestamp":"2026-08-01T13:16:22.264Z"}
{"level":"info","message":"Client connected to WebSocket: V_9RCKppE-NdbUU6AAAG","timestamp":"2026-08-01T13:32:36.364Z"}
{"level":"info","message":"Incoming request: POST /api/v1/auth/login","method":"POST","requestId":"dbf7f08f-56c2-45d0-b72c-0a62f94e67ef","timestamp":"2026-08-01T13:33:04.736Z","url":"/api/v1/auth/login"}
{"level":"info","message":"User admin@alphamatrix.com logged in successfully","method":"POST","requestId":"dbf7f08f-56c2-45d0-b72c-0a62f94e67ef","timestamp":"2026-08-01T13:33:05.136Z","url":"/api/v1/auth/login"}
{"level":"info","message":"Request completed: POST /api/v1/auth/login [Status: 200] - 405ms","method":"POST","requestId":"dbf7f08f-56c2-45d0-b72c-0a62f94e67ef","timestamp":"2026-08-01T13:33:05.141Z","url":"/api/v1/auth/login"}
{"level":"info","message":"Client disconnected from WebSocket: V_9RCKppE-NdbUU6AAAG","timestamp":"2026-08-01T13:33:05.167Z"}
{"level":"info","message":"Client connected to WebSocket: 9Tifjv8VcZn05DkeAAAI","timestamp":"2026-08-01T13:33:05.189Z"}
{"level":"info","message":"Incoming request: GET /api/v1/analytics/dashboard?bypassCache=false","method":"GET","requestId":"c784ceb7-d365-4907-883a-9ea20c7e8a2a","timestamp":"2026-08-01T13:33:05.795Z","url":"/api/v1/analytics/dashboard?bypassCache=false"}
{"level":"info","message":"Request completed: GET /api/v1/analytics/dashboard?bypassCache=false [Status: 200] - 249ms","method":"GET","requestId":"c784ceb7-d365-4907-883a-9ea20c7e8a2a","timestamp":"2026-08-01T13:33:06.044Z","url":"/api/v1/analytics/dashboard?bypassCache=false"}
{"level":"info","message":"Incoming request: GET /api/v1/analytics/dashboard?bypassCache=false","method":"GET","requestId":"85c298e3-3606-4da0-b745-2b919f5fbb0c","timestamp":"2026-08-01T13:33:06.049Z","url":"/api/v1/analytics/dashboard?bypassCache=false"}
{"level":"info","message":"Request completed: GET /api/v1/analytics/dashboard?bypassCache=false [Status: 200] - 3ms","method":"GET","requestId":"85c298e3-3606-4da0-b745-2b919f5fbb0c","timestamp":"2026-08-01T13:33:06.052Z","url":"/api/v1/analytics/dashboard?bypassCache=false"}
{"level":"info","message":"Incoming request: GET /api/v1/analytics/performance?bypassCache=false","method":"GET","requestId":"ab4e8862-228f-43f5-ba84-e603e1f80b5a","timestamp":"2026-08-01T13:33:06.062Z","url":"/api/v1/analytics/performance?bypassCache=false"}
{"level":"info","message":"Incoming request: GET /api/v1/analytics/branches-comparison","method":"GET","requestId":"33ab2f28-2219-40e8-9c5f-17740c4e044e","timestamp":"2026-08-01T13:33:06.066Z","url":"/api/v1/analytics/branches-comparison"}
{"level":"info","message":"Request completed: GET /api/v1/analytics/performance?bypassCache=false [Status: 200] - 52ms","method":"GET","requestId":"ab4e8862-228f-43f5-ba84-e603e1f80b5a","timestamp":"2026-08-01T13:33:06.114Z","url":"/api/v1/analytics/performance?bypassCache=false"}
{"level":"info","message":"Incoming request: GET /api/v1/analytics/performance?bypassCache=false","method":"GET","requestId":"01e05ec8-9e85-4425-9640-f8801244795c","timestamp":"2026-08-01T13:33:06.154Z","url":"/api/v1/analytics/performance?bypassCache=false"}
{"level":"info","message":"Request completed: GET /api/v1/analytics/performance?bypassCache=false [Status: 200] - 5ms","method":"GET","requestId":"01e05ec8-9e85-4425-9640-f8801244795c","timestamp":"2026-08-01T13:33:06.158Z","url":"/api/v1/analytics/performance?bypassCache=false"}
{"level":"info","message":"Request completed: GET /api/v1/analytics/branches-comparison [Status: 200] - 128ms","method":"GET","requestId":"33ab2f28-2219-40e8-9c5f-17740c4e044e","timestamp":"2026-08-01T13:33:06.194Z","url":"/api/v1/analytics/branches-comparison"}
{"level":"info","message":"Incoming request: GET /api/v1/analytics/branches-comparison","method":"GET","requestId":"096553ad-db88-4e9c-a1b7-e765b14c17fd","timestamp":"2026-08-01T13:33:06.196Z","url":"/api/v1/analytics/branches-comparison"}
{"level":"info","message":"Request completed: GET /api/v1/analytics/branches-comparison [Status: 200] - 3ms","method":"GET","requestId":"096553ad-db88-4e9c-a1b7-e765b14c17fd","timestamp":"2026-08-01T13:33:06.199Z","url":"/api/v1/analytics/branches-comparison"}
{"level":"info","message":"Incoming request: GET /api/v1/predictions/history?limit=100","method":"GET","requestId":"4caa8f1a-65c2-4571-a2d9-a709978082a4","timestamp":"2026-08-01T13:33:06.750Z","url":"/api/v1/predictions/history?limit=100"}
{"level":"info","message":"Request completed: GET /api/v1/predictions/history?limit=100 [Status: 304] - 57ms","method":"GET","requestId":"4caa8f1a-65c2-4571-a2d9-a709978082a4","timestamp":"2026-08-01T13:33:06.807Z","url":"/api/v1/predictions/history?limit=100"}
{"level":"info","message":"Incoming request: GET /api/v1/predictions/history?limit=100","method":"GET","requestId":"f8eed8c9-41c8-455e-8ffe-5336e7f92443","timestamp":"2026-08-01T13:33:06.810Z","url":"/api/v1/predictions/history?limit=100"}
{"level":"info","message":"Request completed: GET /api/v1/predictions/history?limit=100 [Status: 304] - 30ms","method":"GET","requestId":"f8eed8c9-41c8-455e-8ffe-5336e7f92443","timestamp":"2026-08-01T13:33:06.840Z","url":"/api/v1/predictions/history?limit=100"}
{"level":"info","message":"Incoming request: GET /api/v1/analytics/dashboard?bypassCache=true","method":"GET","requestId":"af5000d6-106e-4d81-a8db-629da60b3a0e","timestamp":"2026-08-01T13:33:17.814Z","url":"/api/v1/analytics/dashboard?bypassCache=true"}
{"level":"info","message":"Request completed: GET /api/v1/analytics/dashboard?bypassCache=true [Status: 304] - 171ms","method":"GET","requestId":"af5000d6-106e-4d81-a8db-629da60b3a0e","timestamp":"2026-08-01T13:33:17.985Z","url":"/api/v1/analytics/dashboard?bypassCache=true"}
{"level":"info","message":"Incoming request: GET /api/v1/analytics/performance?bypassCache=true","method":"GET","requestId":"de20a4dc-c32c-4cb4-aea6-ddce81445a4f","timestamp":"2026-08-01T13:33:18.008Z","url":"/api/v1/analytics/performance?bypassCache=true"}
{"level":"info","message":"Incoming request: GET /api/v1/analytics/branches-comparison","method":"GET","requestId":"b39f4444-a15a-4c81-ad9e-f7c3342d5cdf","timestamp":"2026-08-01T13:33:18.025Z","url":"/api/v1/analytics/branches-comparison"}
{"level":"info","message":"Request completed: GET /api/v1/analytics/branches-comparison [Status: 304] - 7ms","method":"GET","requestId":"b39f4444-a15a-4c81-ad9e-f7c3342d5cdf","timestamp":"2026-08-01T13:33:18.032Z","url":"/api/v1/analytics/branches-comparison"}
{"level":"info","message":"Request completed: GET /api/v1/analytics/performance?bypassCache=true [Status: 304] - 86ms","method":"GET","requestId":"de20a4dc-c32c-4cb4-aea6-ddce81445a4f","timestamp":"2026-08-01T13:33:18.100Z","url":"/api/v1/analytics/performance?bypassCache=true"}
{"level":"info","message":"Incoming request: GET /api/v1/predictions/history?limit=100","method":"GET","requestId":"ad205860-acc3-4ed4-b451-4228a6ac893d","timestamp":"2026-08-01T13:33:18.218Z","url":"/api/v1/predictions/history?limit=100"}
{"level":"info","message":"Request completed: GET /api/v1/predictions/history?limit=100 [Status: 304] - 126ms","method":"GET","requestId":"ad205860-acc3-4ed4-b451-4228a6ac893d","timestamp":"2026-08-01T13:33:18.344Z","url":"/api/v1/predictions/history?limit=100"}
{"level":"info","message":"Incoming request: GET /api/docs/","method":"GET","requestId":"bba9d9f9-f13b-4542-a3e6-31d3266bec45","timestamp":"2026-08-01T13:34:35.837Z","url":"/api/docs/"}
{"level":"info","message":"Request completed: GET /api/docs/ [Status: 304] - 675ms","method":"GET","requestId":"bba9d9f9-f13b-4542-a3e6-31d3266bec45","timestamp":"2026-08-01T13:34:36.493Z","url":"/api/docs/"}
{"level":"info","message":"Incoming request: GET /api/docs/swagger-ui.css","method":"GET","requestId":"f05b05b3-fad8-46d0-8b93-fec49c867883","timestamp":"2026-08-01T13:34:36.992Z","url":"/api/docs/swagger-ui.css"}
{"level":"info","message":"Request completed: GET /api/docs/swagger-ui.css [Status: 304] - 37ms","method":"GET","requestId":"f05b05b3-fad8-46d0-8b93-fec49c867883","timestamp":"2026-08-01T13:34:37.029Z","url":"/api/docs/swagger-ui.css"}
{"level":"info","message":"Incoming request: GET /api/docs/swagger-ui-bundle.js","method":"GET","requestId":"4334de4c-a7d3-4ffc-a11b-fc4e927ae125","timestamp":"2026-08-01T13:34:37.047Z","url":"/api/docs/swagger-ui-bundle.js"}
{"level":"info","message":"Incoming request: GET /api/docs/swagger-ui-standalone-preset.js","method":"GET","requestId":"85fd32ba-4e2f-4878-9d4f-74e0a037e867","timestamp":"2026-08-01T13:34:37.065Z","url":"/api/docs/swagger-ui-standalone-preset.js"}
{"level":"info","message":"Request completed: GET /api/docs/swagger-ui-bundle.js [Status: 304] - 70ms","method":"GET","requestId":"4334de4c-a7d3-4ffc-a11b-fc4e927ae125","timestamp":"2026-08-01T13:34:37.117Z","url":"/api/docs/swagger-ui-bundle.js"}
{"level":"info","message":"Request completed: GET /api/docs/swagger-ui-standalone-preset.js [Status: 304] - 63ms","method":"GET","requestId":"85fd32ba-4e2f-4878-9d4f-74e0a037e867","timestamp":"2026-08-01T13:34:37.129Z","url":"/api/docs/swagger-ui-standalone-preset.js"}
{"level":"info","message":"Incoming request: GET /api/docs/swagger-ui-init.js","method":"GET","requestId":"1869d0f1-0747-4eaa-ae45-b41e6a2c724d","timestamp":"2026-08-01T13:34:37.131Z","url":"/api/docs/swagger-ui-init.js"}
{"level":"info","message":"Request completed: GET /api/docs/swagger-ui-init.js [Status: 304] - 12ms","method":"GET","requestId":"1869d0f1-0747-4eaa-ae45-b41e6a2c724d","timestamp":"2026-08-01T13:34:37.145Z","url":"/api/docs/swagger-ui-init.js"}
{"level":"info","message":"Server initialized successfully on port 5000","timestamp":"2026-08-01T16:21:58.371Z"}
{"level":"info","message":"MongoDB Connected: 127.0.0.1","timestamp":"2026-08-01T16:21:58.459Z"}
{"level":"warn","message":"Redis reconnection limit exceeded. Staying in in-memory fallback mode.","timestamp":"2026-08-01T16:21:59.033Z"}
{"level":"info","message":"Incoming request: GET /api/v1/health","method":"GET","requestId":"1cfd62d8-c091-41ac-af0e-746e36ecdf09","timestamp":"2026-08-01T16:22:01.821Z","url":"/api/v1/health"}
{"level":"info","message":"Request completed: GET /api/v1/health [Status: 404] - 19ms","method":"GET","requestId":"1cfd62d8-c091-41ac-af0e-746e36ecdf09","timestamp":"2026-08-01T16:22:01.840Z","url":"/api/v1/health"}
{"level":"info","message":"Incoming request: GET /health","method":"GET","requestId":"36e9703e-55ee-4044-af65-1dde6aea50c8","timestamp":"2026-08-01T16:22:07.903Z","url":"/health"}
{"level":"info","message":"Request completed: GET /health [Status: 200] - 5ms","method":"GET","requestId":"36e9703e-55ee-4044-af65-1dde6aea50c8","timestamp":"2026-08-01T16:22:07.908Z","url":"/health"}
{"level":"info","message":"Client connected to WebSocket: _p5iw9B2JWus7LFOAAAB","timestamp":"2026-08-01T16:23:04.765Z"}
{"level":"info","message":"Incoming request: GET /api/v1/analytics/dashboard?bypassCache=false","method":"GET","requestId":"6e3a77b0-fc8a-47d0-99bc-d478eeca83e4","timestamp":"2026-08-01T16:23:05.324Z","url":"/api/v1/analytics/dashboard?bypassCache=false"}
{"level":"info","message":"Request completed: GET /api/v1/analytics/dashboard?bypassCache=false [Status: 401] - 56ms","method":"GET","requestId":"6e3a77b0-fc8a-47d0-99bc-d478eeca83e4","timestamp":"2026-08-01T16:23:05.380Z","url":"/api/v1/analytics/dashboard?bypassCache=false"}
{"level":"info","message":"Incoming request: GET /api/v1/analytics/dashboard?bypassCache=false","method":"GET","requestId":"10226fbf-d9cd-44f9-b5b5-0561728e0dea","timestamp":"2026-08-01T16:23:05.386Z","url":"/api/v1/analytics/dashboard?bypassCache=false"}
{"level":"info","message":"Request completed: GET /api/v1/analytics/dashboard?bypassCache=false [Status: 401] - 6ms","method":"GET","requestId":"10226fbf-d9cd-44f9-b5b5-0561728e0dea","timestamp":"2026-08-01T16:23:05.392Z","url":"/api/v1/analytics/dashboard?bypassCache=false"}
{"level":"info","message":"Incoming request: POST /api/v1/auth/refresh","method":"POST","requestId":"2ac10786-b9d6-458f-b680-f3b02b8de4bb","timestamp":"2026-08-01T16:23:05.456Z","url":"/api/v1/auth/refresh"}
{"level":"info","message":"Request completed: POST /api/v1/auth/refresh [Status: 404] - 5ms","method":"POST","requestId":"2ac10786-b9d6-458f-b680-f3b02b8de4bb","timestamp":"2026-08-01T16:23:05.461Z","url":"/api/v1/auth/refresh"}
{"level":"info","message":"Incoming request: POST /api/v1/auth/refresh","method":"POST","requestId":"0d044657-bf1f-4b69-a685-b0bf67651ed5","timestamp":"2026-08-01T16:23:05.466Z","url":"/api/v1/auth/refresh"}
{"level":"info","message":"Request completed: POST /api/v1/auth/refresh [Status: 404] - 4ms","method":"POST","requestId":"0d044657-bf1f-4b69-a685-b0bf67651ed5","timestamp":"2026-08-01T16:23:05.470Z","url":"/api/v1/auth/refresh"}
{"level":"info","message":"Client disconnected from WebSocket: _p5iw9B2JWus7LFOAAAB","timestamp":"2026-08-01T16:23:05.483Z"}
{"level":"info","message":"Incoming request: POST /api/v1/auth/login","method":"POST","requestId":"c02edd1b-903f-430a-8fab-2099ceaeb771","timestamp":"2026-08-01T16:23:41.002Z","url":"/api/v1/auth/login"}
{"level":"info","message":"User admin@alphamatrix.com logged in successfully","method":"POST","requestId":"c02edd1b-903f-430a-8fab-2099ceaeb771","timestamp":"2026-08-01T16:23:41.689Z","url":"/api/v1/auth/login"}
{"level":"info","message":"Request completed: POST /api/v1/auth/login [Status: 200] - 693ms","method":"POST","requestId":"c02edd1b-903f-430a-8fab-2099ceaeb771","timestamp":"2026-08-01T16:23:41.695Z","url":"/api/v1/auth/login"}
{"level":"info","message":"Client connected to WebSocket: U-8mQzRx9qd8hZaLAAAD","timestamp":"2026-08-01T16:23:41.744Z"}
{"level":"info","message":"Incoming request: GET /api/v1/analytics/dashboard?bypassCache=false","method":"GET","requestId":"e5389f42-01bd-4daf-bf78-7e5f4d3129c2","timestamp":"2026-08-01T16:23:42.060Z","url":"/api/v1/analytics/dashboard?bypassCache=false"}
{"level":"info","message":"Request completed: GET /api/v1/analytics/dashboard?bypassCache=false [Status: 200] - 335ms","method":"GET","requestId":"e5389f42-01bd-4daf-bf78-7e5f4d3129c2","timestamp":"2026-08-01T16:23:42.395Z","url":"/api/v1/analytics/dashboard?bypassCache=false"}
{"level":"info","message":"Incoming request: GET /api/v1/analytics/dashboard?bypassCache=false","method":"GET","requestId":"0523bed3-fa67-459e-a963-e4367727851e","timestamp":"2026-08-01T16:23:42.399Z","url":"/api/v1/analytics/dashboard?bypassCache=false"}
{"level":"info","message":"Request completed: GET /api/v1/analytics/dashboard?bypassCache=false [Status: 200] - 7ms","method":"GET","requestId":"0523bed3-fa67-459e-a963-e4367727851e","timestamp":"2026-08-01T16:23:42.406Z","url":"/api/v1/analytics/dashboard?bypassCache=false"}
{"level":"info","message":"Incoming request: GET /api/v1/analytics/performance?bypassCache=false","method":"GET","requestId":"7c70b7c7-1f62-4078-bb1f-9a7722554bc3","timestamp":"2026-08-01T16:23:42.452Z","url":"/api/v1/analytics/performance?bypassCache=false"}
{"level":"info","message":"Incoming request: GET /api/v1/analytics/branches-comparison","method":"GET","requestId":"589edb4a-c68f-4fa0-acbe-572704f6c12e","timestamp":"2026-08-01T16:23:42.518Z","url":"/api/v1/analytics/branches-comparison"}
{"level":"info","message":"Request completed: GET /api/v1/analytics/performance?bypassCache=false [Status: 200] - 91ms","method":"GET","requestId":"7c70b7c7-1f62-4078-bb1f-9a7722554bc3","timestamp":"2026-08-01T16:23:42.543Z","url":"/api/v1/analytics/performance?bypassCache=false"}
{"level":"info","message":"Incoming request: GET /api/v1/analytics/performance?bypassCache=false","method":"GET","requestId":"6e0831ce-b8f3-4bb7-9c9e-da892ae4bc73","timestamp":"2026-08-01T16:23:42.586Z","url":"/api/v1/analytics/performance?bypassCache=false"}
{"level":"info","message":"Request completed: GET /api/v1/analytics/performance?bypassCache=false [Status: 200] - 26ms","method":"GET","requestId":"6e0831ce-b8f3-4bb7-9c9e-da892ae4bc73","timestamp":"2026-08-01T16:23:42.612Z","url":"/api/v1/analytics/performance?bypassCache=false"}
{"level":"info","message":"Request completed: GET /api/v1/analytics/branches-comparison [Status: 200] - 757ms","method":"GET","requestId":"589edb4a-c68f-4fa0-acbe-572704f6c12e","timestamp":"2026-08-01T16:23:43.275Z","url":"/api/v1/analytics/branches-comparison"}
{"level":"info","message":"Incoming request: GET /api/v1/analytics/branches-comparison","method":"GET","requestId":"43693f30-9f42-47e8-9fbe-4a1bc5e404a8","timestamp":"2026-08-01T16:23:43.284Z","url":"/api/v1/analytics/branches-comparison"}
{"level":"info","message":"Request completed: GET /api/v1/analytics/branches-comparison [Status: 200] - 8ms","method":"GET","requestId":"43693f30-9f42-47e8-9fbe-4a1bc5e404a8","timestamp":"2026-08-01T16:23:43.292Z","url":"/api/v1/analytics/branches-comparison"}
{"level":"info","message":"Incoming request: GET /api/v1/predictions/history?limit=100","method":"GET","requestId":"f58459b8-d62a-4ba8-8d07-9f563ab4a823","timestamp":"2026-08-01T16:23:43.815Z","url":"/api/v1/predictions/history?limit=100"}
{"level":"info","message":"Request completed: GET /api/v1/predictions/history?limit=100 [Status: 200] - 130ms","method":"GET","requestId":"f58459b8-d62a-4ba8-8d07-9f563ab4a823","timestamp":"2026-08-01T16:23:43.945Z","url":"/api/v1/predictions/history?limit=100"}
{"level":"info","message":"Incoming request: GET /api/v1/predictions/history?limit=100","method":"GET","requestId":"9d8c3f1c-b4c3-46c1-a5c4-0e231f9458e2","timestamp":"2026-08-01T16:23:43.955Z","url":"/api/v1/predictions/history?limit=100"}
{"level":"info","message":"Request completed: GET /api/v1/predictions/history?limit=100 [Status: 304] - 45ms","method":"GET","requestId":"9d8c3f1c-b4c3-46c1-a5c4-0e231f9458e2","timestamp":"2026-08-01T16:23:44.000Z","url":"/api/v1/predictions/history?limit=100"}
{"level":"info","message":"Incoming request: GET /api/v1/analytics/dashboard?bypassCache=true","method":"GET","requestId":"3b955dcd-f88d-4450-ac6c-38e72f2d2a81","timestamp":"2026-08-01T16:23:54.053Z","url":"/api/v1/analytics/dashboard?bypassCache=true"}
{"level":"info","message":"Request completed: GET /api/v1/analytics/dashboard?bypassCache=true [Status: 304] - 90ms","method":"GET","requestId":"3b955dcd-f88d-4450-ac6c-38e72f2d2a81","timestamp":"2026-08-01T16:23:54.142Z","url":"/api/v1/analytics/dashboard?bypassCache=true"}
{"level":"info","message":"Incoming request: GET /api/v1/analytics/performance?bypassCache=true","method":"GET","requestId":"a68bfcda-f1a2-478b-9d96-55d1bfa63c43","timestamp":"2026-08-01T16:23:54.163Z","url":"/api/v1/analytics/performance?bypassCache=true"}
{"level":"info","message":"Incoming request: GET /api/v1/analytics/branches-comparison","method":"GET","requestId":"4328d76c-0bcf-4cfd-8888-fcff897e8f3d","timestamp":"2026-08-01T16:23:54.177Z","url":"/api/v1/analytics/branches-comparison"}
{"level":"info","message":"Request completed: GET /api/v1/analytics/branches-comparison [Status: 304] - 8ms","method":"GET","requestId":"4328d76c-0bcf-4cfd-8888-fcff897e8f3d","timestamp":"2026-08-01T16:23:54.185Z","url":"/api/v1/analytics/branches-comparison"}
{"level":"info","message":"Request completed: GET /api/v1/analytics/performance?bypassCache=true [Status: 304] - 70ms","method":"GET","requestId":"a68bfcda-f1a2-478b-9d96-55d1bfa63c43","timestamp":"2026-08-01T16:23:54.233Z","url":"/api/v1/analytics/performance?bypassCache=true"}
{"level":"info","message":"Incoming request: GET /api/v1/predictions/history?limit=100","method":"GET","requestId":"c85ce271-8624-4c72-bd47-3486a886d699","timestamp":"2026-08-01T16:23:54.324Z","url":"/api/v1/predictions/history?limit=100"}
{"level":"info","message":"Request completed: GET /api/v1/predictions/history?limit=100 [Status: 304] - 59ms","method":"GET","requestId":"c85ce271-8624-4c72-bd47-3486a886d699","timestamp":"2026-08-01T16:23:54.384Z","url":"/api/v1/predictions/history?limit=100"}
{"level":"info","message":"Incoming request: GET /api/v1/analytics/dashboard?bypassCache=true","method":"GET","requestId":"394279ec-3996-4581-b0aa-c69e9bffae16","timestamp":"2026-08-01T16:24:06.077Z","url":"/api/v1/analytics/dashboard?bypassCache=true"}
{"level":"info","message":"Request completed: GET /api/v1/analytics/dashboard?bypassCache=true [Status: 304] - 234ms","method":"GET","requestId":"394279ec-3996-4581-b0aa-c69e9bffae16","timestamp":"2026-08-01T16:24:06.310Z","url":"/api/v1/analytics/dashboard?bypassCache=true"}
{"level":"info","message":"Incoming request: GET /api/v1/analytics/performance?bypassCache=true","method":"GET","requestId":"902632d8-6435-43f0-8ecd-e0f8d281659e","timestamp":"2026-08-01T16:24:06.430Z","url":"/api/v1/analytics/performance?bypassCache=true"}
{"level":"info","message":"Incoming request: GET /api/v1/analytics/branches-comparison","method":"GET","requestId":"70bd6c00-0027-498b-b914-ca2a2bbab536","timestamp":"2026-08-01T16:24:06.440Z","url":"/api/v1/analytics/branches-comparison"}
{"level":"info","message":"Request completed: GET /api/v1/analytics/branches-comparison [Status: 304] - 11ms","method":"GET","requestId":"70bd6c00-0027-498b-b914-ca2a2bbab536","timestamp":"2026-08-01T16:24:06.451Z","url":"/api/v1/analytics/branches-comparison"}
{"level":"info","message":"Request completed: GET /api/v1/analytics/performance?bypassCache=true [Status: 304] - 97ms","method":"GET","requestId":"902632d8-6435-43f0-8ecd-e0f8d281659e","timestamp":"2026-08-01T16:24:06.527Z","url":"/api/v1/analytics/performance?bypassCache=true"}
{"level":"info","message":"Incoming request: GET /api/v1/predictions/history?limit=100","method":"GET","requestId":"96c8f683-32e6-4320-b6dd-4b73bf4dc57f","timestamp":"2026-08-01T16:24:06.616Z","url":"/api/v1/predictions/history?limit=100"}
{"level":"info","message":"Request completed: GET /api/v1/predictions/history?limit=100 [Status: 304] - 117ms","method":"GET","requestId":"96c8f683-32e6-4320-b6dd-4b73bf4dc57f","timestamp":"2026-08-01T16:24:06.733Z","url":"/api/v1/predictions/history?limit=100"}
{"level":"info","message":"Incoming request: GET /api/v1/analytics/dashboard?bypassCache=true","method":"GET","requestId":"aef2ac65-29d6-4988-a0e3-128e2a94bf5e","timestamp":"2026-08-01T16:24:18.132Z","url":"/api/v1/analytics/dashboard?bypassCache=true"}
{"level":"info","message":"Request completed: GET /api/v1/analytics/dashboard?bypassCache=true [Status: 304] - 209ms","method":"GET","requestId":"aef2ac65-29d6-4988-a0e3-128e2a94bf5e","timestamp":"2026-08-01T16:24:18.341Z","url":"/api/v1/analytics/dashboard?bypassCache=true"}
{"level":"info","message":"Incoming request: GET /api/v1/analytics/performance?bypassCache=true","method":"GET","requestId":"016e3fab-8ec7-4af7-86d7-8b7b924cec72","timestamp":"2026-08-01T16:24:18.360Z","url":"/api/v1/analytics/performance?bypassCache=true"}
{"level":"info","message":"Incoming request: GET /api/v1/analytics/branches-comparison","method":"GET","requestId":"95971e66-53cf-4f61-80b9-5015d8677724","timestamp":"2026-08-01T16:24:18.430Z","url":"/api/v1/analytics/branches-comparison"}
{"level":"info","message":"Request completed: GET /api/v1/analytics/branches-comparison [Status: 304] - 8ms","method":"GET","requestId":"95971e66-53cf-4f61-80b9-5015d8677724","timestamp":"2026-08-01T16:24:18.438Z","url":"/api/v1/analytics/branches-comparison"}
{"level":"info","message":"Request completed: GET /api/v1/analytics/performance?bypassCache=true [Status: 304] - 140ms","method":"GET","requestId":"016e3fab-8ec7-4af7-86d7-8b7b924cec72","timestamp":"2026-08-01T16:24:18.500Z","url":"/api/v1/analytics/performance?bypassCache=true"}
{"level":"info","message":"Incoming request: GET /api/v1/predictions/history?limit=100","method":"GET","requestId":"08be25db-bc78-4256-a4a8-7acb9b106630","timestamp":"2026-08-01T16:24:18.560Z","url":"/api/v1/predictions/history?limit=100"}
{"level":"info","message":"Request completed: GET /api/v1/predictions/history?limit=100 [Status: 304] - 119ms","method":"GET","requestId":"08be25db-bc78-4256-a4a8-7acb9b106630","timestamp":"2026-08-01T16:24:18.680Z","url":"/api/v1/predictions/history?limit=100"}
{"level":"info","message":"Incoming request: GET /api/v1/analytics/dashboard?bypassCache=true","method":"GET","requestId":"1401364e-cbec-4250-8811-87dd02feb80c","timestamp":"2026-08-01T16:24:30.100Z","url":"/api/v1/analytics/dashboard?bypassCache=true"}
{"level":"info","message":"Request completed: GET /api/v1/analytics/dashboard?bypassCache=true [Status: 304] - 149ms","method":"GET","requestId":"1401364e-cbec-4250-8811-87dd02feb80c","timestamp":"2026-08-01T16:24:30.249Z","url":"/api/v1/analytics/dashboard?bypassCache=true"}
{"level":"info","message":"Incoming request: GET /api/v1/analytics/performance?bypassCache=true","method":"GET","requestId":"dae87988-a48f-46dc-8531-bb463893bc4d","timestamp":"2026-08-01T16:24:30.307Z","url":"/api/v1/analytics/performance?bypassCache=true"}
{"level":"info","message":"Incoming request: GET /api/v1/analytics/branches-comparison","method":"GET","requestId":"b16499f0-45f8-431f-a310-030421cb57e1","timestamp":"2026-08-01T16:24:30.348Z","url":"/api/v1/analytics/branches-comparison"}
{"level":"info","message":"Request completed: GET /api/v1/analytics/branches-comparison [Status: 304] - 22ms","method":"GET","requestId":"b16499f0-45f8-431f-a310-030421cb57e1","timestamp":"2026-08-01T16:24:30.370Z","url":"/api/v1/analytics/branches-comparison"}
{"level":"info","message":"Request completed: GET /api/v1/analytics/performance?bypassCache=true [Status: 304] - 100ms","method":"GET","requestId":"dae87988-a48f-46dc-8531-bb463893bc4d","timestamp":"2026-08-01T16:24:30.407Z","url":"/api/v1/analytics/performance?bypassCache=true"}
{"level":"info","message":"Incoming request: GET /api/v1/predictions/history?limit=100","method":"GET","requestId":"0225f6b3-665f-4469-85f8-26dd95c11063","timestamp":"2026-08-01T16:24:30.494Z","url":"/api/v1/predictions/history?limit=100"}
{"level":"info","message":"Request completed: GET /api/v1/predictions/history?limit=100 [Status: 304] - 135ms","method":"GET","requestId":"0225f6b3-665f-4469-85f8-26dd95c11063","timestamp":"2026-08-01T16:24:30.630Z","url":"/api/v1/predictions/history?limit=100"}
{"level":"info","message":"Incoming request: GET /api/v1/analytics/dashboard?bypassCache=true","method":"GET","requestId":"d2c96844-0662-4b14-962d-d411300d6ba1","timestamp":"2026-08-01T16:24:42.088Z","url":"/api/v1/analytics/dashboard?bypassCache=true"}
{"level":"info","message":"Request completed: GET /api/v1/analytics/dashboard?bypassCache=true [Status: 304] - 299ms","method":"GET","requestId":"d2c96844-0662-4b14-962d-d411300d6ba1","timestamp":"2026-08-01T16:24:42.387Z","url":"/api/v1/analytics/dashboard?bypassCache=true"}
{"level":"info","message":"Incoming request: GET /api/v1/analytics/performance?bypassCache=true","method":"GET","requestId":"e00dddbd-811a-42d5-bd2d-826850f49e0b","timestamp":"2026-08-01T16:24:42.437Z","url":"/api/v1/analytics/performance?bypassCache=true"}
{"level":"info","message":"Incoming request: GET /api/v1/analytics/branches-comparison","method":"GET","requestId":"81f84207-2c6f-4336-8cf2-e77c0a213681","timestamp":"2026-08-01T16:24:42.453Z","url":"/api/v1/analytics/branches-comparison"}
{"level":"info","message":"Request completed: GET /api/v1/analytics/branches-comparison [Status: 304] - 6ms","method":"GET","requestId":"81f84207-2c6f-4336-8cf2-e77c0a213681","timestamp":"2026-08-01T16:24:42.459Z","url":"/api/v1/analytics/branches-comparison"}
{"level":"info","message":"Request completed: GET /api/v1/analytics/performance?bypassCache=true [Status: 304] - 69ms","method":"GET","requestId":"e00dddbd-811a-42d5-bd2d-826850f49e0b","timestamp":"2026-08-01T16:24:42.506Z","url":"/api/v1/analytics/performance?bypassCache=true"}
{"level":"info","message":"Incoming request: GET /api/v1/predictions/history?limit=100","method":"GET","requestId":"bd3c73e3-8665-4a57-b675-b942e853667b","timestamp":"2026-08-01T16:24:42.671Z","url":"/api/v1/predictions/history?limit=100"}
{"level":"info","message":"Request completed: GET /api/v1/predictions/history?limit=100 [Status: 304] - 516ms","method":"GET","requestId":"bd3c73e3-8665-4a57-b675-b942e853667b","timestamp":"2026-08-01T16:24:43.187Z","url":"/api/v1/predictions/history?limit=100"}
{"level":"info","message":"Incoming request: GET /api/v1/analytics/dashboard?bypassCache=true","method":"GET","requestId":"87e70468-f838-4c4e-bb73-987478cebf8b","timestamp":"2026-08-01T16:24:54.111Z","url":"/api/v1/analytics/dashboard?bypassCache=true"}
{"level":"info","message":"Request completed: GET /api/v1/analytics/dashboard?bypassCache=true [Status: 304] - 231ms","method":"GET","requestId":"87e70468-f838-4c4e-bb73-987478cebf8b","timestamp":"2026-08-01T16:24:54.342Z","url":"/api/v1/analytics/dashboard?bypassCache=true"}
{"level":"info","message":"Incoming request: GET /api/v1/analytics/performance?bypassCache=true","method":"GET","requestId":"464f82ed-60e7-4135-a99f-f99c12dba80d","timestamp":"2026-08-01T16:24:54.410Z","url":"/api/v1/analytics/performance?bypassCache=true"}
{"level":"info","message":"Incoming request: GET /api/v1/analytics/branches-comparison","method":"GET","requestId":"ce58abf7-cde9-450a-b770-bda9da0e656b","timestamp":"2026-08-01T16:24:54.456Z","url":"/api/v1/analytics/branches-comparison"}
{"level":"info","message":"Request completed: GET /api/v1/analytics/branches-comparison [Status: 304] - 13ms","method":"GET","requestId":"ce58abf7-cde9-450a-b770-bda9da0e656b","timestamp":"2026-08-01T16:24:54.469Z","url":"/api/v1/analytics/branches-comparison"}
{"level":"info","message":"Request completed: GET /api/v1/analytics/performance?bypassCache=true [Status: 304] - 141ms","method":"GET","requestId":"464f82ed-60e7-4135-a99f-f99c12dba80d","timestamp":"2026-08-01T16:24:54.551Z","url":"/api/v1/analytics/performance?bypassCache=true"}
{"level":"info","message":"Incoming request: GET /api/v1/predictions/history?limit=100","method":"GET","requestId":"c9f858d7-f420-4747-b06e-1d71297a4e56","timestamp":"2026-08-01T16:24:54.602Z","url":"/api/v1/predictions/history?limit=100"}
{"level":"info","message":"Request completed: GET /api/v1/predictions/history?limit=100 [Status: 304] - 67ms","method":"GET","requestId":"c9f858d7-f420-4747-b06e-1d71297a4e56","timestamp":"2026-08-01T16:24:54.669Z","url":"/api/v1/predictions/history?limit=100"}
{"level":"info","message":"Incoming request: GET /api/v1/analytics/dashboard?bypassCache=true","method":"GET","requestId":"757f71e7-87d7-4375-8df3-5eee9b573621","timestamp":"2026-08-01T16:25:06.057Z","url":"/api/v1/analytics/dashboard?bypassCache=true"}
{"level":"info","message":"Request completed: GET /api/v1/analytics/dashboard?bypassCache=true [Status: 304] - 68ms","method":"GET","requestId":"757f71e7-87d7-4375-8df3-5eee9b573621","timestamp":"2026-08-01T16:25:06.125Z","url":"/api/v1/analytics/dashboard?bypassCache=true"}
{"level":"info","message":"Incoming request: GET /api/v1/analytics/performance?bypassCache=true","method":"GET","requestId":"33174732-1327-4d12-9a32-1d686c214f2c","timestamp":"2026-08-01T16:25:06.147Z","url":"/api/v1/analytics/performance?bypassCache=true"}
{"level":"info","message":"Incoming request: GET /api/v1/analytics/branches-comparison","method":"GET","requestId":"07b56bb1-3089-4b36-952f-bd857f766e6d","timestamp":"2026-08-01T16:25:06.153Z","url":"/api/v1/analytics/branches-comparison"}
{"level":"info","message":"Request completed: GET /api/v1/analytics/branches-comparison [Status: 304] - 7ms","method":"GET","requestId":"07b56bb1-3089-4b36-952f-bd857f766e6d","timestamp":"2026-08-01T16:25:06.160Z","url":"/api/v1/analytics/branches-comparison"}
{"level":"info","message":"Request completed: GET /api/v1/analytics/performance?bypassCache=true [Status: 304] - 47ms","method":"GET","requestId":"33174732-1327-4d12-9a32-1d686c214f2c","timestamp":"2026-08-01T16:25:06.194Z","url":"/api/v1/analytics/performance?bypassCache=true"}
{"level":"info","message":"Incoming request: GET /api/v1/predictions/history?limit=100","method":"GET","requestId":"6051a34c-566b-4ea3-8838-f82358b02124","timestamp":"2026-08-01T16:25:06.232Z","url":"/api/v1/predictions/history?limit=100"}
{"level":"info","message":"Request completed: GET /api/v1/predictions/history?limit=100 [Status: 304] - 46ms","method":"GET","requestId":"6051a34c-566b-4ea3-8838-f82358b02124","timestamp":"2026-08-01T16:25:06.278Z","url":"/api/v1/predictions/history?limit=100"}
{"level":"info","message":"Incoming request: GET /api/v1/analytics/dashboard?bypassCache=true","method":"GET","requestId":"79e87a52-641d-4b3e-8843-8c2f492017fa","timestamp":"2026-08-01T16:25:18.063Z","url":"/api/v1/analytics/dashboard?bypassCache=true"}
{"level":"info","message":"Request completed: GET /api/v1/analytics/dashboard?bypassCache=true [Status: 304] - 78ms","method":"GET","requestId":"79e87a52-641d-4b3e-8843-8c2f492017fa","timestamp":"2026-08-01T16:25:18.140Z","url":"/api/v1/analytics/dashboard?bypassCache=true"}
{"level":"info","message":"Incoming request: GET /api/v1/analytics/performance?bypassCache=true","method":"GET","requestId":"af4f895f-5ce5-4f16-959a-886e54f8bd85","timestamp":"2026-08-01T16:25:18.158Z","url":"/api/v1/analytics/performance?bypassCache=true"}
{"level":"info","message":"Incoming request: GET /api/v1/analytics/branches-comparison","method":"GET","requestId":"3350fe76-c9cf-4e04-8aaf-65e91a59b410","timestamp":"2026-08-01T16:25:18.167Z","url":"/api/v1/analytics/branches-comparison"}
{"level":"info","message":"Request completed: GET /api/v1/analytics/branches-comparison [Status: 304] - 7ms","method":"GET","requestId":"3350fe76-c9cf-4e04-8aaf-65e91a59b410","timestamp":"2026-08-01T16:25:18.174Z","url":"/api/v1/analytics/branches-comparison"}
{"level":"info","message":"Request completed: GET /api/v1/analytics/performance?bypassCache=true [Status: 304] - 45ms","method":"GET","requestId":"af4f895f-5ce5-4f16-959a-886e54f8bd85","timestamp":"2026-08-01T16:25:18.203Z","url":"/api/v1/analytics/performance?bypassCache=true"}
{"level":"info","message":"Incoming request: GET /api/v1/predictions/history?limit=100","method":"GET","requestId":"682c67c3-bd39-422a-84f7-3e6f389106e4","timestamp":"2026-08-01T16:25:18.255Z","url":"/api/v1/predictions/history?limit=100"}
{"level":"info","message":"Request completed: GET /api/v1/predictions/history?limit=100 [Status: 304] - 47ms","method":"GET","requestId":"682c67c3-bd39-422a-84f7-3e6f389106e4","timestamp":"2026-08-01T16:25:18.302Z","url":"/api/v1/predictions/history?limit=100"}
{"level":"info","message":"Incoming request: GET /api/v1/analytics/dashboard?bypassCache=true","method":"GET","requestId":"39b6409f-0724-41e2-8b29-0173e98c6038","timestamp":"2026-08-01T16:25:30.058Z","url":"/api/v1/analytics/dashboard?bypassCache=true"}
{"level":"info","message":"Request completed: GET /api/v1/analytics/dashboard?bypassCache=true [Status: 304] - 72ms","method":"GET","requestId":"39b6409f-0724-41e2-8b29-0173e98c6038","timestamp":"2026-08-01T16:25:30.130Z","url":"/api/v1/analytics/dashboard?bypassCache=true"}
{"level":"info","message":"Incoming request: GET /api/v1/analytics/performance?bypassCache=true","method":"GET","requestId":"7d9b2e97-73d4-4f72-ae04-bdf41415e57d","timestamp":"2026-08-01T16:25:30.149Z","url":"/api/v1/analytics/performance?bypassCache=true"}
{"level":"info","message":"Incoming request: GET /api/v1/analytics/branches-comparison","method":"GET","requestId":"bd3a19d3-f806-4e72-a781-35e617f0910c","timestamp":"2026-08-01T16:25:30.157Z","url":"/api/v1/analytics/branches-comparison"}
{"level":"info","message":"Request completed: GET /api/v1/analytics/branches-comparison [Status: 304] - 5ms","method":"GET","requestId":"bd3a19d3-f806-4e72-a781-35e617f0910c","timestamp":"2026-08-01T16:25:30.162Z","url":"/api/v1/analytics/branches-comparison"}
{"level":"info","message":"Request completed: GET /api/v1/analytics/performance?bypassCache=true [Status: 304] - 44ms","method":"GET","requestId":"7d9b2e97-73d4-4f72-ae04-bdf41415e57d","timestamp":"2026-08-01T16:25:30.193Z","url":"/api/v1/analytics/performance?bypassCache=true"}
{"level":"info","message":"Incoming request: GET /api/v1/predictions/history?limit=100","method":"GET","requestId":"202bef8a-9876-49ec-9758-97df6d97b062","timestamp":"2026-08-01T16:25:30.238Z","url":"/api/v1/predictions/history?limit=100"}
{"level":"info","message":"Request completed: GET /api/v1/predictions/history?limit=100 [Status: 304] - 51ms","method":"GET","requestId":"202bef8a-9876-49ec-9758-97df6d97b062","timestamp":"2026-08-01T16:25:30.288Z","url":"/api/v1/predictions/history?limit=100"}
{"level":"info","message":"Incoming request: GET /api/v1/analytics/dashboard?bypassCache=true","method":"GET","requestId":"75e3bf03-5091-41a8-af45-2df809255549","timestamp":"2026-08-01T16:25:42.061Z","url":"/api/v1/analytics/dashboard?bypassCache=true"}
{"level":"info","message":"Request completed: GET /api/v1/analytics/dashboard?bypassCache=true [Status: 304] - 72ms","method":"GET","requestId":"75e3bf03-5091-41a8-af45-2df809255549","timestamp":"2026-08-01T16:25:42.133Z","url":"/api/v1/analytics/dashboard?bypassCache=true"}
{"level":"info","message":"Incoming request: GET /api/v1/analytics/performance?bypassCache=true","method":"GET","requestId":"0b63d478-f844-492f-8cd0-0cbae62008e1","timestamp":"2026-08-01T16:25:42.149Z","url":"/api/v1/analytics/performance?bypassCache=true"}
{"level":"info","message":"Incoming request: GET /api/v1/analytics/branches-comparison","method":"GET","requestId":"14c99083-cfd7-4f68-928a-842977ca567b","timestamp":"2026-08-01T16:25:42.156Z","url":"/api/v1/analytics/branches-comparison"}
{"level":"info","message":"Request completed: GET /api/v1/analytics/branches-comparison [Status: 304] - 5ms","method":"GET","requestId":"14c99083-cfd7-4f68-928a-842977ca567b","timestamp":"2026-08-01T16:25:42.161Z","url":"/api/v1/analytics/branches-comparison"}
{"level":"info","message":"Request completed: GET /api/v1/analytics/performance?bypassCache=true [Status: 304] - 40ms","method":"GET","requestId":"0b63d478-f844-492f-8cd0-0cbae62008e1","timestamp":"2026-08-01T16:25:42.189Z","url":"/api/v1/analytics/performance?bypassCache=true"}
{"level":"info","message":"Incoming request: GET /api/v1/predictions/history?limit=100","method":"GET","requestId":"92cd2d88-3c79-4e1e-a34d-f2615bb61333","timestamp":"2026-08-01T16:25:42.312Z","url":"/api/v1/predictions/history?limit=100"}
{"level":"info","message":"Request completed: GET /api/v1/predictions/history?limit=100 [Status: 304] - 42ms","method":"GET","requestId":"92cd2d88-3c79-4e1e-a34d-f2615bb61333","timestamp":"2026-08-01T16:25:42.354Z","url":"/api/v1/predictions/history?limit=100"}
{"level":"info","message":"Incoming request: GET /api/v1/analytics/dashboard?bypassCache=true","method":"GET","requestId":"87a2447d-73d7-4f6a-9ded-0bdb315cb718","timestamp":"2026-08-01T16:25:54.055Z","url":"/api/v1/analytics/dashboard?bypassCache=true"}
{"level":"info","message":"Request completed: GET /api/v1/analytics/dashboard?bypassCache=true [Status: 304] - 65ms","method":"GET","requestId":"87a2447d-73d7-4f6a-9ded-0bdb315cb718","timestamp":"2026-08-01T16:25:54.119Z","url":"/api/v1/analytics/dashboard?bypassCache=true"}
{"level":"info","message":"Incoming request: GET /api/v1/analytics/performance?bypassCache=true","method":"GET","requestId":"f8abf91e-b994-4f01-acd7-3e07dc51e4ac","timestamp":"2026-08-01T16:25:54.139Z","url":"/api/v1/analytics/performance?bypassCache=true"}
{"level":"info","message":"Incoming request: GET /api/v1/analytics/branches-comparison","method":"GET","requestId":"db0c8322-b28d-4b34-9130-6f5bb66aea04","timestamp":"2026-08-01T16:25:54.143Z","url":"/api/v1/analytics/branches-comparison"}
{"level":"info","message":"Request completed: GET /api/v1/analytics/branches-comparison [Status: 304] - 6ms","method":"GET","requestId":"db0c8322-b28d-4b34-9130-6f5bb66aea04","timestamp":"2026-08-01T16:25:54.149Z","url":"/api/v1/analytics/branches-comparison"}
{"level":"info","message":"Request completed: GET /api/v1/analytics/performance?bypassCache=true [Status: 304] - 35ms","method":"GET","requestId":"f8abf91e-b994-4f01-acd7-3e07dc51e4ac","timestamp":"2026-08-01T16:25:54.174Z","url":"/api/v1/analytics/performance?bypassCache=true"}
{"level":"info","message":"Incoming request: GET /api/v1/predictions/history?limit=100","method":"GET","requestId":"7193c170-2b15-4336-a6be-e3e1590e89e3","timestamp":"2026-08-01T16:25:54.217Z","url":"/api/v1/predictions/history?limit=100"}
{"level":"info","message":"Request completed: GET /api/v1/predictions/history?limit=100 [Status: 304] - 40ms","method":"GET","requestId":"7193c170-2b15-4336-a6be-e3e1590e89e3","timestamp":"2026-08-01T16:25:54.257Z","url":"/api/v1/predictions/history?limit=100"}
{"level":"info","message":"Incoming request: GET /api/v1/analytics/dashboard?bypassCache=true","method":"GET","requestId":"ed9b1131-b9df-484b-b6c9-578afaa73b2d","timestamp":"2026-08-01T16:26:06.055Z","url":"/api/v1/analytics/dashboard?bypassCache=true"}
{"level":"info","message":"Request completed: GET /api/v1/analytics/dashboard?bypassCache=true [Status: 304] - 54ms","method":"GET","requestId":"ed9b1131-b9df-484b-b6c9-578afaa73b2d","timestamp":"2026-08-01T16:26:06.109Z","url":"/api/v1/analytics/dashboard?bypassCache=true"}
{"level":"info","message":"Incoming request: GET /api/v1/analytics/performance?bypassCache=true","method":"GET","requestId":"7636ebe8-715f-4f3d-9b95-089ea73d14d4","timestamp":"2026-08-01T16:26:06.124Z","url":"/api/v1/analytics/performance?bypassCache=true"}
{"level":"info","message":"Incoming request: GET /api/v1/analytics/branches-comparison","method":"GET","requestId":"ef7d1887-76c0-478d-8ffb-82b370ed456d","timestamp":"2026-08-01T16:26:06.130Z","url":"/api/v1/analytics/branches-comparison"}
{"level":"info","message":"Request completed: GET /api/v1/analytics/branches-comparison [Status: 304] - 6ms","method":"GET","requestId":"ef7d1887-76c0-478d-8ffb-82b370ed456d","timestamp":"2026-08-01T16:26:06.136Z","url":"/api/v1/analytics/branches-comparison"}
{"level":"info","message":"Request completed: GET /api/v1/analytics/performance?bypassCache=true [Status: 304] - 33ms","method":"GET","requestId":"7636ebe8-715f-4f3d-9b95-089ea73d14d4","timestamp":"2026-08-01T16:26:06.158Z","url":"/api/v1/analytics/performance?bypassCache=true"}
{"level":"info","message":"Incoming request: GET /api/v1/predictions/history?limit=100","method":"GET","requestId":"cf6bed8e-b3ae-42a3-a091-d29892c4b3a1","timestamp":"2026-08-01T16:26:06.209Z","url":"/api/v1/predictions/history?limit=100"}
{"level":"info","message":"Request completed: GET /api/v1/predictions/history?limit=100 [Status: 304] - 37ms","method":"GET","requestId":"cf6bed8e-b3ae-42a3-a091-d29892c4b3a1","timestamp":"2026-08-01T16:26:06.246Z","url":"/api/v1/predictions/history?limit=100"}
{"level":"info","message":"Incoming request: GET /api/v1/analytics/dashboard?bypassCache=true","method":"GET","requestId":"fa425a82-92e0-4280-b24e-2ec0ce97d78b","timestamp":"2026-08-01T16:26:18.057Z","url":"/api/v1/analytics/dashboard?bypassCache=true"}
{"level":"info","message":"Request completed: GET /api/v1/analytics/dashboard?bypassCache=true [Status: 304] - 68ms","method":"GET","requestId":"fa425a82-92e0-4280-b24e-2ec0ce97d78b","timestamp":"2026-08-01T16:26:18.125Z","url":"/api/v1/analytics/dashboard?bypassCache=true"}
{"level":"info","message":"Incoming request: GET /api/v1/analytics/performance?bypassCache=true","method":"GET","requestId":"126306f0-c7dd-4b54-9c9a-465a5533d64e","timestamp":"2026-08-01T16:26:18.149Z","url":"/api/v1/analytics/performance?bypassCache=true"}
{"level":"info","message":"Incoming request: GET /api/v1/analytics/branches-comparison","method":"GET","requestId":"8d7e3f31-b60e-45e2-9777-7c2dcb5f5692","timestamp":"2026-08-01T16:26:18.158Z","url":"/api/v1/analytics/branches-comparison"}
{"level":"info","message":"Request completed: GET /api/v1/analytics/branches-comparison [Status: 304] - 4ms","method":"GET","requestId":"8d7e3f31-b60e-45e2-9777-7c2dcb5f5692","timestamp":"2026-08-01T16:26:18.162Z","url":"/api/v1/analytics/branches-comparison"}
{"level":"info","message":"Request completed: GET /api/v1/analytics/performance?bypassCache=true [Status: 304] - 41ms","method":"GET","requestId":"126306f0-c7dd-4b54-9c9a-465a5533d64e","timestamp":"2026-08-01T16:26:18.190Z","url":"/api/v1/analytics/performance?bypassCache=true"}
{"level":"info","message":"Incoming request: GET /api/v1/predictions/history?limit=100","method":"GET","requestId":"23d0115a-3c89-4321-b896-233c9cf58cce","timestamp":"2026-08-01T16:26:18.248Z","url":"/api/v1/predictions/history?limit=100"}
{"level":"info","message":"Request completed: GET /api/v1/predictions/history?limit=100 [Status: 304] - 277ms","method":"GET","requestId":"23d0115a-3c89-4321-b896-233c9cf58cce","timestamp":"2026-08-01T16:26:18.524Z","url":"/api/v1/predictions/history?limit=100"}
{"level":"info","message":"Incoming request: GET /api/v1/analytics/dashboard?bypassCache=true","method":"GET","requestId":"d59fd97d-cbdf-4d79-bd87-2a152eb24998","timestamp":"2026-08-01T16:26:30.055Z","url":"/api/v1/analytics/dashboard?bypassCache=true"}
{"level":"info","message":"Request completed: GET /api/v1/analytics/dashboard?bypassCache=true [Status: 304] - 63ms","method":"GET","requestId":"d59fd97d-cbdf-4d79-bd87-2a152eb24998","timestamp":"2026-08-01T16:26:30.118Z","url":"/api/v1/analytics/dashboard?bypassCache=true"}
{"level":"info","message":"Incoming request: GET /api/v1/analytics/performance?bypassCache=true","method":"GET","requestId":"bd831a31-bc93-4d15-b97c-d7bcea024d1d","timestamp":"2026-08-01T16:26:30.139Z","url":"/api/v1/analytics/performance?bypassCache=true"}
{"level":"info","message":"Incoming request: GET /api/v1/analytics/branches-comparison","method":"GET","requestId":"0998d025-b5fc-4b69-b49f-43ea637c3fe1","timestamp":"2026-08-01T16:26:30.146Z","url":"/api/v1/analytics/branches-comparison"}
{"level":"info","message":"Request completed: GET /api/v1/analytics/branches-comparison [Status: 304] - 5ms","method":"GET","requestId":"0998d025-b5fc-4b69-b49f-43ea637c3fe1","timestamp":"2026-08-01T16:26:30.151Z","url":"/api/v1/analytics/branches-comparison"}
{"level":"info","message":"Request completed: GET /api/v1/analytics/performance?bypassCache=true [Status: 304] - 38ms","method":"GET","requestId":"bd831a31-bc93-4d15-b97c-d7bcea024d1d","timestamp":"2026-08-01T16:26:30.177Z","url":"/api/v1/analytics/performance?bypassCache=true"}
{"level":"info","message":"Incoming request: GET /api/v1/predictions/history?limit=100","method":"GET","requestId":"59d6319f-859c-40eb-88b7-d8bd4c09a975","timestamp":"2026-08-01T16:26:30.238Z","url":"/api/v1/predictions/history?limit=100"}
{"level":"info","message":"Request completed: GET /api/v1/predictions/history?limit=100 [Status: 304] - 42ms","method":"GET","requestId":"59d6319f-859c-40eb-88b7-d8bd4c09a975","timestamp":"2026-08-01T16:26:30.280Z","url":"/api/v1/predictions/history?limit=100"}
{"level":"info","message":"Incoming request: GET /api/v1/analytics/dashboard?bypassCache=true","method":"GET","requestId":"fd806489-a8a8-4cbd-81ad-44266c8b8900","timestamp":"2026-08-01T16:26:42.055Z","url":"/api/v1/analytics/dashboard?bypassCache=true"}
{"level":"info","message":"Request completed: GET /api/v1/analytics/dashboard?bypassCache=true [Status: 304] - 54ms","method":"GET","requestId":"fd806489-a8a8-4cbd-81ad-44266c8b8900","timestamp":"2026-08-01T16:26:42.109Z","url":"/api/v1/analytics/dashboard?bypassCache=true"}
{"level":"info","message":"Incoming request: GET /api/v1/analytics/performance?bypassCache=true","method":"GET","requestId":"6e233e68-4b91-49ef-9c30-0a28b53cdd34","timestamp":"2026-08-01T16:26:42.122Z","url":"/api/v1/analytics/performance?bypassCache=true"}
{"level":"info","message":"Incoming request: GET /api/v1/analytics/branches-comparison","method":"GET","requestId":"66d772c4-615f-4206-885d-fcec8dad2d8c","timestamp":"2026-08-01T16:26:42.129Z","url":"/api/v1/analytics/branches-comparison"}
{"level":"info","message":"Request completed: GET /api/v1/analytics/branches-comparison [Status: 304] - 4ms","method":"GET","requestId":"66d772c4-615f-4206-885d-fcec8dad2d8c","timestamp":"2026-08-01T16:26:42.133Z","url":"/api/v1/analytics/branches-comparison"}
{"level":"info","message":"Request completed: GET /api/v1/analytics/performance?bypassCache=true [Status: 304] - 34ms","method":"GET","requestId":"6e233e68-4b91-49ef-9c30-0a28b53cdd34","timestamp":"2026-08-01T16:26:42.156Z","url":"/api/v1/analytics/performance?bypassCache=true"}
{"level":"info","message":"Incoming request: GET /api/v1/predictions/history?limit=100","method":"GET","requestId":"6891f238-12c6-4719-87e1-14d4b9c7bd32","timestamp":"2026-08-01T16:26:42.211Z","url":"/api/v1/predictions/history?limit=100"}
{"level":"info","message":"Request completed: GET /api/v1/predictions/history?limit=100 [Status: 304] - 41ms","method":"GET","requestId":"6891f238-12c6-4719-87e1-14d4b9c7bd32","timestamp":"2026-08-01T16:26:42.252Z","url":"/api/v1/predictions/history?limit=100"}
{"level":"info","message":"Incoming request: GET /api/v1/analytics/dashboard?bypassCache=true","method":"GET","requestId":"34a6b236-3726-4e0f-8df9-789b3f4cd999","timestamp":"2026-08-01T16:26:54.053Z","url":"/api/v1/analytics/dashboard?bypassCache=true"}
{"level":"info","message":"Request completed: GET /api/v1/analytics/dashboard?bypassCache=true [Status: 304] - 49ms","method":"GET","requestId":"34a6b236-3726-4e0f-8df9-789b3f4cd999","timestamp":"2026-08-01T16:26:54.101Z","url":"/api/v1/analytics/dashboard?bypassCache=true"}
{"level":"info","message":"Incoming request: GET /api/v1/analytics/performance?bypassCache=true","method":"GET","requestId":"3bf1ab52-c6ad-4610-868c-d1ee2bdba5a2","timestamp":"2026-08-01T16:26:54.115Z","url":"/api/v1/analytics/performance?bypassCache=true"}
{"level":"info","message":"Incoming request: GET /api/v1/analytics/branches-comparison","method":"GET","requestId":"ae30af92-8359-4de1-aa4d-df15e090a0c7","timestamp":"2026-08-01T16:26:54.119Z","url":"/api/v1/analytics/branches-comparison"}
{"level":"info","message":"Request completed: GET /api/v1/analytics/branches-comparison [Status: 304] - 4ms","method":"GET","requestId":"ae30af92-8359-4de1-aa4d-df15e090a0c7","timestamp":"2026-08-01T16:26:54.123Z","url":"/api/v1/analytics/branches-comparison"}
{"level":"info","message":"Request completed: GET /api/v1/analytics/performance?bypassCache=true [Status: 304] - 27ms","method":"GET","requestId":"3bf1ab52-c6ad-4610-868c-d1ee2bdba5a2","timestamp":"2026-08-01T16:26:54.142Z","url":"/api/v1/analytics/performance?bypassCache=true"}
{"level":"info","message":"Incoming request: GET /api/v1/predictions/history?limit=100","method":"GET","requestId":"de43f598-a737-4a3f-a905-55f46e3964cc","timestamp":"2026-08-01T16:26:54.186Z","url":"/api/v1/predictions/history?limit=100"}
{"level":"info","message":"Request completed: GET /api/v1/predictions/history?limit=100 [Status: 304] - 28ms","method":"GET","requestId":"de43f598-a737-4a3f-a905-55f46e3964cc","timestamp":"2026-08-01T16:26:54.214Z","url":"/api/v1/predictions/history?limit=100"}
{"level":"info","message":"Incoming request: GET /api/v1/analytics/dashboard?bypassCache=true","method":"GET","requestId":"42f94e8f-535b-4dfd-a8b0-9b55099efd3e","timestamp":"2026-08-01T16:27:06.051Z","url":"/api/v1/analytics/dashboard?bypassCache=true"}
{"level":"info","message":"Request completed: GET /api/v1/analytics/dashboard?bypassCache=true [Status: 304] - 53ms","method":"GET","requestId":"42f94e8f-535b-4dfd-a8b0-9b55099efd3e","timestamp":"2026-08-01T16:27:06.104Z","url":"/api/v1/analytics/dashboard?bypassCache=true"}
{"level":"info","message":"Incoming request: GET /api/v1/analytics/performance?bypassCache=true","method":"GET","requestId":"08fcd4bd-0249-4f23-8df2-905032be4462","timestamp":"2026-08-01T16:27:06.116Z","url":"/api/v1/analytics/performance?bypassCache=true"}
{"level":"info","message":"Incoming request: GET /api/v1/analytics/branches-comparison","method":"GET","requestId":"8eaf0061-63b2-42e5-bea6-b800372f99d9","timestamp":"2026-08-01T16:27:06.122Z","url":"/api/v1/analytics/branches-comparison"}
{"level":"info","message":"Request completed: GET /api/v1/analytics/branches-comparison [Status: 304] - 3ms","method":"GET","requestId":"8eaf0061-63b2-42e5-bea6-b800372f99d9","timestamp":"2026-08-01T16:27:06.125Z","url":"/api/v1/analytics/branches-comparison"}
{"level":"info","message":"Request completed: GET /api/v1/analytics/performance?bypassCache=true [Status: 304] - 35ms","method":"GET","requestId":"08fcd4bd-0249-4f23-8df2-905032be4462","timestamp":"2026-08-01T16:27:06.151Z","url":"/api/v1/analytics/performance?bypassCache=true"}
{"level":"info","message":"Incoming request: GET /api/v1/predictions/history?limit=100","method":"GET","requestId":"73b507a6-1a35-423c-9d6e-f7e86b37bcd6","timestamp":"2026-08-01T16:27:06.172Z","url":"/api/v1/predictions/history?limit=100"}
{"level":"info","message":"Request completed: GET /api/v1/predictions/history?limit=100 [Status: 304] - 32ms","method":"GET","requestId":"73b507a6-1a35-423c-9d6e-f7e86b37bcd6","timestamp":"2026-08-01T16:27:06.204Z","url":"/api/v1/predictions/history?limit=100"}
{"level":"info","message":"Incoming request: GET /api/v1/analytics/dashboard?bypassCache=true","method":"GET","requestId":"2c316e6f-10e4-47a7-8976-5c69cf486d2b","timestamp":"2026-08-01T16:27:18.058Z","url":"/api/v1/analytics/dashboard?bypassCache=true"}
{"level":"info","message":"Request completed: GET /api/v1/analytics/dashboard?bypassCache=true [Status: 304] - 60ms","method":"GET","requestId":"2c316e6f-10e4-47a7-8976-5c69cf486d2b","timestamp":"2026-08-01T16:27:18.118Z","url":"/api/v1/analytics/dashboard?bypassCache=true"}
{"level":"info","message":"Incoming request: GET /api/v1/analytics/performance?bypassCache=true","method":"GET","requestId":"4c59e808-314b-4b10-ba3c-120550360dd2","timestamp":"2026-08-01T16:27:18.134Z","url":"/api/v1/analytics/performance?bypassCache=true"}
{"level":"info","message":"Incoming request: GET /api/v1/analytics/branches-comparison","method":"GET","requestId":"aa822b1f-5cd6-4638-b7da-8bc42d79f6a4","timestamp":"2026-08-01T16:27:18.139Z","url":"/api/v1/analytics/branches-comparison"}
{"level":"info","message":"Request completed: GET /api/v1/analytics/branches-comparison [Status: 304] - 3ms","method":"GET","requestId":"aa822b1f-5cd6-4638-b7da-8bc42d79f6a4","timestamp":"2026-08-01T16:27:18.142Z","url":"/api/v1/analytics/branches-comparison"}
{"level":"info","message":"Request completed: GET /api/v1/analytics/performance?bypassCache=true [Status: 304] - 27ms","method":"GET","requestId":"4c59e808-314b-4b10-ba3c-120550360dd2","timestamp":"2026-08-01T16:27:18.161Z","url":"/api/v1/analytics/performance?bypassCache=true"}
{"level":"info","message":"Incoming request: GET /api/v1/predictions/history?limit=100","method":"GET","requestId":"5a558325-6835-41fb-a29b-74bd7df125a7","timestamp":"2026-08-01T16:27:18.220Z","url":"/api/v1/predictions/history?limit=100"}
{"level":"info","message":"Request completed: GET /api/v1/predictions/history?limit=100 [Status: 304] - 23ms","method":"GET","requestId":"5a558325-6835-41fb-a29b-74bd7df125a7","timestamp":"2026-08-01T16:27:18.243Z","url":"/api/v1/predictions/history?limit=100"}
{"level":"info","message":"Incoming request: GET /api/v1/analytics/dashboard?bypassCache=true","method":"GET","requestId":"dd40c9bc-76a8-4dc1-a8b3-ca5020d1123e","timestamp":"2026-08-01T16:27:30.047Z","url":"/api/v1/analytics/dashboard?bypassCache=true"}
{"level":"info","message":"Request completed: GET /api/v1/analytics/dashboard?bypassCache=true [Status: 304] - 49ms","method":"GET","requestId":"dd40c9bc-76a8-4dc1-a8b3-ca5020d1123e","timestamp":"2026-08-01T16:27:30.096Z","url":"/api/v1/analytics/dashboard?bypassCache=true"}
{"level":"info","message":"Incoming request: GET /api/v1/analytics/performance?bypassCache=true","method":"GET","requestId":"166acfde-5846-4a89-bb78-b21e5410a9af","timestamp":"2026-08-01T16:27:30.112Z","url":"/api/v1/analytics/performance?bypassCache=true"}
{"level":"info","message":"Incoming request: GET /api/v1/analytics/branches-comparison","method":"GET","requestId":"c1c9ac4d-a6b5-44b6-826e-811606869ed5","timestamp":"2026-08-01T16:27:30.120Z","url":"/api/v1/analytics/branches-comparison"}
{"level":"info","message":"Request completed: GET /api/v1/analytics/branches-comparison [Status: 304] - 7ms","method":"GET","requestId":"c1c9ac4d-a6b5-44b6-826e-811606869ed5","timestamp":"2026-08-01T16:27:30.127Z","url":"/api/v1/analytics/branches-comparison"}
{"level":"info","message":"Request completed: GET /api/v1/analytics/performance?bypassCache=true [Status: 304] - 34ms","method":"GET","requestId":"166acfde-5846-4a89-bb78-b21e5410a9af","timestamp":"2026-08-01T16:27:30.146Z","url":"/api/v1/analytics/performance?bypassCache=true"}
{"level":"info","message":"Incoming request: GET /api/v1/predictions/history?limit=100","method":"GET","requestId":"96769415-abc9-4a35-8bbf-2dbbaab5701b","timestamp":"2026-08-01T16:27:30.261Z","url":"/api/v1/predictions/history?limit=100"}
{"level":"info","message":"Request completed: GET /api/v1/predictions/history?limit=100 [Status: 304] - 24ms","method":"GET","requestId":"96769415-abc9-4a35-8bbf-2dbbaab5701b","timestamp":"2026-08-01T16:27:30.286Z","url":"/api/v1/predictions/history?limit=100"}
{"level":"info","message":"Incoming request: GET /api/v1/analytics/dashboard?bypassCache=true","method":"GET","requestId":"f7c2c94c-514f-48d9-ac71-47168b381c55","timestamp":"2026-08-01T16:27:42.051Z","url":"/api/v1/analytics/dashboard?bypassCache=true"}
{"level":"info","message":"Request completed: GET /api/v1/analytics/dashboard?bypassCache=true [Status: 304] - 69ms","method":"GET","requestId":"f7c2c94c-514f-48d9-ac71-47168b381c55","timestamp":"2026-08-01T16:27:42.120Z","url":"/api/v1/analytics/dashboard?bypassCache=true"}
{"level":"info","message":"Incoming request: GET /api/v1/analytics/performance?bypassCache=true","method":"GET","requestId":"7038cef5-87dd-477b-b40d-2d6d24c86146","timestamp":"2026-08-01T16:27:42.135Z","url":"/api/v1/analytics/performance?bypassCache=true"}
{"level":"info","message":"Incoming request: GET /api/v1/analytics/branches-comparison","method":"GET","requestId":"5b76a3f6-3618-44b5-994f-b8e2bdfd6d22","timestamp":"2026-08-01T16:27:42.143Z","url":"/api/v1/analytics/branches-comparison"}
{"level":"info","message":"Request completed: GET /api/v1/analytics/branches-comparison [Status: 304] - 8ms","method":"GET","requestId":"5b76a3f6-3618-44b5-994f-b8e2bdfd6d22","timestamp":"2026-08-01T16:27:42.151Z","url":"/api/v1/analytics/branches-comparison"}
{"level":"info","message":"Request completed: GET /api/v1/analytics/performance?bypassCache=true [Status: 304] - 40ms","method":"GET","requestId":"7038cef5-87dd-477b-b40d-2d6d24c86146","timestamp":"2026-08-01T16:27:42.175Z","url":"/api/v1/analytics/performance?bypassCache=true"}
{"level":"info","message":"Incoming request: GET /api/v1/predictions/history?limit=100","method":"GET","requestId":"3f3ba4aa-5f68-4ba5-80b8-9269067bf9d1","timestamp":"2026-08-01T16:27:42.290Z","url":"/api/v1/predictions/history?limit=100"}
{"level":"info","message":"Request completed: GET /api/v1/predictions/history?limit=100 [Status: 304] - 27ms","method":"GET","requestId":"3f3ba4aa-5f68-4ba5-80b8-9269067bf9d1","timestamp":"2026-08-01T16:27:42.317Z","url":"/api/v1/predictions/history?limit=100"}
{"level":"info","message":"Incoming request: GET /api/v1/analytics/dashboard?bypassCache=true","method":"GET","requestId":"c983f9a8-f158-4063-af20-63a38c8802e9","timestamp":"2026-08-01T16:27:54.063Z","url":"/api/v1/analytics/dashboard?bypassCache=true"}
{"level":"info","message":"Request completed: GET /api/v1/analytics/dashboard?bypassCache=true [Status: 304] - 75ms","method":"GET","requestId":"c983f9a8-f158-4063-af20-63a38c8802e9","timestamp":"2026-08-01T16:27:54.138Z","url":"/api/v1/analytics/dashboard?bypassCache=true"}
{"level":"info","message":"Incoming request: GET /api/v1/analytics/performance?bypassCache=true","method":"GET","requestId":"ce359f3f-5909-4aeb-93d2-b6f47a91e652","timestamp":"2026-08-01T16:27:54.155Z","url":"/api/v1/analytics/performance?bypassCache=true"}
{"level":"info","message":"Incoming request: GET /api/v1/analytics/branches-comparison","method":"GET","requestId":"35413db5-48fa-4d7b-b4b5-39a45bfe91b9","timestamp":"2026-08-01T16:27:54.163Z","url":"/api/v1/analytics/branches-comparison"}
{"level":"info","message":"Request completed: GET /api/v1/analytics/branches-comparison [Status: 304] - 7ms","method":"GET","requestId":"35413db5-48fa-4d7b-b4b5-39a45bfe91b9","timestamp":"2026-08-01T16:27:54.170Z","url":"/api/v1/analytics/branches-comparison"}
{"level":"info","message":"Request completed: GET /api/v1/analytics/performance?bypassCache=true [Status: 304] - 41ms","method":"GET","requestId":"ce359f3f-5909-4aeb-93d2-b6f47a91e652","timestamp":"2026-08-01T16:27:54.196Z","url":"/api/v1/analytics/performance?bypassCache=true"}
{"level":"info","message":"Incoming request: GET /api/v1/predictions/history?limit=100","method":"GET","requestId":"533b7043-8cb4-4770-bd99-2b2f1180d65c","timestamp":"2026-08-01T16:27:54.283Z","url":"/api/v1/predictions/history?limit=100"}
{"level":"info","message":"Request completed: GET /api/v1/predictions/history?limit=100 [Status: 304] - 28ms","method":"GET","requestId":"533b7043-8cb4-4770-bd99-2b2f1180d65c","timestamp":"2026-08-01T16:27:54.311Z","url":"/api/v1/predictions/history?limit=100"}
{"level":"info","message":"Incoming request: GET /api/v1/analytics/dashboard?bypassCache=true","method":"GET","requestId":"52aec6c0-842c-403b-a3f7-e8e9c928a348","timestamp":"2026-08-01T16:28:06.058Z","url":"/api/v1/analytics/dashboard?bypassCache=true"}
{"level":"info","message":"Request completed: GET /api/v1/analytics/dashboard?bypassCache=true [Status: 304] - 54ms","method":"GET","requestId":"52aec6c0-842c-403b-a3f7-e8e9c928a348","timestamp":"2026-08-01T16:28:06.112Z","url":"/api/v1/analytics/dashboard?bypassCache=true"}
{"level":"info","message":"Incoming request: GET /api/v1/analytics/performance?bypassCache=true","method":"GET","requestId":"b90adaaf-218c-4c5d-b484-431a8d55bb57","timestamp":"2026-08-01T16:28:06.125Z","url":"/api/v1/analytics/performance?bypassCache=true"}
{"level":"info","message":"Incoming request: GET /api/v1/analytics/branches-comparison","method":"GET","requestId":"eb618afe-c890-4bef-973b-be604600132b","timestamp":"2026-08-01T16:28:06.130Z","url":"/api/v1/analytics/branches-comparison"}
{"level":"info","message":"Request completed: GET /api/v1/analytics/branches-comparison [Status: 429] - 6ms","method":"GET","requestId":"eb618afe-c890-4bef-973b-be604600132b","timestamp":"2026-08-01T16:28:06.136Z","url":"/api/v1/analytics/branches-comparison"}
{"level":"info","message":"Request completed: GET /api/v1/analytics/performance?bypassCache=true [Status: 304] - 32ms","method":"GET","requestId":"b90adaaf-218c-4c5d-b484-431a8d55bb57","timestamp":"2026-08-01T16:28:06.157Z","url":"/api/v1/analytics/performance?bypassCache=true"}
{"level":"info","message":"Incoming request: GET /api/v1/analytics/dashboard?bypassCache=true","method":"GET","requestId":"bd32cdba-3bba-430f-baaf-1f7c8149e440","timestamp":"2026-08-01T16:28:18.061Z","url":"/api/v1/analytics/dashboard?bypassCache=true"}
{"level":"info","message":"Request completed: GET /api/v1/analytics/dashboard?bypassCache=true [Status: 429] - 5ms","method":"GET","requestId":"bd32cdba-3bba-430f-baaf-1f7c8149e440","timestamp":"2026-08-01T16:28:18.064Z","url":"/api/v1/analytics/dashboard?bypassCache=true"}
{"level":"info","message":"Incoming request: GET /api/v1/analytics/dashboard?bypassCache=false","method":"GET","requestId":"01be2f47-5481-4d63-a940-30511147db76","timestamp":"2026-08-01T16:28:23.843Z","url":"/api/v1/analytics/dashboard?bypassCache=false"}
{"level":"info","message":"Request completed: GET /api/v1/analytics/dashboard?bypassCache=false [Status: 429] - 4ms","method":"GET","requestId":"01be2f47-5481-4d63-a940-30511147db76","timestamp":"2026-08-01T16:28:23.847Z","url":"/api/v1/analytics/dashboard?bypassCache=false"}
{"level":"info","message":"Incoming request: GET /api/v1/analytics/dashboard?bypassCache=true","method":"GET","requestId":"17d7df16-ae3f-4c48-af11-be6390f3121b","timestamp":"2026-08-01T16:28:34.627Z","url":"/api/v1/analytics/dashboard?bypassCache=true"}
{"level":"info","message":"Request completed: GET /api/v1/analytics/dashboard?bypassCache=true [Status: 429] - 4ms","method":"GET","requestId":"17d7df16-ae3f-4c48-af11-be6390f3121b","timestamp":"2026-08-01T16:28:34.631Z","url":"/api/v1/analytics/dashboard?bypassCache=true"}
{"level":"info","message":"Incoming request: GET /api/v1/analytics/dashboard?bypassCache=true","method":"GET","requestId":"01cad323-86c1-4f1f-ad1e-6355175b5dd5","timestamp":"2026-08-01T16:28:46.633Z","url":"/api/v1/analytics/dashboard?bypassCache=true"}
{"level":"info","message":"Request completed: GET /api/v1/analytics/dashboard?bypassCache=true [Status: 429] - 4ms","method":"GET","requestId":"01cad323-86c1-4f1f-ad1e-6355175b5dd5","timestamp":"2026-08-01T16:28:46.637Z","url":"/api/v1/analytics/dashboard?bypassCache=true"}
{"level":"info","message":"Incoming request: GET /api/v1/analytics/dashboard?bypassCache=true","method":"GET","requestId":"0a43fe84-b9cf-4026-a49e-e1c37543aea3","timestamp":"2026-08-01T16:28:58.629Z","url":"/api/v1/analytics/dashboard?bypassCache=true"}
{"level":"info","message":"Request completed: GET /api/v1/analytics/dashboard?bypassCache=true [Status: 429] - 4ms","method":"GET","requestId":"0a43fe84-b9cf-4026-a49e-e1c37543aea3","timestamp":"2026-08-01T16:28:58.633Z","url":"/api/v1/analytics/dashboard?bypassCache=true"}
{"level":"info","message":"Incoming request: GET /api/v1/analytics/dashboard?bypassCache=true","method":"GET","requestId":"cffdfa04-98c3-4c09-b03f-da5b28d379c1","timestamp":"2026-08-01T16:29:10.630Z","url":"/api/v1/analytics/dashboard?bypassCache=true"}
{"level":"info","message":"Request completed: GET /api/v1/analytics/dashboard?bypassCache=true [Status: 429] - 4ms","method":"GET","requestId":"cffdfa04-98c3-4c09-b03f-da5b28d379c1","timestamp":"2026-08-01T16:29:10.634Z","url":"/api/v1/analytics/dashboard?bypassCache=true"}
{"level":"info","message":"Incoming request: GET /api/v1/analytics/dashboard?bypassCache=false","method":"GET","requestId":"4209ba2b-7675-4942-81f5-4de204ccb36e","timestamp":"2026-08-01T16:29:17.289Z","url":"/api/v1/analytics/dashboard?bypassCache=false"}
{"level":"info","message":"Request completed: GET /api/v1/analytics/dashboard?bypassCache=false [Status: 429] - 3ms","method":"GET","requestId":"4209ba2b-7675-4942-81f5-4de204ccb36e","timestamp":"2026-08-01T16:29:17.292Z","url":"/api/v1/analytics/dashboard?bypassCache=false"}
{"level":"info","message":"Incoming request: GET /api/v1/analytics/dashboard?bypassCache=false","method":"GET","requestId":"597fa43d-5392-4865-a6fd-883adae3ac3d","timestamp":"2026-08-01T16:29:21.963Z","url":"/api/v1/analytics/dashboard?bypassCache=false"}
{"level":"info","message":"Request completed: GET /api/v1/analytics/dashboard?bypassCache=false [Status: 429] - 7ms","method":"GET","requestId":"597fa43d-5392-4865-a6fd-883adae3ac3d","timestamp":"2026-08-01T16:29:21.970Z","url":"/api/v1/analytics/dashboard?bypassCache=false"}
{"level":"info","message":"Incoming request: GET /api/v1/analytics/dashboard?bypassCache=true","method":"GET","requestId":"728ff6d0-3dab-41c8-bb91-e6ff802d6517","timestamp":"2026-08-01T16:29:33.680Z","url":"/api/v1/analytics/dashboard?bypassCache=true"}
{"level":"info","message":"Request completed: GET /api/v1/analytics/dashboard?bypassCache=true [Status: 429] - 2ms","method":"GET","requestId":"728ff6d0-3dab-41c8-bb91-e6ff802d6517","timestamp":"2026-08-01T16:29:33.682Z","url":"/api/v1/analytics/dashboard?bypassCache=true"}
{"level":"info","message":"Incoming request: GET /api/v1/analytics/dashboard?bypassCache=true","method":"GET","requestId":"dfc50fcd-af2a-49e5-acf4-c6d68e966c5c","timestamp":"2026-08-01T16:29:45.673Z","url":"/api/v1/analytics/dashboard?bypassCache=true"}
{"level":"info","message":"Request completed: GET /api/v1/analytics/dashboard?bypassCache=true [Status: 429] - 6ms","method":"GET","requestId":"dfc50fcd-af2a-49e5-acf4-c6d68e966c5c","timestamp":"2026-08-01T16:29:45.679Z","url":"/api/v1/analytics/dashboard?bypassCache=true"}
{"level":"info","message":"Incoming request: GET /api/v1/analytics/dashboard?bypassCache=true","method":"GET","requestId":"c7cb6124-ae46-4d2b-a980-56a2ba589b6f","timestamp":"2026-08-01T16:29:57.672Z","url":"/api/v1/analytics/dashboard?bypassCache=true"}
{"level":"info","message":"Request completed: GET /api/v1/analytics/dashboard?bypassCache=true [Status: 429] - 3ms","method":"GET","requestId":"c7cb6124-ae46-4d2b-a980-56a2ba589b6f","timestamp":"2026-08-01T16:29:57.675Z","url":"/api/v1/analytics/dashboard?bypassCache=true"}
{"level":"info","message":"Incoming request: GET /api/v1/analytics/dashboard?bypassCache=true","method":"GET","requestId":"5ac5ea0c-0b43-421a-9a89-eccd5916f4ef","timestamp":"2026-08-01T16:30:09.678Z","url":"/api/v1/analytics/dashboard?bypassCache=true"}
{"level":"info","message":"Request completed: GET /api/v1/analytics/dashboard?bypassCache=true [Status: 429] - 4ms","method":"GET","requestId":"5ac5ea0c-0b43-421a-9a89-eccd5916f4ef","timestamp":"2026-08-01T16:30:09.682Z","url":"/api/v1/analytics/dashboard?bypassCache=true"}
{"level":"info","message":"Incoming request: GET /api/v1/analytics/dashboard?bypassCache=true","method":"GET","requestId":"3f79ed43-f1ce-40a5-8ceb-6935d9ec87f4","timestamp":"2026-08-01T16:30:21.684Z","url":"/api/v1/analytics/dashboard?bypassCache=true"}
{"level":"info","message":"Request completed: GET /api/v1/analytics/dashboard?bypassCache=true [Status: 429] - 4ms","method":"GET","requestId":"3f79ed43-f1ce-40a5-8ceb-6935d9ec87f4","timestamp":"2026-08-01T16:30:21.688Z","url":"/api/v1/analytics/dashboard?bypassCache=true"}
{"level":"info","message":"Incoming request: GET /api/v1/analytics/dashboard?bypassCache=true","method":"GET","requestId":"c4ffeb7b-d0ab-401a-aee1-7f1462c56e33","timestamp":"2026-08-01T16:30:33.669Z","url":"/api/v1/analytics/dashboard?bypassCache=true"}
{"level":"info","message":"Request completed: GET /api/v1/analytics/dashboard?bypassCache=true [Status: 429] - 3ms","method":"GET","requestId":"c4ffeb7b-d0ab-401a-aee1-7f1462c56e33","timestamp":"2026-08-01T16:30:33.672Z","url":"/api/v1/analytics/dashboard?bypassCache=true"}
{"level":"info","message":"Incoming request: GET /api/v1/analytics/dashboard?bypassCache=true","method":"GET","requestId":"5741cffc-ff26-4f32-838c-b512018a92af","timestamp":"2026-08-01T16:30:45.670Z","url":"/api/v1/analytics/dashboard?bypassCache=true"}
{"level":"info","message":"Request completed: GET /api/v1/analytics/dashboard?bypassCache=true [Status: 429] - 4ms","method":"GET","requestId":"5741cffc-ff26-4f32-838c-b512018a92af","timestamp":"2026-08-01T16:30:45.674Z","url":"/api/v1/analytics/dashboard?bypassCache=true"}
{"level":"info","message":"Incoming request: GET /api/v1/analytics/dashboard?bypassCache=true","method":"GET","requestId":"e08c7f90-09da-4836-831f-3671083c09ea","timestamp":"2026-08-01T16:30:57.670Z","url":"/api/v1/analytics/dashboard?bypassCache=true"}
{"level":"info","message":"Request completed: GET /api/v1/analytics/dashboard?bypassCache=true [Status: 429] - 3ms","method":"GET","requestId":"e08c7f90-09da-4836-831f-3671083c09ea","timestamp":"2026-08-01T16:30:57.673Z","url":"/api/v1/analytics/dashboard?bypassCache=true"}
{"level":"info","message":"Incoming request: GET /api/v1/analytics/dashboard?bypassCache=true","method":"GET","requestId":"f2fbc25c-2e19-4387-af75-c76320ab7a13","timestamp":"2026-08-01T16:31:09.674Z","url":"/api/v1/analytics/dashboard?bypassCache=true"}
{"level":"info","message":"Request completed: GET /api/v1/analytics/dashboard?bypassCache=true [Status: 429] - 4ms","method":"GET","requestId":"f2fbc25c-2e19-4387-af75-c76320ab7a13","timestamp":"2026-08-01T16:31:09.678Z","url":"/api/v1/analytics/dashboard?bypassCache=true"}
{"level":"info","message":"Incoming request: GET /api/v1/analytics/dashboard?bypassCache=true","method":"GET","requestId":"3b8612df-f79d-4051-a985-d35bcbbafc84","timestamp":"2026-08-01T16:31:21.675Z","url":"/api/v1/analytics/dashboard?bypassCache=true"}
{"level":"info","message":"Request completed: GET /api/v1/analytics/dashboard?bypassCache=true [Status: 429] - 4ms","method":"GET","requestId":"3b8612df-f79d-4051-a985-d35bcbbafc84","timestamp":"2026-08-01T16:31:21.679Z","url":"/api/v1/analytics/dashboard?bypassCache=true"}
{"level":"info","message":"Incoming request: GET /api/v1/analytics/dashboard?bypassCache=false","method":"GET","requestId":"cc00b7e9-037b-4d21-ab9b-6e1cd15c21bd","timestamp":"2026-08-01T16:31:32.618Z","url":"/api/v1/analytics/dashboard?bypassCache=false"}
{"level":"info","message":"Request completed: GET /api/v1/analytics/dashboard?bypassCache=false [Status: 429] - 5ms","method":"GET","requestId":"cc00b7e9-037b-4d21-ab9b-6e1cd15c21bd","timestamp":"2026-08-01T16:31:32.623Z","url":"/api/v1/analytics/dashboard?bypassCache=false"}
{"level":"info","message":"Incoming request: GET /api/v1/analytics/dashboard?bypassCache=false","method":"GET","requestId":"fc6c148f-9d04-47d7-ade8-8fc068bd51e0","timestamp":"2026-08-01T16:31:32.631Z","url":"/api/v1/analytics/dashboard?bypassCache=false"}
{"level":"info","message":"Request completed: GET /api/v1/analytics/dashboard?bypassCache=false [Status: 429] - 2ms","method":"GET","requestId":"fc6c148f-9d04-47d7-ade8-8fc068bd51e0","timestamp":"2026-08-01T16:31:32.633Z","url":"/api/v1/analytics/dashboard?bypassCache=false"}
{"level":"info","message":"Incoming request: GET /api/v1/analytics/dashboard?bypassCache=true","method":"GET","requestId":"d84ea0a8-3c08-4434-b956-6d8ab56d88f4","timestamp":"2026-08-01T16:31:44.619Z","url":"/api/v1/analytics/dashboard?bypassCache=true"}
{"level":"info","message":"Request completed: GET /api/v1/analytics/dashboard?bypassCache=true [Status: 429] - 3ms","method":"GET","requestId":"d84ea0a8-3c08-4434-b956-6d8ab56d88f4","timestamp":"2026-08-01T16:31:44.622Z","url":"/api/v1/analytics/dashboard?bypassCache=true"}
{"level":"info","message":"Incoming request: GET /api/v1/analytics/dashboard?bypassCache=true","method":"GET","requestId":"e88adcfb-7b81-4388-afba-18f6410c87d3","timestamp":"2026-08-01T16:31:56.626Z","url":"/api/v1/analytics/dashboard?bypassCache=true"}
{"level":"info","message":"Request completed: GET /api/v1/analytics/dashboard?bypassCache=true [Status: 429] - 5ms","method":"GET","requestId":"e88adcfb-7b81-4388-afba-18f6410c87d3","timestamp":"2026-08-01T16:31:56.631Z","url":"/api/v1/analytics/dashboard?bypassCache=true"}
{"level":"info","message":"Incoming request: GET /api/v1/analytics/dashboard?bypassCache=true","method":"GET","requestId":"1a74f76b-2d59-484a-b3b3-e3c957405d16","timestamp":"2026-08-01T16:32:08.629Z","url":"/api/v1/analytics/dashboard?bypassCache=true"}
{"level":"info","message":"Request completed: GET /api/v1/analytics/dashboard?bypassCache=true [Status: 429] - 3ms","method":"GET","requestId":"1a74f76b-2d59-484a-b3b3-e3c957405d16","timestamp":"2026-08-01T16:32:08.632Z","url":"/api/v1/analytics/dashboard?bypassCache=true"}
{"level":"info","message":"Incoming request: GET /api/v1/analytics/dashboard?bypassCache=true","method":"GET","requestId":"a8e4181a-30ae-4757-aa75-f19eaaa4d9a5","timestamp":"2026-08-01T16:32:20.620Z","url":"/api/v1/analytics/dashboard?bypassCache=true"}
{"level":"info","message":"Request completed: GET /api/v1/analytics/dashboard?bypassCache=true [Status: 429] - 3ms","method":"GET","requestId":"a8e4181a-30ae-4757-aa75-f19eaaa4d9a5","timestamp":"2026-08-01T16:32:20.623Z","url":"/api/v1/analytics/dashboard?bypassCache=true"}
{"level":"info","message":"Incoming request: GET /api/v1/analytics/dashboard?bypassCache=true","method":"GET","requestId":"962bb07e-a145-4c52-a926-8dc1c90afda9","timestamp":"2026-08-01T16:32:32.634Z","url":"/api/v1/analytics/dashboard?bypassCache=true"}
{"level":"info","message":"Request completed: GET /api/v1/analytics/dashboard?bypassCache=true [Status: 429] - 3ms","method":"GET","requestId":"962bb07e-a145-4c52-a926-8dc1c90afda9","timestamp":"2026-08-01T16:32:32.637Z","url":"/api/v1/analytics/dashboard?bypassCache=true"}
{"level":"info","message":"Incoming request: GET /api/v1/analytics/dashboard?bypassCache=true","method":"GET","requestId":"eaa39d42-b05a-4f40-9c21-34ee9256b2f3","timestamp":"2026-08-01T16:32:44.625Z","url":"/api/v1/analytics/dashboard?bypassCache=true"}
{"level":"info","message":"Request completed: GET /api/v1/analytics/dashboard?bypassCache=true [Status: 429] - 4ms","method":"GET","requestId":"eaa39d42-b05a-4f40-9c21-34ee9256b2f3","timestamp":"2026-08-01T16:32:44.628Z","url":"/api/v1/analytics/dashboard?bypassCache=true"}
{"level":"info","message":"Incoming request: GET /api/v1/analytics/dashboard?bypassCache=true","method":"GET","requestId":"df7eb1e3-0b76-4353-a8c9-2259781ce4a6","timestamp":"2026-08-01T16:32:56.641Z","url":"/api/v1/analytics/dashboard?bypassCache=true"}
{"level":"info","message":"Request completed: GET /api/v1/analytics/dashboard?bypassCache=true [Status: 429] - 3ms","method":"GET","requestId":"df7eb1e3-0b76-4353-a8c9-2259781ce4a6","timestamp":"2026-08-01T16:32:56.644Z","url":"/api/v1/analytics/dashboard?bypassCache=true"}
{"level":"info","message":"Incoming request: GET /api/v1/analytics/dashboard?bypassCache=true","method":"GET","requestId":"e01bb9eb-7ae4-4ff7-87b7-b64815ac0bae","timestamp":"2026-08-01T16:33:08.618Z","url":"/api/v1/analytics/dashboard?bypassCache=true"}
{"level":"info","message":"Request completed: GET /api/v1/analytics/dashboard?bypassCache=true [Status: 429] - 4ms","method":"GET","requestId":"e01bb9eb-7ae4-4ff7-87b7-b64815ac0bae","timestamp":"2026-08-01T16:33:08.622Z","url":"/api/v1/analytics/dashboard?bypassCache=true"}
{"level":"info","message":"Incoming request: GET /api/v1/analytics/dashboard?bypassCache=true","method":"GET","requestId":"c8b80d91-5685-4076-a87f-b2c1f28a7f18","timestamp":"2026-08-01T16:33:20.626Z","url":"/api/v1/analytics/dashboard?bypassCache=true"}
{"level":"info","message":"Request completed: GET /api/v1/analytics/dashboard?bypassCache=true [Status: 429] - 4ms","method":"GET","requestId":"c8b80d91-5685-4076-a87f-b2c1f28a7f18","timestamp":"2026-08-01T16:33:20.630Z","url":"/api/v1/analytics/dashboard?bypassCache=true"}
{"level":"info","message":"Incoming request: GET /api/v1/analytics/dashboard?bypassCache=true","method":"GET","requestId":"642de4e8-9b08-457b-9ad3-7a3162385dd7","timestamp":"2026-08-01T16:33:32.627Z","url":"/api/v1/analytics/dashboard?bypassCache=true"}
{"level":"info","message":"Request completed: GET /api/v1/analytics/dashboard?bypassCache=true [Status: 429] - 4ms","method":"GET","requestId":"642de4e8-9b08-457b-9ad3-7a3162385dd7","timestamp":"2026-08-01T16:33:32.631Z","url":"/api/v1/analytics/dashboard?bypassCache=true"}
{"level":"info","message":"Incoming request: GET /api/v1/analytics/dashboard?bypassCache=true","method":"GET","requestId":"a1830d6a-1b26-4681-9160-d0540e1ced07","timestamp":"2026-08-01T16:33:44.616Z","url":"/api/v1/analytics/dashboard?bypassCache=true"}
{"level":"info","message":"Request completed: GET /api/v1/analytics/dashboard?bypassCache=true [Status: 429] - 6ms","method":"GET","requestId":"a1830d6a-1b26-4681-9160-d0540e1ced07","timestamp":"2026-08-01T16:33:44.622Z","url":"/api/v1/analytics/dashboard?bypassCache=true"}
{"level":"info","message":"Incoming request: GET /api/v1/analytics/dashboard?bypassCache=true","method":"GET","requestId":"a384fb36-5671-4b6f-84d8-9a506aee3989","timestamp":"2026-08-01T16:33:56.621Z","url":"/api/v1/analytics/dashboard?bypassCache=true"}
{"level":"info","message":"Request completed: GET /api/v1/analytics/dashboard?bypassCache=true [Status: 429] - 2ms","method":"GET","requestId":"a384fb36-5671-4b6f-84d8-9a506aee3989","timestamp":"2026-08-01T16:33:56.623Z","url":"/api/v1/analytics/dashboard?bypassCache=true"}
{"level":"info","message":"Incoming request: GET /api/v1/analytics/dashboard?bypassCache=true","method":"GET","requestId":"c9328ebb-6165-48a0-838b-5e031cc790f8","timestamp":"2026-08-01T16:34:08.621Z","url":"/api/v1/analytics/dashboard?bypassCache=true"}
{"level":"info","message":"Request completed: GET /api/v1/analytics/dashboard?bypassCache=true [Status: 429] - 3ms","method":"GET","requestId":"c9328ebb-6165-48a0-838b-5e031cc790f8","timestamp":"2026-08-01T16:34:08.624Z","url":"/api/v1/analytics/dashboard?bypassCache=true"}
{"level":"info","message":"Incoming request: GET /api/v1/analytics/dashboard?bypassCache=true","method":"GET","requestId":"00783cfd-1890-4d8b-9bc1-ec6b890d58b9","timestamp":"2026-08-01T16:34:20.625Z","url":"/api/v1/analytics/dashboard?bypassCache=true"}
{"level":"info","message":"Request completed: GET /api/v1/analytics/dashboard?bypassCache=true [Status: 429] - 2ms","method":"GET","requestId":"00783cfd-1890-4d8b-9bc1-ec6b890d58b9","timestamp":"2026-08-01T16:34:20.627Z","url":"/api/v1/analytics/dashboard?bypassCache=true"}
{"level":"info","message":"Incoming request: GET /api/v1/analytics/dashboard?bypassCache=true","method":"GET","requestId":"a4d8830e-981a-4e6f-90b5-82944064787f","timestamp":"2026-08-01T16:34:32.618Z","url":"/api/v1/analytics/dashboard?bypassCache=true"}
{"level":"info","message":"Request completed: GET /api/v1/analytics/dashboard?bypassCache=true [Status: 429] - 4ms","method":"GET","requestId":"a4d8830e-981a-4e6f-90b5-82944064787f","timestamp":"2026-08-01T16:34:32.622Z","url":"/api/v1/analytics/dashboard?bypassCache=true"}
{"level":"info","message":"Incoming request: GET /api/v1/analytics/dashboard?bypassCache=true","method":"GET","requestId":"ecfcf249-00d6-4f69-aee6-e614852d3a5b","timestamp":"2026-08-01T16:34:44.625Z","url":"/api/v1/analytics/dashboard?bypassCache=true"}
{"level":"info","message":"Request completed: GET /api/v1/analytics/dashboard?bypassCache=true [Status: 429] - 2ms","method":"GET","requestId":"ecfcf249-00d6-4f69-aee6-e614852d3a5b","timestamp":"2026-08-01T16:34:44.627Z","url":"/api/v1/analytics/dashboard?bypassCache=true"}
{"level":"info","message":"Incoming request: GET /api/v1/analytics/dashboard?bypassCache=true","method":"GET","requestId":"c3bb8cdc-bfa8-4d37-8792-24b27e263301","timestamp":"2026-08-01T16:34:56.624Z","url":"/api/v1/analytics/dashboard?bypassCache=true"}
{"level":"info","message":"Request completed: GET /api/v1/analytics/dashboard?bypassCache=true [Status: 429] - 4ms","method":"GET","requestId":"c3bb8cdc-bfa8-4d37-8792-24b27e263301","timestamp":"2026-08-01T16:34:56.627Z","url":"/api/v1/analytics/dashboard?bypassCache=true"}
{"level":"info","message":"Incoming request: GET /api/v1/analytics/dashboard?bypassCache=true","method":"GET","requestId":"ced16cf7-7a85-491a-ab65-cbe23a7305eb","timestamp":"2026-08-01T16:35:08.616Z","url":"/api/v1/analytics/dashboard?bypassCache=true"}
{"level":"info","message":"Request completed: GET /api/v1/analytics/dashboard?bypassCache=true [Status: 429] - 3ms","method":"GET","requestId":"ced16cf7-7a85-491a-ab65-cbe23a7305eb","timestamp":"2026-08-01T16:35:08.619Z","url":"/api/v1/analytics/dashboard?bypassCache=true"}
{"level":"info","message":"Incoming request: GET /api/v1/analytics/dashboard?bypassCache=true","method":"GET","requestId":"b200bc53-6d59-4bfb-b7db-ab00f10efdd5","timestamp":"2026-08-01T16:35:20.618Z","url":"/api/v1/analytics/dashboard?bypassCache=true"}
{"level":"info","message":"Request completed: GET /api/v1/analytics/dashboard?bypassCache=true [Status: 429] - 3ms","method":"GET","requestId":"b200bc53-6d59-4bfb-b7db-ab00f10efdd5","timestamp":"2026-08-01T16:35:20.621Z","url":"/api/v1/analytics/dashboard?bypassCache=true"}
{"level":"info","message":"Incoming request: GET /api/v1/analytics/dashboard?bypassCache=true","method":"GET","requestId":"69fc7d2a-1995-4ece-86b0-7dc0c014d9c4","timestamp":"2026-08-01T16:35:32.625Z","url":"/api/v1/analytics/dashboard?bypassCache=true"}
{"level":"info","message":"Request completed: GET /api/v1/analytics/dashboard?bypassCache=true [Status: 429] - 3ms","method":"GET","requestId":"69fc7d2a-1995-4ece-86b0-7dc0c014d9c4","timestamp":"2026-08-01T16:35:32.628Z","url":"/api/v1/analytics/dashboard?bypassCache=true"}
{"level":"info","message":"Incoming request: GET /api/v1/analytics/dashboard?bypassCache=true","method":"GET","requestId":"d667d1ec-edcd-4287-88be-ff6037cefad6","timestamp":"2026-08-01T16:35:44.621Z","url":"/api/v1/analytics/dashboard?bypassCache=true"}
{"level":"info","message":"Request completed: GET /api/v1/analytics/dashboard?bypassCache=true [Status: 429] - 3ms","method":"GET","requestId":"d667d1ec-edcd-4287-88be-ff6037cefad6","timestamp":"2026-08-01T16:35:44.624Z","url":"/api/v1/analytics/dashboard?bypassCache=true"}
{"level":"info","message":"Incoming request: GET /api/v1/analytics/dashboard?bypassCache=true","method":"GET","requestId":"b0af2394-2a37-40e3-b750-17b7999f7b95","timestamp":"2026-08-01T16:35:56.623Z","url":"/api/v1/analytics/dashboard?bypassCache=true"}
{"level":"info","message":"Request completed: GET /api/v1/analytics/dashboard?bypassCache=true [Status: 429] - 3ms","method":"GET","requestId":"b0af2394-2a37-40e3-b750-17b7999f7b95","timestamp":"2026-08-01T16:35:56.626Z","url":"/api/v1/analytics/dashboard?bypassCache=true"}
{"level":"info","message":"Incoming request: GET /api/v1/analytics/dashboard?bypassCache=true","method":"GET","requestId":"f2853fca-9493-4f27-a995-f894f352e2b0","timestamp":"2026-08-01T16:36:08.627Z","url":"/api/v1/analytics/dashboard?bypassCache=true"}
{"level":"info","message":"Request completed: GET /api/v1/analytics/dashboard?bypassCache=true [Status: 429] - 3ms","method":"GET","requestId":"f2853fca-9493-4f27-a995-f894f352e2b0","timestamp":"2026-08-01T16:36:08.630Z","url":"/api/v1/analytics/dashboard?bypassCache=true"}
{"level":"info","message":"Incoming request: GET /api/v1/analytics/dashboard?bypassCache=true","method":"GET","requestId":"6e2959d3-edc4-4b7d-9f45-b7ee86235a35","timestamp":"2026-08-01T16:36:20.628Z","url":"/api/v1/analytics/dashboard?bypassCache=true"}
{"level":"info","message":"Request completed: GET /api/v1/analytics/dashboard?bypassCache=true [Status: 429] - 3ms","method":"GET","requestId":"6e2959d3-edc4-4b7d-9f45-b7ee86235a35","timestamp":"2026-08-01T16:36:20.631Z","url":"/api/v1/analytics/dashboard?bypassCache=true"}
{"level":"info","message":"Incoming request: GET /api/v1/analytics/dashboard?bypassCache=true","method":"GET","requestId":"7a73ed36-4463-4395-ac30-bc62a33d9f34","timestamp":"2026-08-01T16:36:32.620Z","url":"/api/v1/analytics/dashboard?bypassCache=true"}
{"level":"info","message":"Request completed: GET /api/v1/analytics/dashboard?bypassCache=true [Status: 429] - 3ms","method":"GET","requestId":"7a73ed36-4463-4395-ac30-bc62a33d9f34","timestamp":"2026-08-01T16:36:32.623Z","url":"/api/v1/analytics/dashboard?bypassCache=true"}
{"level":"info","message":"Incoming request: GET /api/v1/analytics/dashboard?bypassCache=true","method":"GET","requestId":"52b736e3-09dc-4093-bcc5-250a2fb5c38a","timestamp":"2026-08-01T16:36:44.618Z","url":"/api/v1/analytics/dashboard?bypassCache=true"}
{"level":"info","message":"Request completed: GET /api/v1/analytics/dashboard?bypassCache=true [Status: 429] - 3ms","method":"GET","requestId":"52b736e3-09dc-4093-bcc5-250a2fb5c38a","timestamp":"2026-08-01T16:36:44.622Z","url":"/api/v1/analytics/dashboard?bypassCache=true"}
{"level":"info","message":"Incoming request: GET /api/v1/analytics/dashboard?bypassCache=true","method":"GET","requestId":"4bc8c8f0-33c9-4e61-9b31-b62b29546c06","timestamp":"2026-08-01T16:36:56.623Z","url":"/api/v1/analytics/dashboard?bypassCache=true"}
{"level":"info","message":"Request completed: GET /api/v1/analytics/dashboard?bypassCache=true [Status: 429] - 3ms","method":"GET","requestId":"4bc8c8f0-33c9-4e61-9b31-b62b29546c06","timestamp":"2026-08-01T16:36:56.626Z","url":"/api/v1/analytics/dashboard?bypassCache=true"}
{"level":"info","message":"Incoming request: GET /api/v1/analytics/dashboard?bypassCache=true","method":"GET","requestId":"4d4e77b9-4fdd-4dbe-8fad-98b5cd4b4ae4","timestamp":"2026-08-01T16:37:08.622Z","url":"/api/v1/analytics/dashboard?bypassCache=true"}
{"level":"info","message":"Request completed: GET /api/v1/analytics/dashboard?bypassCache=true [Status: 200] - 233ms","method":"GET","requestId":"4d4e77b9-4fdd-4dbe-8fad-98b5cd4b4ae4","timestamp":"2026-08-01T16:37:08.855Z","url":"/api/v1/analytics/dashboard?bypassCache=true"}
{"level":"info","message":"Incoming request: GET /api/v1/analytics/performance?bypassCache=true","method":"GET","requestId":"602b946a-a6e9-4b85-a765-70fc255976f5","timestamp":"2026-08-01T16:37:08.873Z","url":"/api/v1/analytics/performance?bypassCache=true"}
{"level":"info","message":"Incoming request: GET /api/v1/analytics/branches-comparison","method":"GET","requestId":"da4992e5-9c14-4528-938a-5950da82d315","timestamp":"2026-08-01T16:37:08.882Z","url":"/api/v1/analytics/branches-comparison"}
{"level":"info","message":"Request completed: GET /api/v1/analytics/performance?bypassCache=true [Status: 304] - 85ms","method":"GET","requestId":"602b946a-a6e9-4b85-a765-70fc255976f5","timestamp":"2026-08-01T16:37:08.958Z","url":"/api/v1/analytics/performance?bypassCache=true"}
{"level":"info","message":"Request completed: GET /api/v1/analytics/branches-comparison [Status: 200] - 149ms","method":"GET","requestId":"da4992e5-9c14-4528-938a-5950da82d315","timestamp":"2026-08-01T16:37:09.031Z","url":"/api/v1/analytics/branches-comparison"}
{"level":"info","message":"Incoming request: GET /api/v1/predictions/history?limit=100","method":"GET","requestId":"081ab89b-cd91-461c-a904-eb32fd18f1f4","timestamp":"2026-08-01T16:37:09.046Z","url":"/api/v1/predictions/history?limit=100"}
{"level":"info","message":"Request completed: GET /api/v1/predictions/history?limit=100 [Status: 304] - 63ms","method":"GET","requestId":"081ab89b-cd91-461c-a904-eb32fd18f1f4","timestamp":"2026-08-01T16:37:09.109Z","url":"/api/v1/predictions/history?limit=100"}
{"level":"info","message":"Incoming request: GET /api/v1/analytics/dashboard?bypassCache=true","method":"GET","requestId":"9a087b10-e1d5-4a05-b677-801fb902ca76","timestamp":"2026-08-01T16:37:20.618Z","url":"/api/v1/analytics/dashboard?bypassCache=true"}
{"level":"info","message":"Request completed: GET /api/v1/analytics/dashboard?bypassCache=true [Status: 304] - 84ms","method":"GET","requestId":"9a087b10-e1d5-4a05-b677-801fb902ca76","timestamp":"2026-08-01T16:37:20.702Z","url":"/api/v1/analytics/dashboard?bypassCache=true"}
{"level":"info","message":"Incoming request: GET /api/v1/analytics/performance?bypassCache=true","method":"GET","requestId":"1d50161a-d9ce-4d68-a964-4f649220acd8","timestamp":"2026-08-01T16:37:20.718Z","url":"/api/v1/analytics/performance?bypassCache=true"}
{"level":"info","message":"Incoming request: GET /api/v1/analytics/branches-comparison","method":"GET","requestId":"66db98e0-064b-48ce-9735-b4e7ed4bdc9a","timestamp":"2026-08-01T16:37:20.730Z","url":"/api/v1/analytics/branches-comparison"}
{"level":"info","message":"Request completed: GET /api/v1/analytics/branches-comparison [Status: 200] - 6ms","method":"GET","requestId":"66db98e0-064b-48ce-9735-b4e7ed4bdc9a","timestamp":"2026-08-01T16:37:20.736Z","url":"/api/v1/analytics/branches-comparison"}
{"level":"info","message":"Request completed: GET /api/v1/analytics/performance?bypassCache=true [Status: 304] - 48ms","method":"GET","requestId":"1d50161a-d9ce-4d68-a964-4f649220acd8","timestamp":"2026-08-01T16:37:20.766Z","url":"/api/v1/analytics/performance?bypassCache=true"}
{"level":"info","message":"Incoming request: GET /api/v1/predictions/history?limit=100","method":"GET","requestId":"483a8fb8-6aff-4e48-b026-a6b5e6ee3932","timestamp":"2026-08-01T16:37:20.908Z","url":"/api/v1/predictions/history?limit=100"}
{"level":"info","message":"Request completed: GET /api/v1/predictions/history?limit=100 [Status: 304] - 47ms","method":"GET","requestId":"483a8fb8-6aff-4e48-b026-a6b5e6ee3932","timestamp":"2026-08-01T16:37:20.955Z","url":"/api/v1/predictions/history?limit=100"}
{"level":"info","message":"Incoming request: GET /api/v1/analytics/dashboard?bypassCache=true","method":"GET","requestId":"f46ef491-bfe4-4511-98f3-3a22e7352497","timestamp":"2026-08-01T16:37:32.631Z","url":"/api/v1/analytics/dashboard?bypassCache=true"}
{"level":"info","message":"Request completed: GET /api/v1/analytics/dashboard?bypassCache=true [Status: 304] - 83ms","method":"GET","requestId":"f46ef491-bfe4-4511-98f3-3a22e7352497","timestamp":"2026-08-01T16:37:32.714Z","url":"/api/v1/analytics/dashboard?bypassCache=true"}
{"level":"info","message":"Incoming request: GET /api/v1/analytics/performance?bypassCache=true","method":"GET","requestId":"93a0fe97-c644-44a1-8362-a19c55b50a35","timestamp":"2026-08-01T16:37:32.729Z","url":"/api/v1/analytics/performance?bypassCache=true"}
{"level":"info","message":"Incoming request: GET /api/v1/analytics/branches-comparison","method":"GET","requestId":"f614c616-d656-4c1d-941e-2b96b1c0dbef","timestamp":"2026-08-01T16:37:32.736Z","url":"/api/v1/analytics/branches-comparison"}
{"level":"info","message":"Request completed: GET /api/v1/analytics/branches-comparison [Status: 304] - 9ms","method":"GET","requestId":"f614c616-d656-4c1d-941e-2b96b1c0dbef","timestamp":"2026-08-01T16:37:32.745Z","url":"/api/v1/analytics/branches-comparison"}
{"level":"info","message":"Request completed: GET /api/v1/analytics/performance?bypassCache=true [Status: 304] - 46ms","method":"GET","requestId":"93a0fe97-c644-44a1-8362-a19c55b50a35","timestamp":"2026-08-01T16:37:32.775Z","url":"/api/v1/analytics/performance?bypassCache=true"}
{"level":"info","message":"Incoming request: GET /api/v1/predictions/history?limit=100","method":"GET","requestId":"cace8b04-67e6-424a-88dd-c5240f24524d","timestamp":"2026-08-01T16:37:32.949Z","url":"/api/v1/predictions/history?limit=100"}
{"level":"info","message":"Request completed: GET /api/v1/predictions/history?limit=100 [Status: 304] - 46ms","method":"GET","requestId":"cace8b04-67e6-424a-88dd-c5240f24524d","timestamp":"2026-08-01T16:37:32.995Z","url":"/api/v1/predictions/history?limit=100"}
{"level":"info","message":"Incoming request: GET /api/v1/analytics/dashboard?bypassCache=true","method":"GET","requestId":"fb576bbe-4044-4e80-8646-a422a29e919d","timestamp":"2026-08-01T16:37:44.622Z","url":"/api/v1/analytics/dashboard?bypassCache=true"}
{"level":"info","message":"Request completed: GET /api/v1/analytics/dashboard?bypassCache=true [Status: 304] - 75ms","method":"GET","requestId":"fb576bbe-4044-4e80-8646-a422a29e919d","timestamp":"2026-08-01T16:37:44.697Z","url":"/api/v1/analytics/dashboard?bypassCache=true"}
{"level":"info","message":"Incoming request: GET /api/v1/analytics/performance?bypassCache=true","method":"GET","requestId":"d615febe-764c-4df2-8ed3-8fe2f403c0f2","timestamp":"2026-08-01T16:37:44.714Z","url":"/api/v1/analytics/performance?bypassCache=true"}
{"level":"info","message":"Incoming request: GET /api/v1/analytics/branches-comparison","method":"GET","requestId":"1699133a-95ea-40e7-a152-938d91458a1d","timestamp":"2026-08-01T16:37:44.724Z","url":"/api/v1/analytics/branches-comparison"}
{"level":"info","message":"Request completed: GET /api/v1/analytics/branches-comparison [Status: 304] - 8ms","method":"GET","requestId":"1699133a-95ea-40e7-a152-938d91458a1d","timestamp":"2026-08-01T16:37:44.732Z","url":"/api/v1/analytics/branches-comparison"}
{"level":"info","message":"Request completed: GET /api/v1/analytics/performance?bypassCache=true [Status: 304] - 45ms","method":"GET","requestId":"d615febe-764c-4df2-8ed3-8fe2f403c0f2","timestamp":"2026-08-01T16:37:44.759Z","url":"/api/v1/analytics/performance?bypassCache=true"}
{"level":"info","message":"Incoming request: GET /api/v1/predictions/history?limit=100","method":"GET","requestId":"23bbd441-ad89-4e4d-8e90-e08fd31fd226","timestamp":"2026-08-01T16:37:44.896Z","url":"/api/v1/predictions/history?limit=100"}
{"level":"info","message":"Request completed: GET /api/v1/predictions/history?limit=100 [Status: 304] - 50ms","method":"GET","requestId":"23bbd441-ad89-4e4d-8e90-e08fd31fd226","timestamp":"2026-08-01T16:37:44.946Z","url":"/api/v1/predictions/history?limit=100"}
{"level":"info","message":"Incoming request: GET /api/v1/analytics/dashboard?bypassCache=true","method":"GET","requestId":"442f04eb-9a5b-475c-85d5-ce30af29c2c7","timestamp":"2026-08-01T16:37:56.625Z","url":"/api/v1/analytics/dashboard?bypassCache=true"}
{"level":"info","message":"Request completed: GET /api/v1/analytics/dashboard?bypassCache=true [Status: 304] - 84ms","method":"GET","requestId":"442f04eb-9a5b-475c-85d5-ce30af29c2c7","timestamp":"2026-08-01T16:37:56.709Z","url":"/api/v1/analytics/dashboard?bypassCache=true"}
{"level":"info","message":"Incoming request: GET /api/v1/analytics/performance?bypassCache=true","method":"GET","requestId":"2564bff9-eb18-4fa2-99e3-1f51ba5f0a14","timestamp":"2026-08-01T16:37:56.725Z","url":"/api/v1/analytics/performance?bypassCache=true"}
{"level":"info","message":"Incoming request: GET /api/v1/analytics/branches-comparison","method":"GET","requestId":"acaa5685-99f7-4fb9-aaf7-5c6727ad4f89","timestamp":"2026-08-01T16:37:56.735Z","url":"/api/v1/analytics/branches-comparison"}
{"level":"info","message":"Request completed: GET /api/v1/analytics/branches-comparison [Status: 304] - 6ms","method":"GET","requestId":"acaa5685-99f7-4fb9-aaf7-5c6727ad4f89","timestamp":"2026-08-01T16:37:56.741Z","url":"/api/v1/analytics/branches-comparison"}
{"level":"info","message":"Request completed: GET /api/v1/analytics/performance?bypassCache=true [Status: 304] - 42ms","method":"GET","requestId":"2564bff9-eb18-4fa2-99e3-1f51ba5f0a14","timestamp":"2026-08-01T16:37:56.767Z","url":"/api/v1/analytics/performance?bypassCache=true"}
{"level":"info","message":"Incoming request: GET /api/v1/predictions/history?limit=100","method":"GET","requestId":"9b454a75-3575-417b-b08e-4ad8d85ec80a","timestamp":"2026-08-01T16:37:56.899Z","url":"/api/v1/predictions/history?limit=100"}
{"level":"info","message":"Request completed: GET /api/v1/predictions/history?limit=100 [Status: 304] - 45ms","method":"GET","requestId":"9b454a75-3575-417b-b08e-4ad8d85ec80a","timestamp":"2026-08-01T16:37:56.944Z","url":"/api/v1/predictions/history?limit=100"}
{"level":"info","message":"Incoming request: GET /api/v1/analytics/dashboard?bypassCache=true","method":"GET","requestId":"47050773-560a-4d25-b4fc-5fb2907e3791","timestamp":"2026-08-01T16:38:08.636Z","url":"/api/v1/analytics/dashboard?bypassCache=true"}
{"level":"info","message":"Request completed: GET /api/v1/analytics/dashboard?bypassCache=true [Status: 304] - 82ms","method":"GET","requestId":"47050773-560a-4d25-b4fc-5fb2907e3791","timestamp":"2026-08-01T16:38:08.719Z","url":"/api/v1/analytics/dashboard?bypassCache=true"}
{"level":"info","message":"Incoming request: GET /api/v1/analytics/performance?bypassCache=true","method":"GET","requestId":"84b04bec-77d7-41b3-9879-deabfa87ed08","timestamp":"2026-08-01T16:38:08.734Z","url":"/api/v1/analytics/performance?bypassCache=true"}
{"level":"info","message":"Incoming request: GET /api/v1/analytics/branches-comparison","method":"GET","requestId":"b44ada47-098c-4b67-b724-649ac5b950df","timestamp":"2026-08-01T16:38:08.743Z","url":"/api/v1/analytics/branches-comparison"}
{"level":"info","message":"Request completed: GET /api/v1/analytics/branches-comparison [Status: 304] - 6ms","method":"GET","requestId":"b44ada47-098c-4b67-b724-649ac5b950df","timestamp":"2026-08-01T16:38:08.749Z","url":"/api/v1/analytics/branches-comparison"}
{"level":"info","message":"Request completed: GET /api/v1/analytics/performance?bypassCache=true [Status: 304] - 49ms","method":"GET","requestId":"84b04bec-77d7-41b3-9879-deabfa87ed08","timestamp":"2026-08-01T16:38:08.783Z","url":"/api/v1/analytics/performance?bypassCache=true"}
{"level":"info","message":"Incoming request: GET /api/v1/predictions/history?limit=100","method":"GET","requestId":"fc94bb0b-3f6a-4020-b9f4-2d825cb93dee","timestamp":"2026-08-01T16:38:08.915Z","url":"/api/v1/predictions/history?limit=100"}
{"level":"info","message":"Request completed: GET /api/v1/predictions/history?limit=100 [Status: 304] - 47ms","method":"GET","requestId":"fc94bb0b-3f6a-4020-b9f4-2d825cb93dee","timestamp":"2026-08-01T16:38:08.962Z","url":"/api/v1/predictions/history?limit=100"}
{"level":"info","message":"Incoming request: GET /api/v1/analytics/dashboard?bypassCache=true","method":"GET","requestId":"98f3855e-74cd-4a48-a885-bccaa74d0f44","timestamp":"2026-08-01T16:38:20.629Z","url":"/api/v1/analytics/dashboard?bypassCache=true"}
{"level":"info","message":"Request completed: GET /api/v1/analytics/dashboard?bypassCache=true [Status: 304] - 97ms","method":"GET","requestId":"98f3855e-74cd-4a48-a885-bccaa74d0f44","timestamp":"2026-08-01T16:38:20.726Z","url":"/api/v1/analytics/dashboard?bypassCache=true"}
{"level":"info","message":"Incoming request: GET /api/v1/analytics/performance?bypassCache=true","method":"GET","requestId":"97500bc8-f5ed-474e-a329-897a2f176a24","timestamp":"2026-08-01T16:38:20.746Z","url":"/api/v1/analytics/performance?bypassCache=true"}
{"level":"info","message":"Incoming request: GET /api/v1/analytics/branches-comparison","method":"GET","requestId":"2d0024c0-a807-4996-bc39-6abec898eed6","timestamp":"2026-08-01T16:38:20.756Z","url":"/api/v1/analytics/branches-comparison"}
{"level":"info","message":"Request completed: GET /api/v1/analytics/branches-comparison [Status: 304] - 7ms","method":"GET","requestId":"2d0024c0-a807-4996-bc39-6abec898eed6","timestamp":"2026-08-01T16:38:20.763Z","url":"/api/v1/analytics/branches-comparison"}
{"level":"info","message":"Request completed: GET /api/v1/analytics/performance?bypassCache=true [Status: 304] - 59ms","method":"GET","requestId":"97500bc8-f5ed-474e-a329-897a2f176a24","timestamp":"2026-08-01T16:38:20.805Z","url":"/api/v1/analytics/performance?bypassCache=true"}
{"level":"info","message":"Incoming request: GET /api/v1/predictions/history?limit=100","method":"GET","requestId":"43114e73-9c29-4a60-a015-dc139908c7b5","timestamp":"2026-08-01T16:38:20.947Z","url":"/api/v1/predictions/history?limit=100"}
{"level":"info","message":"Request completed: GET /api/v1/predictions/history?limit=100 [Status: 304] - 49ms","method":"GET","requestId":"43114e73-9c29-4a60-a015-dc139908c7b5","timestamp":"2026-08-01T16:38:20.995Z","url":"/api/v1/predictions/history?limit=100"}
{"level":"info","message":"Incoming request: GET /api/v1/analytics/dashboard?bypassCache=true","method":"GET","requestId":"0dc9c7cd-c454-40f4-aaea-c12760511818","timestamp":"2026-08-01T16:38:32.619Z","url":"/api/v1/analytics/dashboard?bypassCache=true"}
{"level":"info","message":"Request completed: GET /api/v1/analytics/dashboard?bypassCache=true [Status: 304] - 111ms","method":"GET","requestId":"0dc9c7cd-c454-40f4-aaea-c12760511818","timestamp":"2026-08-01T16:38:32.730Z","url":"/api/v1/analytics/dashboard?bypassCache=true"}
{"level":"info","message":"Incoming request: GET /api/v1/analytics/performance?bypassCache=true","method":"GET","requestId":"ba7b9a75-ecae-4af5-ab61-73af08d8d9d9","timestamp":"2026-08-01T16:38:32.810Z","url":"/api/v1/analytics/performance?bypassCache=true"}
{"level":"info","message":"Request completed: GET /api/v1/analytics/performance?bypassCache=true [Status: 304] - 41ms","method":"GET","requestId":"ba7b9a75-ecae-4af5-ab61-73af08d8d9d9","timestamp":"2026-08-01T16:38:32.851Z","url":"/api/v1/analytics/performance?bypassCache=true"}
{"level":"info","message":"Incoming request: GET /api/v1/analytics/branches-comparison","method":"GET","requestId":"e35347d6-85ec-44c2-bd3d-58f41c6da0f1","timestamp":"2026-08-01T16:38:32.953Z","url":"/api/v1/analytics/branches-comparison"}
{"level":"info","message":"Request completed: GET /api/v1/analytics/branches-comparison [Status: 304] - 6ms","method":"GET","requestId":"e35347d6-85ec-44c2-bd3d-58f41c6da0f1","timestamp":"2026-08-01T16:38:32.959Z","url":"/api/v1/analytics/branches-comparison"}
{"level":"info","message":"Incoming request: GET /api/v1/predictions/history?limit=100","method":"GET","requestId":"2d8a2fa1-4ece-4255-8241-19f5b1d29054","timestamp":"2026-08-01T16:38:33.234Z","url":"/api/v1/predictions/history?limit=100"}
{"level":"info","message":"Request completed: GET /api/v1/predictions/history?limit=100 [Status: 304] - 45ms","method":"GET","requestId":"2d8a2fa1-4ece-4255-8241-19f5b1d29054","timestamp":"2026-08-01T16:38:33.279Z","url":"/api/v1/predictions/history?limit=100"}
{"level":"info","message":"Incoming request: GET /api/v1/analytics/dashboard?bypassCache=true","method":"GET","requestId":"7874e81f-cfac-4c9f-bc4e-0b9044542a53","timestamp":"2026-08-01T16:38:44.627Z","url":"/api/v1/analytics/dashboard?bypassCache=true"}
{"level":"info","message":"Request completed: GET /api/v1/analytics/dashboard?bypassCache=true [Status: 401] - 6ms","method":"GET","requestId":"7874e81f-cfac-4c9f-bc4e-0b9044542a53","timestamp":"2026-08-01T16:38:44.633Z","url":"/api/v1/analytics/dashboard?bypassCache=true"}
{"level":"info","message":"Incoming request: POST /api/v1/auth/refresh","method":"POST","requestId":"8d984510-1e28-4511-bae7-888c88fbc331","timestamp":"2026-08-01T16:38:44.661Z","url":"/api/v1/auth/refresh"}
{"level":"info","message":"Request completed: POST /api/v1/auth/refresh [Status: 404] - 3ms","method":"POST","requestId":"8d984510-1e28-4511-bae7-888c88fbc331","timestamp":"2026-08-01T16:38:44.664Z","url":"/api/v1/auth/refresh"}
{"level":"info","message":"Client disconnected from WebSocket: U-8mQzRx9qd8hZaLAAAD","timestamp":"2026-08-01T16:38:44.724Z"}
{"level":"info","message":"Incoming request: GET /api/v1/branches","method":"GET","requestId":"a88a18d1-dc1e-4bb0-961a-a8318e5cfce0","timestamp":"2026-08-01T18:10:52.306Z","url":"/api/v1/branches"}
{"level":"info","message":"Request completed: GET /api/v1/branches [Status: 401] - 100ms","method":"GET","requestId":"a88a18d1-dc1e-4bb0-961a-a8318e5cfce0","timestamp":"2026-08-01T18:10:52.394Z","url":"/api/v1/branches"}
{"level":"info","message":"Incoming request: GET /api/v1/branches","method":"GET","requestId":"53abb336-58e7-4c84-8eea-4ca2e9d1ce74","timestamp":"2026-08-01T18:10:52.402Z","url":"/api/v1/branches"}
{"level":"info","message":"Request completed: GET /api/v1/branches [Status: 401] - 3ms","method":"GET","requestId":"53abb336-58e7-4c84-8eea-4ca2e9d1ce74","timestamp":"2026-08-01T18:10:52.405Z","url":"/api/v1/branches"}
{"level":"info","message":"Incoming request: POST /api/v1/auth/register","method":"POST","requestId":"aebae856-338a-4d8c-bae8-d25801cd33aa","timestamp":"2026-08-01T18:12:06.620Z","url":"/api/v1/auth/register"}
{"level":"info","message":"Request completed: POST /api/v1/auth/register [Status: 400] - 425ms","method":"POST","requestId":"aebae856-338a-4d8c-bae8-d25801cd33aa","timestamp":"2026-08-01T18:12:07.045Z","url":"/api/v1/auth/register"}
{"level":"info","message":"Incoming request: POST /api/v1/auth/register","method":"POST","requestId":"5a75f616-bf9b-4afe-b850-2490d052e6ae","timestamp":"2026-08-01T18:12:31.136Z","url":"/api/v1/auth/register"}
{"level":"info","message":"User lavender@alphamatrix.com registered successfully","method":"POST","requestId":"5a75f616-bf9b-4afe-b850-2490d052e6ae","timestamp":"2026-08-01T18:12:31.662Z","url":"/api/v1/auth/register"}
{"level":"info","message":"Request completed: POST /api/v1/auth/register [Status: 201] - 531ms","method":"POST","requestId":"5a75f616-bf9b-4afe-b850-2490d052e6ae","timestamp":"2026-08-01T18:12:31.667Z","url":"/api/v1/auth/register"}
{"level":"info","message":"Client connected to WebSocket: g7g-TdND5DPZA1K0AAAF","timestamp":"2026-08-01T18:12:31.757Z"}
{"level":"info","message":"Incoming request: GET /api/v1/analytics/dashboard?bypassCache=false","method":"GET","requestId":"50fb2a38-bdf9-40da-9be1-dbab0c2b84ef","timestamp":"2026-08-01T18:12:32.163Z","url":"/api/v1/analytics/dashboard?bypassCache=false"}
{"level":"info","message":"Request completed: GET /api/v1/analytics/dashboard?bypassCache=false [Status: 200] - 137ms","method":"GET","requestId":"50fb2a38-bdf9-40da-9be1-dbab0c2b84ef","timestamp":"2026-08-01T18:12:32.300Z","url":"/api/v1/analytics/dashboard?bypassCache=false"}
{"level":"info","message":"Incoming request: GET /api/v1/analytics/dashboard?bypassCache=false","method":"GET","requestId":"dcbc49f3-db40-47c9-a878-6a14c9f03d0d","timestamp":"2026-08-01T18:12:32.303Z","url":"/api/v1/analytics/dashboard?bypassCache=false"}
{"level":"info","message":"Request completed: GET /api/v1/analytics/dashboard?bypassCache=false [Status: 200] - 3ms","method":"GET","requestId":"dcbc49f3-db40-47c9-a878-6a14c9f03d0d","timestamp":"2026-08-01T18:12:32.306Z","url":"/api/v1/analytics/dashboard?bypassCache=false"}
{"level":"info","message":"Incoming request: GET /api/v1/analytics/performance?bypassCache=false","method":"GET","requestId":"e9936d31-21fd-48bd-9154-0e7d45e9ef10","timestamp":"2026-08-01T18:12:32.324Z","url":"/api/v1/analytics/performance?bypassCache=false"}
{"level":"info","message":"Incoming request: GET /api/v1/analytics/branches-comparison","method":"GET","requestId":"3194e24e-015a-4a1e-9722-9ca7b658dda6","timestamp":"2026-08-01T18:12:32.331Z","url":"/api/v1/analytics/branches-comparison"}
{"level":"info","message":"Request completed: GET /api/v1/analytics/performance?bypassCache=false [Status: 200] - 117ms","method":"GET","requestId":"e9936d31-21fd-48bd-9154-0e7d45e9ef10","timestamp":"2026-08-01T18:12:32.441Z","url":"/api/v1/analytics/performance?bypassCache=false"}
{"level":"info","message":"Incoming request: GET /api/v1/analytics/performance?bypassCache=false","method":"GET","requestId":"fc2a4dd6-1782-4dc6-8968-618df20e4282","timestamp":"2026-08-01T18:12:32.454Z","url":"/api/v1/analytics/performance?bypassCache=false"}
{"level":"info","message":"Request completed: GET /api/v1/analytics/performance?bypassCache=false [Status: 200] - 4ms","method":"GET","requestId":"fc2a4dd6-1782-4dc6-8968-618df20e4282","timestamp":"2026-08-01T18:12:32.458Z","url":"/api/v1/analytics/performance?bypassCache=false"}
{"level":"info","message":"Request completed: GET /api/v1/analytics/branches-comparison [Status: 200] - 153ms","method":"GET","requestId":"3194e24e-015a-4a1e-9722-9ca7b658dda6","timestamp":"2026-08-01T18:12:32.484Z","url":"/api/v1/analytics/branches-comparison"}
{"level":"info","message":"Incoming request: GET /api/v1/analytics/branches-comparison","method":"GET","requestId":"8f589e06-e4dc-44bf-b99f-158c67c44227","timestamp":"2026-08-01T18:12:32.488Z","url":"/api/v1/analytics/branches-comparison"}
{"level":"info","message":"Request completed: GET /api/v1/analytics/branches-comparison [Status: 200] - 3ms","method":"GET","requestId":"8f589e06-e4dc-44bf-b99f-158c67c44227","timestamp":"2026-08-01T18:12:32.491Z","url":"/api/v1/analytics/branches-comparison"}
{"level":"info","message":"Incoming request: GET /api/v1/predictions/history?limit=100","method":"GET","requestId":"0898fc79-1921-4c92-a969-ccb1c7a0cc32","timestamp":"2026-08-01T18:12:32.670Z","url":"/api/v1/predictions/history?limit=100"}
{"level":"info","message":"Request completed: GET /api/v1/predictions/history?limit=100 [Status: 304] - 44ms","method":"GET","requestId":"0898fc79-1921-4c92-a969-ccb1c7a0cc32","timestamp":"2026-08-01T18:12:32.714Z","url":"/api/v1/predictions/history?limit=100"}
{"level":"info","message":"Incoming request: GET /api/v1/predictions/history?limit=100","method":"GET","requestId":"a2835bc1-0180-4fb6-902b-66afaae783b4","timestamp":"2026-08-01T18:12:32.716Z","url":"/api/v1/predictions/history?limit=100"}
{"level":"info","message":"Request completed: GET /api/v1/predictions/history?limit=100 [Status: 304] - 46ms","method":"GET","requestId":"a2835bc1-0180-4fb6-902b-66afaae783b4","timestamp":"2026-08-01T18:12:32.762Z","url":"/api/v1/predictions/history?limit=100"}
{"level":"info","message":"Incoming request: GET /api/v1/analytics/dashboard?bypassCache=true","method":"GET","requestId":"45c5227a-4fd8-49e7-b4ce-4d4d5a8fb0a9","timestamp":"2026-08-01T18:12:44.203Z","url":"/api/v1/analytics/dashboard?bypassCache=true"}
{"level":"info","message":"Request completed: GET /api/v1/analytics/dashboard?bypassCache=true [Status: 304] - 96ms","method":"GET","requestId":"45c5227a-4fd8-49e7-b4ce-4d4d5a8fb0a9","timestamp":"2026-08-01T18:12:44.299Z","url":"/api/v1/analytics/dashboard?bypassCache=true"}
{"level":"info","message":"Incoming request: GET /api/v1/analytics/performance?bypassCache=true","method":"GET","requestId":"73b0c7b3-28d6-4470-99e4-fb9ad961778e","timestamp":"2026-08-01T18:12:44.319Z","url":"/api/v1/analytics/performance?bypassCache=true"}
{"level":"info","message":"Incoming request: GET /api/v1/analytics/branches-comparison","method":"GET","requestId":"a5ec8ac2-0d48-4cee-9651-899f77128eb8","timestamp":"2026-08-01T18:12:44.324Z","url":"/api/v1/analytics/branches-comparison"}
{"level":"info","message":"Request completed: GET /api/v1/analytics/branches-comparison [Status: 304] - 8ms","method":"GET","requestId":"a5ec8ac2-0d48-4cee-9651-899f77128eb8","timestamp":"2026-08-01T18:12:44.332Z","url":"/api/v1/analytics/branches-comparison"}
{"level":"info","message":"Request completed: GET /api/v1/analytics/performance?bypassCache=true [Status: 304] - 79ms","method":"GET","requestId":"73b0c7b3-28d6-4470-99e4-fb9ad961778e","timestamp":"2026-08-01T18:12:44.399Z","url":"/api/v1/analytics/performance?bypassCache=true"}
{"level":"info","message":"Incoming request: GET /api/v1/predictions/history?limit=100","method":"GET","requestId":"f2866b1a-643d-4c5a-b625-87d3e1824311","timestamp":"2026-08-01T18:12:44.434Z","url":"/api/v1/predictions/history?limit=100"}
{"level":"info","message":"Request completed: GET /api/v1/predictions/history?limit=100 [Status: 304] - 53ms","method":"GET","requestId":"f2866b1a-643d-4c5a-b625-87d3e1824311","timestamp":"2026-08-01T18:12:44.487Z","url":"/api/v1/predictions/history?limit=100"}
{"level":"info","message":"Incoming request: GET /api/v1/analytics/dashboard?bypassCache=true","method":"GET","requestId":"55220c08-02fc-42cb-a45d-ff88eb1e8d99","timestamp":"2026-08-01T18:12:56.163Z","url":"/api/v1/analytics/dashboard?bypassCache=true"}
{"level":"info","message":"Request completed: GET /api/v1/analytics/dashboard?bypassCache=true [Status: 304] - 100ms","method":"GET","requestId":"55220c08-02fc-42cb-a45d-ff88eb1e8d99","timestamp":"2026-08-01T18:12:56.263Z","url":"/api/v1/analytics/dashboard?bypassCache=true"}
{"level":"info","message":"Incoming request: GET /api/v1/analytics/performance?bypassCache=true","method":"GET","requestId":"bca15296-c964-4ae9-8b36-4f51235360f0","timestamp":"2026-08-01T18:12:56.278Z","url":"/api/v1/analytics/performance?bypassCache=true"}
{"level":"info","message":"Incoming request: GET /api/v1/analytics/branches-comparison","method":"GET","requestId":"5b9fd5d4-f954-4c2b-98bf-af4e802b43ad","timestamp":"2026-08-01T18:12:56.288Z","url":"/api/v1/analytics/branches-comparison"}
{"level":"info","message":"Request completed: GET /api/v1/analytics/branches-comparison [Status: 304] - 5ms","method":"GET","requestId":"5b9fd5d4-f954-4c2b-98bf-af4e802b43ad","timestamp":"2026-08-01T18:12:56.293Z","url":"/api/v1/analytics/branches-comparison"}
{"level":"info","message":"Request completed: GET /api/v1/analytics/performance?bypassCache=true [Status: 304] - 48ms","method":"GET","requestId":"bca15296-c964-4ae9-8b36-4f51235360f0","timestamp":"2026-08-01T18:12:56.326Z","url":"/api/v1/analytics/performance?bypassCache=true"}
{"level":"info","message":"Incoming request: GET /api/v1/predictions/history?limit=100","method":"GET","requestId":"c8755d7a-99cb-4b97-a9ec-6b28aeaa79ba","timestamp":"2026-08-01T18:12:56.364Z","url":"/api/v1/predictions/history?limit=100"}
{"level":"info","message":"Request completed: GET /api/v1/predictions/history?limit=100 [Status: 304] - 46ms","method":"GET","requestId":"c8755d7a-99cb-4b97-a9ec-6b28aeaa79ba","timestamp":"2026-08-01T18:12:56.410Z","url":"/api/v1/predictions/history?limit=100"}
{"level":"info","message":"Incoming request: GET /api/v1/analytics/dashboard?bypassCache=true","method":"GET","requestId":"efebd5e8-ec72-4d8f-a338-307e67f69980","timestamp":"2026-08-01T18:13:08.167Z","url":"/api/v1/analytics/dashboard?bypassCache=true"}
{"level":"info","message":"Request completed: GET /api/v1/analytics/dashboard?bypassCache=true [Status: 304] - 92ms","method":"GET","requestId":"efebd5e8-ec72-4d8f-a338-307e67f69980","timestamp":"2026-08-01T18:13:08.259Z","url":"/api/v1/analytics/dashboard?bypassCache=true"}
{"level":"info","message":"Incoming request: GET /api/v1/analytics/performance?bypassCache=true","method":"GET","requestId":"1fd42880-fc6d-40f4-bc49-64caea5c7b93","timestamp":"2026-08-01T18:13:08.267Z","url":"/api/v1/analytics/performance?bypassCache=true"}
{"level":"info","message":"Incoming request: GET /api/v1/analytics/branches-comparison","method":"GET","requestId":"61d74602-36c4-44c3-9d1b-6cbb4599582d","timestamp":"2026-08-01T18:13:08.277Z","url":"/api/v1/analytics/branches-comparison"}
{"level":"info","message":"Request completed: GET /api/v1/analytics/branches-comparison [Status: 304] - 5ms","method":"GET","requestId":"61d74602-36c4-44c3-9d1b-6cbb4599582d","timestamp":"2026-08-01T18:13:08.282Z","url":"/api/v1/analytics/branches-comparison"}
{"level":"info","message":"Request completed: GET /api/v1/analytics/performance?bypassCache=true [Status: 304] - 49ms","method":"GET","requestId":"1fd42880-fc6d-40f4-bc49-64caea5c7b93","timestamp":"2026-08-01T18:13:08.316Z","url":"/api/v1/analytics/performance?bypassCache=true"}
{"level":"info","message":"Incoming request: GET /api/v1/predictions/history?limit=100","method":"GET","requestId":"92508819-09e2-4d18-9749-0022b1b0d409","timestamp":"2026-08-01T18:13:08.350Z","url":"/api/v1/predictions/history?limit=100"}
{"level":"info","message":"Request completed: GET /api/v1/predictions/history?limit=100 [Status: 304] - 44ms","method":"GET","requestId":"92508819-09e2-4d18-9749-0022b1b0d409","timestamp":"2026-08-01T18:13:08.394Z","url":"/api/v1/predictions/history?limit=100"}
{"level":"info","message":"Client disconnected from WebSocket: g7g-TdND5DPZA1K0AAAF","timestamp":"2026-08-01T18:13:59.878Z"}
{"level":"info","message":"Client connected to WebSocket: 6lBOHof5X-1JSn06AAAH","timestamp":"2026-08-01T18:14:12.251Z"}
{"level":"info","message":"Incoming request: GET /api/v1/analytics/dashboard?bypassCache=false","method":"GET","requestId":"5112d334-1240-4252-b286-c70f017b83b6","timestamp":"2026-08-01T18:14:12.556Z","url":"/api/v1/analytics/dashboard?bypassCache=false"}
{"level":"info","message":"Request completed: GET /api/v1/analytics/dashboard?bypassCache=false [Status: 304] - 7ms","method":"GET","requestId":"5112d334-1240-4252-b286-c70f017b83b6","timestamp":"2026-08-01T18:14:12.564Z","url":"/api/v1/analytics/dashboard?bypassCache=false"}
{"level":"info","message":"Incoming request: GET /api/v1/analytics/dashboard?bypassCache=false","method":"GET","requestId":"2055bf60-2b2f-446a-85fb-efea50973906","timestamp":"2026-08-01T18:14:12.567Z","url":"/api/v1/analytics/dashboard?bypassCache=false"}
{"level":"info","message":"Request completed: GET /api/v1/analytics/dashboard?bypassCache=false [Status: 304] - 7ms","method":"GET","requestId":"2055bf60-2b2f-446a-85fb-efea50973906","timestamp":"2026-08-01T18:14:12.574Z","url":"/api/v1/analytics/dashboard?bypassCache=false"}
{"level":"info","message":"Incoming request: GET /api/v1/analytics/performance?bypassCache=false","method":"GET","requestId":"e23eb466-a257-4a8b-8b6b-f400c353db6a","timestamp":"2026-08-01T18:14:12.590Z","url":"/api/v1/analytics/performance?bypassCache=false"}
{"level":"info","message":"Request completed: GET /api/v1/analytics/performance?bypassCache=false [Status: 304] - 7ms","method":"GET","requestId":"e23eb466-a257-4a8b-8b6b-f400c353db6a","timestamp":"2026-08-01T18:14:12.597Z","url":"/api/v1/analytics/performance?bypassCache=false"}
{"level":"info","message":"Incoming request: GET /api/v1/analytics/branches-comparison","method":"GET","requestId":"47625a3c-2e64-4856-abc4-8ae31c558c5b","timestamp":"2026-08-01T18:14:12.599Z","url":"/api/v1/analytics/branches-comparison"}
{"level":"info","message":"Request completed: GET /api/v1/analytics/branches-comparison [Status: 304] - 4ms","method":"GET","requestId":"47625a3c-2e64-4856-abc4-8ae31c558c5b","timestamp":"2026-08-01T18:14:12.603Z","url":"/api/v1/analytics/branches-comparison"}
{"level":"info","message":"Incoming request: GET /api/v1/analytics/performance?bypassCache=false","method":"GET","requestId":"8e081c22-387d-4983-8363-7a039bf45014","timestamp":"2026-08-01T18:14:12.604Z","url":"/api/v1/analytics/performance?bypassCache=false"}
{"level":"info","message":"Request completed: GET /api/v1/analytics/performance?bypassCache=false [Status: 304] - 6ms","method":"GET","requestId":"8e081c22-387d-4983-8363-7a039bf45014","timestamp":"2026-08-01T18:14:12.610Z","url":"/api/v1/analytics/performance?bypassCache=false"}
{"level":"info","message":"Incoming request: GET /api/v1/analytics/branches-comparison","method":"GET","requestId":"aea79a30-b647-4953-b71f-a0fa55c774e3","timestamp":"2026-08-01T18:14:12.611Z","url":"/api/v1/analytics/branches-comparison"}
{"level":"info","message":"Request completed: GET /api/v1/analytics/branches-comparison [Status: 304] - 5ms","method":"GET","requestId":"aea79a30-b647-4953-b71f-a0fa55c774e3","timestamp":"2026-08-01T18:14:12.616Z","url":"/api/v1/analytics/branches-comparison"}
{"level":"info","message":"Incoming request: GET /api/v1/predictions/history?limit=100","method":"GET","requestId":"ac6d1974-8ab5-49fc-add2-f4b17c59b967","timestamp":"2026-08-01T18:14:12.638Z","url":"/api/v1/predictions/history?limit=100"}
{"level":"info","message":"Request completed: GET /api/v1/predictions/history?limit=100 [Status: 304] - 47ms","method":"GET","requestId":"ac6d1974-8ab5-49fc-add2-f4b17c59b967","timestamp":"2026-08-01T18:14:12.685Z","url":"/api/v1/predictions/history?limit=100"}
{"level":"info","message":"Incoming request: GET /api/v1/predictions/history?limit=100","method":"GET","requestId":"ea278f13-f78f-4689-8451-0bd7c41234ef","timestamp":"2026-08-01T18:14:12.704Z","url":"/api/v1/predictions/history?limit=100"}
{"level":"info","message":"Request completed: GET /api/v1/predictions/history?limit=100 [Status: 304] - 47ms","method":"GET","requestId":"ea278f13-f78f-4689-8451-0bd7c41234ef","timestamp":"2026-08-01T18:14:12.751Z","url":"/api/v1/predictions/history?limit=100"}
{"level":"info","message":"Incoming request: GET /api/v1/analytics/dashboard?bypassCache=true","method":"GET","requestId":"3f5eaa68-9b9c-45af-9ee4-961d3ce12776","timestamp":"2026-08-01T18:14:24.562Z","url":"/api/v1/analytics/dashboard?bypassCache=true"}
{"level":"info","message":"Request completed: GET /api/v1/analytics/dashboard?bypassCache=true [Status: 304] - 89ms","method":"GET","requestId":"3f5eaa68-9b9c-45af-9ee4-961d3ce12776","timestamp":"2026-08-01T18:14:24.651Z","url":"/api/v1/analytics/dashboard?bypassCache=true"}
{"level":"info","message":"Incoming request: GET /api/v1/analytics/performance?bypassCache=true","method":"GET","requestId":"b64d7c9b-e54f-4ae8-bea0-1387e70df21c","timestamp":"2026-08-01T18:14:24.669Z","url":"/api/v1/analytics/performance?bypassCache=true"}
{"level":"info","message":"Incoming request: GET /api/v1/analytics/branches-comparison","method":"GET","requestId":"ecc2d654-c660-4659-8bb3-2475a5000dab","timestamp":"2026-08-01T18:14:24.678Z","url":"/api/v1/analytics/branches-comparison"}
{"level":"info","message":"Request completed: GET /api/v1/analytics/branches-comparison [Status: 304] - 7ms","method":"GET","requestId":"ecc2d654-c660-4659-8bb3-2475a5000dab","timestamp":"2026-08-01T18:14:24.685Z","url":"/api/v1/analytics/branches-comparison"}
{"level":"info","message":"Request completed: GET /api/v1/analytics/performance?bypassCache=true [Status: 304] - 52ms","method":"GET","requestId":"b64d7c9b-e54f-4ae8-bea0-1387e70df21c","timestamp":"2026-08-01T18:14:24.721Z","url":"/api/v1/analytics/performance?bypassCache=true"}
{"level":"info","message":"Incoming request: GET /api/v1/predictions/history?limit=100","method":"GET","requestId":"fd594b63-e5b3-417c-8e39-10daee8d15c5","timestamp":"2026-08-01T18:14:24.828Z","url":"/api/v1/predictions/history?limit=100"}
{"level":"info","message":"Request completed: GET /api/v1/predictions/history?limit=100 [Status: 304] - 45ms","method":"GET","requestId":"fd594b63-e5b3-417c-8e39-10daee8d15c5","timestamp":"2026-08-01T18:14:24.873Z","url":"/api/v1/predictions/history?limit=100"}
{"level":"info","message":"Incoming request: GET /api/v1/predictions/history?page=1&limit=10","method":"GET","requestId":"83cffa8c-f2b4-4311-b35f-58a70ad05648","timestamp":"2026-08-01T18:14:28.675Z","url":"/api/v1/predictions/history?page=1&limit=10"}
{"level":"info","message":"Request completed: GET /api/v1/predictions/history?page=1&limit=10 [Status: 200] - 45ms","method":"GET","requestId":"83cffa8c-f2b4-4311-b35f-58a70ad05648","timestamp":"2026-08-01T18:14:28.720Z","url":"/api/v1/predictions/history?page=1&limit=10"}
{"level":"info","message":"Incoming request: GET /api/v1/predictions/history?page=1&limit=10","method":"GET","requestId":"82013e87-5a9d-4a2f-bb77-d4acc94b1425","timestamp":"2026-08-01T18:14:28.722Z","url":"/api/v1/predictions/history?page=1&limit=10"}
{"level":"info","message":"Request completed: GET /api/v1/predictions/history?page=1&limit=10 [Status: 304] - 35ms","method":"GET","requestId":"82013e87-5a9d-4a2f-bb77-d4acc94b1425","timestamp":"2026-08-01T18:14:28.757Z","url":"/api/v1/predictions/history?page=1&limit=10"}
{"level":"info","message":"Incoming request: GET /api/v1/pips","method":"GET","requestId":"4cfdedf4-ea60-4b9a-9d5e-0c0972714056","timestamp":"2026-08-01T18:14:46.883Z","url":"/api/v1/pips"}
{"level":"info","message":"Incoming request: GET /api/v1/employees?limit=100","method":"GET","requestId":"c20e5762-4d47-4575-adb4-18bd793a06b7","timestamp":"2026-08-01T18:14:46.892Z","url":"/api/v1/employees?limit=100"}
{"level":"info","message":"Request completed: GET /api/v1/pips [Status: 200] - 34ms","method":"GET","requestId":"4cfdedf4-ea60-4b9a-9d5e-0c0972714056","timestamp":"2026-08-01T18:14:46.917Z","url":"/api/v1/pips"}
{"level":"info","message":"Incoming request: GET /api/v1/pips","method":"GET","requestId":"9f6623cb-9ec7-4f6b-b765-a66a3b222628","timestamp":"2026-08-01T18:14:46.930Z","url":"/api/v1/pips"}
{"level":"info","message":"Request completed: GET /api/v1/employees?limit=100 [Status: 200] - 63ms","method":"GET","requestId":"c20e5762-4d47-4575-adb4-18bd793a06b7","timestamp":"2026-08-01T18:14:46.955Z","url":"/api/v1/employees?limit=100"}
{"level":"info","message":"Request completed: GET /api/v1/pips [Status: 304] - 27ms","method":"GET","requestId":"9f6623cb-9ec7-4f6b-b765-a66a3b222628","timestamp":"2026-08-01T18:14:46.957Z","url":"/api/v1/pips"}
{"level":"info","message":"Incoming request: GET /api/v1/employees?limit=100","method":"GET","requestId":"61711cbc-f32e-4a16-91ba-e56f4235df0e","timestamp":"2026-08-01T18:14:46.959Z","url":"/api/v1/employees?limit=100"}
{"level":"info","message":"Request completed: GET /api/v1/employees?limit=100 [Status: 304] - 27ms","method":"GET","requestId":"61711cbc-f32e-4a16-91ba-e56f4235df0e","timestamp":"2026-08-01T18:14:46.997Z","url":"/api/v1/employees?limit=100"}
{"level":"info","message":"Incoming request: GET /api/v1/courses?search=","method":"GET","requestId":"53f8ab3b-e42c-4d5a-b7b1-5363c7fd1313","timestamp":"2026-08-01T18:15:15.237Z","url":"/api/v1/courses?search="}
{"level":"info","message":"Request completed: GET /api/v1/courses?search= [Status: 200] - 53ms","method":"GET","requestId":"53f8ab3b-e42c-4d5a-b7b1-5363c7fd1313","timestamp":"2026-08-01T18:15:15.290Z","url":"/api/v1/courses?search="}
{"level":"info","message":"Incoming request: GET /api/v1/courses?search=","method":"GET","requestId":"ddce1c1c-98c2-45bf-b357-2108135c02de","timestamp":"2026-08-01T18:15:15.292Z","url":"/api/v1/courses?search="}
{"level":"info","message":"Request completed: GET /api/v1/courses?search= [Status: 304] - 28ms","method":"GET","requestId":"ddce1c1c-98c2-45bf-b357-2108135c02de","timestamp":"2026-08-01T18:15:15.320Z","url":"/api/v1/courses?search="}
{"level":"info","message":"Incoming request: GET /api/v1/branches?search=","method":"GET","requestId":"09e327c2-02c3-4da1-b8d0-fc4d3d4424ac","timestamp":"2026-08-01T18:15:27.418Z","url":"/api/v1/branches?search="}
{"level":"info","message":"Request completed: GET /api/v1/branches?search= [Status: 200] - 29ms","method":"GET","requestId":"09e327c2-02c3-4da1-b8d0-fc4d3d4424ac","timestamp":"2026-08-01T18:15:27.447Z","url":"/api/v1/branches?search="}
{"level":"info","message":"Incoming request: GET /api/v1/branches?search=","method":"GET","requestId":"2f47b449-1df3-45ed-bdfc-1f5f79b73fe7","timestamp":"2026-08-01T18:15:27.449Z","url":"/api/v1/branches?search="}
{"level":"info","message":"Request completed: GET /api/v1/branches?search= [Status: 304] - 21ms","method":"GET","requestId":"2f47b449-1df3-45ed-bdfc-1f5f79b73fe7","timestamp":"2026-08-01T18:15:27.470Z","url":"/api/v1/branches?search="}
{"level":"info","message":"Incoming request: GET /api/v1/approvals?status=PENDING","method":"GET","requestId":"2fa8a2ea-3da2-4004-b95f-cf145326d5f8","timestamp":"2026-08-01T18:15:45.012Z","url":"/api/v1/approvals?status=PENDING"}
{"level":"info","message":"Request completed: GET /api/v1/approvals?status=PENDING [Status: 200] - 67ms","method":"GET","requestId":"2fa8a2ea-3da2-4004-b95f-cf145326d5f8","timestamp":"2026-08-01T18:15:45.079Z","url":"/api/v1/approvals?status=PENDING"}
{"level":"info","message":"Incoming request: GET /api/v1/approvals?status=PENDING","method":"GET","requestId":"dd18b6cc-0303-456a-8254-e29c125a0fbb","timestamp":"2026-08-01T18:15:45.081Z","url":"/api/v1/approvals?status=PENDING"}
{"level":"info","message":"Request completed: GET /api/v1/approvals?status=PENDING [Status: 304] - 47ms","method":"GET","requestId":"dd18b6cc-0303-456a-8254-e29c125a0fbb","timestamp":"2026-08-01T18:15:45.128Z","url":"/api/v1/approvals?status=PENDING"}
{"level":"info","message":"Incoming request: GET /api/v1/audit-logs?page=1&limit=10&sortBy=createdAt&sortOrder=-1","method":"GET","requestId":"47e883a8-b215-4dd4-b51c-68b441620620","timestamp":"2026-08-01T18:16:11.756Z","url":"/api/v1/audit-logs?page=1&limit=10&sortBy=createdAt&sortOrder=-1"}
{"level":"info","message":"Request completed: GET /api/v1/audit-logs?page=1&limit=10&sortBy=createdAt&sortOrder=-1 [Status: 200] - 33ms","method":"GET","requestId":"47e883a8-b215-4dd4-b51c-68b441620620","timestamp":"2026-08-01T18:16:11.789Z","url":"/api/v1/audit-logs?page=1&limit=10&sortBy=createdAt&sortOrder=-1"}
{"level":"info","message":"Incoming request: GET /api/v1/audit-logs?page=1&limit=10&sortBy=createdAt&sortOrder=-1","method":"GET","requestId":"71fd7571-2026-4937-869c-2e0801855cf4","timestamp":"2026-08-01T18:16:11.792Z","url":"/api/v1/audit-logs?page=1&limit=10&sortBy=createdAt&sortOrder=-1"}
{"level":"info","message":"Request completed: GET /api/v1/audit-logs?page=1&limit=10&sortBy=createdAt&sortOrder=-1 [Status: 304] - 31ms","method":"GET","requestId":"71fd7571-2026-4937-869c-2e0801855cf4","timestamp":"2026-08-01T18:16:11.822Z","url":"/api/v1/audit-logs?page=1&limit=10&sortBy=createdAt&sortOrder=-1"}
{"level":"info","message":"Incoming request: POST /api/v1/auth/login","method":"POST","requestId":"349d03bf-f223-47a6-9949-77f56377ff27","timestamp":"2026-08-01T18:22:33.176Z","url":"/api/v1/auth/login"}
{"level":"info","message":"Request completed: POST /api/v1/auth/login [Status: 401] - 308ms","method":"POST","requestId":"349d03bf-f223-47a6-9949-77f56377ff27","timestamp":"2026-08-01T18:22:33.480Z","url":"/api/v1/auth/login"}
{"level":"info","message":"Incoming request: GET /api/v1/employees","method":"GET","requestId":"84d8c1c5-c2ee-4355-bd43-67225e41e433","timestamp":"2026-08-01T18:22:33.501Z","url":"/api/v1/employees"}
{"level":"info","message":"Request completed: GET /api/v1/employees [Status: 401] - 4ms","method":"GET","requestId":"84d8c1c5-c2ee-4355-bd43-67225e41e433","timestamp":"2026-08-01T18:22:33.505Z","url":"/api/v1/employees"}
{"level":"info","message":"Incoming request: POST /api/v1/predictions/generate","method":"POST","requestId":"e0bc9276-8e6d-435b-9d3a-9c5dba25d139","timestamp":"2026-08-01T18:22:33.515Z","url":"/api/v1/predictions/generate"}
{"level":"info","message":"Request completed: POST /api/v1/predictions/generate [Status: 401] - 4ms","method":"POST","requestId":"e0bc9276-8e6d-435b-9d3a-9c5dba25d139","timestamp":"2026-08-01T18:22:33.519Z","url":"/api/v1/predictions/generate"}
{"level":"info","message":"Incoming request: POST /api/v1/predictions/generate","method":"POST","requestId":"c0ca98f3-f252-4386-b367-a06b518ba57e","timestamp":"2026-08-01T18:22:33.530Z","url":"/api/v1/predictions/generate"}
{"level":"info","message":"Request completed: POST /api/v1/predictions/generate [Status: 401] - 3ms","method":"POST","requestId":"c0ca98f3-f252-4386-b367-a06b518ba57e","timestamp":"2026-08-01T18:22:33.533Z","url":"/api/v1/predictions/generate"}
{"level":"info","message":"Incoming request: GET /api/v1/predictions/history","method":"GET","requestId":"e33ab495-8175-4ae9-ac66-32d3efc04f97","timestamp":"2026-08-01T18:22:33.536Z","url":"/api/v1/predictions/history"}
{"level":"info","message":"Request completed: GET /api/v1/predictions/history [Status: 401] - 3ms","method":"GET","requestId":"e33ab495-8175-4ae9-ac66-32d3efc04f97","timestamp":"2026-08-01T18:22:33.539Z","url":"/api/v1/predictions/history"}
{"level":"info","message":"Incoming request: GET /api/v1/approvals","method":"GET","requestId":"95d341c4-ceba-43cd-a05e-4f2d779df014","timestamp":"2026-08-01T18:22:33.547Z","url":"/api/v1/approvals"}
{"level":"info","message":"Request completed: GET /api/v1/approvals [Status: 401] - 2ms","method":"GET","requestId":"95d341c4-ceba-43cd-a05e-4f2d779df014","timestamp":"2026-08-01T18:22:33.549Z","url":"/api/v1/approvals"}
{"level":"info","message":"Incoming request: GET /api/v1/audit-logs","method":"GET","requestId":"f75a6783-57a6-4df4-b019-7ca2cf1c0522","timestamp":"2026-08-01T18:22:33.552Z","url":"/api/v1/audit-logs"}
{"level":"info","message":"Request completed: GET /api/v1/audit-logs [Status: 401] - 3ms","method":"GET","requestId":"f75a6783-57a6-4df4-b019-7ca2cf1c0522","timestamp":"2026-08-01T18:22:33.554Z","url":"/api/v1/audit-logs"}
{"level":"info","message":"Incoming request: GET /api/v1/ethical-rules","method":"GET","requestId":"37b417fd-2c8e-4ccd-a1af-8c93ffe7139d","timestamp":"2026-08-01T18:22:33.561Z","url":"/api/v1/ethical-rules"}
{"level":"info","message":"Request completed: GET /api/v1/ethical-rules [Status: 401] - 3ms","method":"GET","requestId":"37b417fd-2c8e-4ccd-a1af-8c93ffe7139d","timestamp":"2026-08-01T18:22:33.564Z","url":"/api/v1/ethical-rules"}
{"level":"info","message":"Incoming request: GET /api/v1/employees","method":"GET","requestId":"02bd9217-76e1-44ba-b5f9-49f03bb6ceda","timestamp":"2026-08-01T18:22:33.567Z","url":"/api/v1/employees"}
{"level":"info","message":"Request completed: GET /api/v1/employees [Status: 401] - 2ms","method":"GET","requestId":"02bd9217-76e1-44ba-b5f9-49f03bb6ceda","timestamp":"2026-08-01T18:22:33.569Z","url":"/api/v1/employees"}
{"level":"info","message":"Incoming request: POST /api/v1/auth/login","method":"POST","requestId":"c364fdef-7086-41c7-88e2-d93eec310779","timestamp":"2026-08-01T18:22:53.203Z","url":"/api/v1/auth/login"}
{"level":"info","message":"User admin@alphamatrix.com logged in successfully","method":"POST","requestId":"c364fdef-7086-41c7-88e2-d93eec310779","timestamp":"2026-08-01T18:22:53.376Z","url":"/api/v1/auth/login"}
{"level":"info","message":"Request completed: POST /api/v1/auth/login [Status: 200] - 176ms","method":"POST","requestId":"c364fdef-7086-41c7-88e2-d93eec310779","timestamp":"2026-08-01T18:22:53.379Z","url":"/api/v1/auth/login"}
{"level":"info","message":"Incoming request: GET /api/v1/employees","method":"GET","requestId":"aa6b40fe-a3b1-43dd-a559-5de0dcdbdc01","timestamp":"2026-08-01T18:22:53.398Z","url":"/api/v1/employees"}
{"level":"info","message":"Request completed: GET /api/v1/employees [Status: 401] - 1ms","method":"GET","requestId":"aa6b40fe-a3b1-43dd-a559-5de0dcdbdc01","timestamp":"2026-08-01T18:22:53.399Z","url":"/api/v1/employees"}
{"level":"info","message":"Incoming request: POST /api/v1/predictions/generate","method":"POST","requestId":"01112b6f-a821-4607-9088-a271f45b1a9a","timestamp":"2026-08-01T18:22:53.402Z","url":"/api/v1/predictions/generate"}
{"level":"info","message":"Request completed: POST /api/v1/predictions/generate [Status: 401] - 2ms","method":"POST","requestId":"01112b6f-a821-4607-9088-a271f45b1a9a","timestamp":"2026-08-01T18:22:53.404Z","url":"/api/v1/predictions/generate"}
{"level":"info","message":"Incoming request: POST /api/v1/predictions/generate","method":"POST","requestId":"5e151c3f-b593-41c4-8ff2-910b96d03e19","timestamp":"2026-08-01T18:22:53.413Z","url":"/api/v1/predictions/generate"}
{"level":"info","message":"Request completed: POST /api/v1/predictions/generate [Status: 401] - 1ms","method":"POST","requestId":"5e151c3f-b593-41c4-8ff2-910b96d03e19","timestamp":"2026-08-01T18:22:53.414Z","url":"/api/v1/predictions/generate"}
{"level":"info","message":"Incoming request: GET /api/v1/predictions/history","method":"GET","requestId":"588055fb-928e-4c70-9e91-aa206f685bd7","timestamp":"2026-08-01T18:22:53.416Z","url":"/api/v1/predictions/history"}
{"level":"info","message":"Request completed: GET /api/v1/predictions/history [Status: 401] - 3ms","method":"GET","requestId":"588055fb-928e-4c70-9e91-aa206f685bd7","timestamp":"2026-08-01T18:22:53.419Z","url":"/api/v1/predictions/history"}
{"level":"info","message":"Incoming request: GET /api/v1/approvals","method":"GET","requestId":"429b79af-31af-42ce-b99c-fba9ababefec","timestamp":"2026-08-01T18:22:53.425Z","url":"/api/v1/approvals"}
{"level":"info","message":"Request completed: GET /api/v1/approvals [Status: 401] - 4ms","method":"GET","requestId":"429b79af-31af-42ce-b99c-fba9ababefec","timestamp":"2026-08-01T18:22:53.428Z","url":"/api/v1/approvals"}
{"level":"info","message":"Incoming request: GET /api/v1/audit-logs","method":"GET","requestId":"ad049211-3e2b-498d-a996-2103b2dd6e5f","timestamp":"2026-08-01T18:22:53.430Z","url":"/api/v1/audit-logs"}
{"level":"info","message":"Request completed: GET /api/v1/audit-logs [Status: 401] - 1ms","method":"GET","requestId":"ad049211-3e2b-498d-a996-2103b2dd6e5f","timestamp":"2026-08-01T18:22:53.431Z","url":"/api/v1/audit-logs"}
{"level":"info","message":"Incoming request: GET /api/v1/ethical-rules","method":"GET","requestId":"66126ad4-ceac-4943-91e7-06990fa72593","timestamp":"2026-08-01T18:22:53.433Z","url":"/api/v1/ethical-rules"}
{"level":"info","message":"Request completed: GET /api/v1/ethical-rules [Status: 401] - 1ms","method":"GET","requestId":"66126ad4-ceac-4943-91e7-06990fa72593","timestamp":"2026-08-01T18:22:53.434Z","url":"/api/v1/ethical-rules"}
{"level":"info","message":"Incoming request: GET /api/v1/employees","method":"GET","requestId":"d9030a10-f774-4859-bb52-ec84b9553a92","timestamp":"2026-08-01T18:22:53.436Z","url":"/api/v1/employees"}
{"level":"info","message":"Request completed: GET /api/v1/employees [Status: 401] - 2ms","method":"GET","requestId":"d9030a10-f774-4859-bb52-ec84b9553a92","timestamp":"2026-08-01T18:22:53.438Z","url":"/api/v1/employees"}
{"level":"info","message":"Incoming request: POST /api/v1/auth/login","method":"POST","requestId":"8c7a894a-c7bc-4ee0-952c-2770de03eb34","timestamp":"2026-08-01T18:23:17.868Z","url":"/api/v1/auth/login"}
{"level":"info","message":"User admin@alphamatrix.com logged in successfully","method":"POST","requestId":"8c7a894a-c7bc-4ee0-952c-2770de03eb34","timestamp":"2026-08-01T18:23:18.071Z","url":"/api/v1/auth/login"}
{"level":"info","message":"Request completed: POST /api/v1/auth/login [Status: 200] - 204ms","method":"POST","requestId":"8c7a894a-c7bc-4ee0-952c-2770de03eb34","timestamp":"2026-08-01T18:23:18.072Z","url":"/api/v1/auth/login"}
{"level":"info","message":"Incoming request: GET /api/v1/employees","method":"GET","requestId":"71258166-fffb-471b-982e-897e68b13a1a","timestamp":"2026-08-01T18:23:18.094Z","url":"/api/v1/employees"}
{"level":"info","message":"Request completed: GET /api/v1/employees [Status: 200] - 97ms","method":"GET","requestId":"71258166-fffb-471b-982e-897e68b13a1a","timestamp":"2026-08-01T18:23:18.191Z","url":"/api/v1/employees"}
{"level":"info","message":"Incoming request: POST /api/v1/predictions/generate","method":"POST","requestId":"1f21b579-5316-4457-a80d-f12dfb75fd7f","timestamp":"2026-08-01T18:23:18.196Z","url":"/api/v1/predictions/generate"}
{"level":"info","message":"Request completed: POST /api/v1/predictions/generate [Status: 400] - 26ms","method":"POST","requestId":"1f21b579-5316-4457-a80d-f12dfb75fd7f","timestamp":"2026-08-01T18:23:18.222Z","url":"/api/v1/predictions/generate"}
{"level":"info","message":"Incoming request: POST /api/v1/predictions/generate","method":"POST","requestId":"6feb66f2-d185-4ad3-beeb-8e1f63b48f33","timestamp":"2026-08-01T18:23:18.226Z","url":"/api/v1/predictions/generate"}
{"level":"info","message":"Request completed: POST /api/v1/predictions/generate [Status: 400] - 3ms","method":"POST","requestId":"6feb66f2-d185-4ad3-beeb-8e1f63b48f33","timestamp":"2026-08-01T18:23:18.229Z","url":"/api/v1/predictions/generate"}
{"level":"info","message":"Incoming request: GET /api/v1/predictions/history","method":"GET","requestId":"87b7b645-91d7-4d57-b910-554fee8b7014","timestamp":"2026-08-01T18:23:18.231Z","url":"/api/v1/predictions/history"}
{"level":"info","message":"Request completed: GET /api/v1/predictions/history [Status: 200] - 42ms","method":"GET","requestId":"87b7b645-91d7-4d57-b910-554fee8b7014","timestamp":"2026-08-01T18:23:18.273Z","url":"/api/v1/predictions/history"}
{"level":"info","message":"Incoming request: GET /api/v1/approvals","method":"GET","requestId":"2a8828de-8ba0-4f9f-85e0-fc919fb29d33","timestamp":"2026-08-01T18:23:18.276Z","url":"/api/v1/approvals"}
{"level":"info","message":"Request completed: GET /api/v1/approvals [Status: 200] - 30ms","method":"GET","requestId":"2a8828de-8ba0-4f9f-85e0-fc919fb29d33","timestamp":"2026-08-01T18:23:18.306Z","url":"/api/v1/approvals"}
{"level":"info","message":"Incoming request: GET /api/v1/audit-logs","method":"GET","requestId":"34a99667-5488-4228-b313-eeb12708d225","timestamp":"2026-08-01T18:23:18.309Z","url":"/api/v1/audit-logs"}
{"level":"info","message":"Request completed: GET /api/v1/audit-logs [Status: 200] - 17ms","method":"GET","requestId":"34a99667-5488-4228-b313-eeb12708d225","timestamp":"2026-08-01T18:23:18.326Z","url":"/api/v1/audit-logs"}
{"level":"info","message":"Incoming request: GET /api/v1/ethical-rules","method":"GET","requestId":"6ad180eb-bf5e-4bee-9c00-28bce1935b5a","timestamp":"2026-08-01T18:23:18.329Z","url":"/api/v1/ethical-rules"}
{"level":"info","message":"Request completed: GET /api/v1/ethical-rules [Status: 200] - 45ms","method":"GET","requestId":"6ad180eb-bf5e-4bee-9c00-28bce1935b5a","timestamp":"2026-08-01T18:23:18.374Z","url":"/api/v1/ethical-rules"}
{"level":"info","message":"Incoming request: GET /api/v1/employees","method":"GET","requestId":"355e1f28-860b-46c4-bacf-67dfff470609","timestamp":"2026-08-01T18:23:18.377Z","url":"/api/v1/employees"}
{"level":"info","message":"Request completed: GET /api/v1/employees [Status: 401] - 1ms","method":"GET","requestId":"355e1f28-860b-46c4-bacf-67dfff470609","timestamp":"2026-08-01T18:23:18.378Z","url":"/api/v1/employees"}
{"level":"info","message":"Incoming request: POST /api/v1/auth/login","method":"POST","requestId":"41914cfe-c22b-4193-903d-84f28f50ee00","timestamp":"2026-08-01T18:23:44.403Z","url":"/api/v1/auth/login"}
{"level":"info","message":"User admin@alphamatrix.com logged in successfully","method":"POST","requestId":"41914cfe-c22b-4193-903d-84f28f50ee00","timestamp":"2026-08-01T18:23:44.612Z","url":"/api/v1/auth/login"}
{"level":"info","message":"Request completed: POST /api/v1/auth/login [Status: 200] - 210ms","method":"POST","requestId":"41914cfe-c22b-4193-903d-84f28f50ee00","timestamp":"2026-08-01T18:23:44.613Z","url":"/api/v1/auth/login"}
{"level":"info","message":"Incoming request: GET /api/v1/employees","method":"GET","requestId":"c5bd5aad-9d5b-4278-bc25-95d02094db23","timestamp":"2026-08-01T18:23:44.653Z","url":"/api/v1/employees"}
{"level":"info","message":"Request completed: GET /api/v1/employees [Status: 200] - 42ms","method":"GET","requestId":"c5bd5aad-9d5b-4278-bc25-95d02094db23","timestamp":"2026-08-01T18:23:44.695Z","url":"/api/v1/employees"}
{"level":"info","message":"Incoming request: POST /api/v1/predictions/generate","method":"POST","requestId":"4b3d11fc-bcb1-4608-906f-9fe8ac847951","timestamp":"2026-08-01T18:23:44.704Z","url":"/api/v1/predictions/generate"}
{"level":"info","message":"Prediction generated for employee 6a6de43ab65e4c1d7909a6fe","method":"POST","requestId":"4b3d11fc-bcb1-4608-906f-9fe8ac847951","timestamp":"2026-08-01T18:23:46.181Z","url":"/api/v1/predictions/generate"}
{"level":"info","message":"Request completed: POST /api/v1/predictions/generate [Status: 201] - 1479ms","method":"POST","requestId":"4b3d11fc-bcb1-4608-906f-9fe8ac847951","timestamp":"2026-08-01T18:23:46.184Z","url":"/api/v1/predictions/generate"}
{"level":"info","message":"Incoming request: POST /api/v1/predictions/generate","method":"POST","requestId":"6403488e-88b7-45b4-8380-a3e25fba380a","timestamp":"2026-08-01T18:23:46.190Z","url":"/api/v1/predictions/generate"}
{"level":"info","message":"WebSocket notification successfully emitted [Type: HIGH_RISK_AI]","method":"POST","requestId":"6403488e-88b7-45b4-8380-a3e25fba380a","timestamp":"2026-08-01T18:23:46.327Z","url":"/api/v1/predictions/generate"}
{"level":"info","message":"Prediction generated for employee 6a6de43ab65e4c1d7909a6fe","method":"POST","requestId":"6403488e-88b7-45b4-8380-a3e25fba380a","timestamp":"2026-08-01T18:23:46.328Z","url":"/api/v1/predictions/generate"}
{"level":"info","message":"Request completed: POST /api/v1/predictions/generate [Status: 201] - 140ms","method":"POST","requestId":"6403488e-88b7-45b4-8380-a3e25fba380a","timestamp":"2026-08-01T18:23:46.330Z","url":"/api/v1/predictions/generate"}
{"level":"info","message":"Incoming request: GET /api/v1/predictions/history","method":"GET","requestId":"b140152a-af5d-4c89-8c93-5ad02eef911f","timestamp":"2026-08-01T18:23:46.337Z","url":"/api/v1/predictions/history"}
{"level":"info","message":"Request completed: GET /api/v1/predictions/history [Status: 200] - 64ms","method":"GET","requestId":"b140152a-af5d-4c89-8c93-5ad02eef911f","timestamp":"2026-08-01T18:23:46.401Z","url":"/api/v1/predictions/history"}
{"level":"info","message":"Incoming request: GET /api/v1/approvals","method":"GET","requestId":"12316e95-839d-4697-abf0-fecb2c918f95","timestamp":"2026-08-01T18:23:46.409Z","url":"/api/v1/approvals"}
{"level":"info","message":"Request completed: GET /api/v1/approvals [Status: 200] - 41ms","method":"GET","requestId":"12316e95-839d-4697-abf0-fecb2c918f95","timestamp":"2026-08-01T18:23:46.450Z","url":"/api/v1/approvals"}
{"level":"info","message":"Incoming request: PATCH /api/v1/approvals/6a6de43ab65e4c1d7909a725","method":"PATCH","requestId":"58bc7bfc-4716-4de7-9659-be9df4197759","timestamp":"2026-08-01T18:23:46.461Z","url":"/api/v1/approvals/6a6de43ab65e4c1d7909a725"}
{"level":"info","message":"Request completed: PATCH /api/v1/approvals/6a6de43ab65e4c1d7909a725 [Status: 404] - 9ms","method":"PATCH","requestId":"58bc7bfc-4716-4de7-9659-be9df4197759","timestamp":"2026-08-01T18:23:46.470Z","url":"/api/v1/approvals/6a6de43ab65e4c1d7909a725"}
{"level":"info","message":"Incoming request: GET /api/v1/audit-logs","method":"GET","requestId":"86118ecd-2d2a-43d3-b6bb-99ed07d35548","timestamp":"2026-08-01T18:23:46.477Z","url":"/api/v1/audit-logs"}
{"level":"info","message":"Request completed: GET /api/v1/audit-logs [Status: 200] - 47ms","method":"GET","requestId":"86118ecd-2d2a-43d3-b6bb-99ed07d35548","timestamp":"2026-08-01T18:23:46.524Z","url":"/api/v1/audit-logs"}
{"level":"info","message":"Incoming request: GET /api/v1/ethical-rules","method":"GET","requestId":"8b90e5e1-ef1b-4321-abcb-b8e1cd040582","timestamp":"2026-08-01T18:23:46.529Z","url":"/api/v1/ethical-rules"}
{"level":"info","message":"Request completed: GET /api/v1/ethical-rules [Status: 200] - 53ms","method":"GET","requestId":"8b90e5e1-ef1b-4321-abcb-b8e1cd040582","timestamp":"2026-08-01T18:23:46.583Z","url":"/api/v1/ethical-rules"}
{"level":"info","message":"Incoming request: GET /api/v1/employees","method":"GET","requestId":"5025fde5-5bea-4e33-aeb2-12dbeebfdc40","timestamp":"2026-08-01T18:23:46.592Z","url":"/api/v1/employees"}
{"level":"info","message":"Request completed: GET /api/v1/employees [Status: 401] - 2ms","method":"GET","requestId":"5025fde5-5bea-4e33-aeb2-12dbeebfdc40","timestamp":"2026-08-01T18:23:46.594Z","url":"/api/v1/employees"}
{"level":"info","message":"Incoming request: POST /api/v1/auth/login","method":"POST","requestId":"6e8c963d-6893-458f-8278-568f777f0a38","timestamp":"2026-08-01T18:24:05.698Z","url":"/api/v1/auth/login"}
{"level":"info","message":"User admin@alphamatrix.com logged in successfully","method":"POST","requestId":"6e8c963d-6893-458f-8278-568f777f0a38","timestamp":"2026-08-01T18:24:05.937Z","url":"/api/v1/auth/login"}
{"level":"info","message":"Request completed: POST /api/v1/auth/login [Status: 200] - 244ms","method":"POST","requestId":"6e8c963d-6893-458f-8278-568f777f0a38","timestamp":"2026-08-01T18:24:05.942Z","url":"/api/v1/auth/login"}
{"level":"info","message":"Incoming request: GET /api/v1/employees","method":"GET","requestId":"28e6f064-47a1-4f4f-b670-6f9ea83abf38","timestamp":"2026-08-01T18:24:05.985Z","url":"/api/v1/employees"}
{"level":"info","message":"Request completed: GET /api/v1/employees [Status: 200] - 43ms","method":"GET","requestId":"28e6f064-47a1-4f4f-b670-6f9ea83abf38","timestamp":"2026-08-01T18:24:06.028Z","url":"/api/v1/employees"}
{"level":"info","message":"Incoming request: POST /api/v1/predictions/generate","method":"POST","requestId":"fa317167-fd6d-4140-afa9-96d048d5cb85","timestamp":"2026-08-01T18:24:06.033Z","url":"/api/v1/predictions/generate"}
{"level":"info","message":"Prediction generated for employee 6a6de43ab65e4c1d7909a6fe","method":"POST","requestId":"fa317167-fd6d-4140-afa9-96d048d5cb85","timestamp":"2026-08-01T18:24:06.100Z","url":"/api/v1/predictions/generate"}
{"level":"info","message":"Request completed: POST /api/v1/predictions/generate [Status: 201] - 68ms","method":"POST","requestId":"fa317167-fd6d-4140-afa9-96d048d5cb85","timestamp":"2026-08-01T18:24:06.101Z","url":"/api/v1/predictions/generate"}
{"level":"info","message":"Incoming request: POST /api/v1/predictions/generate","method":"POST","requestId":"d003ab1c-4d56-47f6-9d97-772e19766717","timestamp":"2026-08-01T18:24:06.107Z","url":"/api/v1/predictions/generate"}
{"level":"info","message":"WebSocket notification successfully emitted [Type: HIGH_RISK_AI]","method":"POST","requestId":"d003ab1c-4d56-47f6-9d97-772e19766717","timestamp":"2026-08-01T18:24:06.159Z","url":"/api/v1/predictions/generate"}
{"level":"info","message":"Prediction generated for employee 6a6de43ab65e4c1d7909a6fe","method":"POST","requestId":"d003ab1c-4d56-47f6-9d97-772e19766717","timestamp":"2026-08-01T18:24:06.159Z","url":"/api/v1/predictions/generate"}
{"level":"info","message":"Request completed: POST /api/v1/predictions/generate [Status: 201] - 54ms","method":"POST","requestId":"d003ab1c-4d56-47f6-9d97-772e19766717","timestamp":"2026-08-01T18:24:06.161Z","url":"/api/v1/predictions/generate"}
{"level":"info","message":"Incoming request: GET /api/v1/predictions/history","method":"GET","requestId":"74209f0c-4ec4-4032-b311-7fb80f002638","timestamp":"2026-08-01T18:24:06.164Z","url":"/api/v1/predictions/history"}
{"level":"info","message":"Request completed: GET /api/v1/predictions/history [Status: 200] - 28ms","method":"GET","requestId":"74209f0c-4ec4-4032-b311-7fb80f002638","timestamp":"2026-08-01T18:24:06.192Z","url":"/api/v1/predictions/history"}
{"level":"info","message":"Incoming request: GET /api/v1/approvals","method":"GET","requestId":"67637015-0d09-4c54-99d7-eafb6f1f5c4e","timestamp":"2026-08-01T18:24:06.196Z","url":"/api/v1/approvals"}
{"level":"info","message":"Request completed: GET /api/v1/approvals [Status: 200] - 22ms","method":"GET","requestId":"67637015-0d09-4c54-99d7-eafb6f1f5c4e","timestamp":"2026-08-01T18:24:06.219Z","url":"/api/v1/approvals"}
{"level":"info","message":"Incoming request: PUT /api/v1/approvals/6a6de43ab65e4c1d7909a725/approve","method":"PUT","requestId":"44f2132a-25f6-48c0-8cff-07c80eea1fba","timestamp":"2026-08-01T18:24:06.226Z","url":"/api/v1/approvals/6a6de43ab65e4c1d7909a725/approve"}
{"level":"info","message":"WebSocket notification successfully emitted [Type: APPROVAL_ACTION]","method":"PUT","requestId":"44f2132a-25f6-48c0-8cff-07c80eea1fba","timestamp":"2026-08-01T18:24:06.297Z","url":"/api/v1/approvals/6a6de43ab65e4c1d7909a725/approve"}
{"level":"info","message":"Approval 6a6de43ab65e4c1d7909a725 approved by 6a6de438b65e4c1d7909a6e4","method":"PUT","requestId":"44f2132a-25f6-48c0-8cff-07c80eea1fba","timestamp":"2026-08-01T18:24:06.297Z","url":"/api/v1/approvals/6a6de43ab65e4c1d7909a725/approve"}
{"level":"info","message":"Request completed: PUT /api/v1/approvals/6a6de43ab65e4c1d7909a725/approve [Status: 200] - 72ms","method":"PUT","requestId":"44f2132a-25f6-48c0-8cff-07c80eea1fba","timestamp":"2026-08-01T18:24:06.298Z","url":"/api/v1/approvals/6a6de43ab65e4c1d7909a725/approve"}
{"level":"info","message":"Incoming request: GET /api/v1/audit-logs","method":"GET","requestId":"858eb336-ba48-4285-b5ef-2154ff085350","timestamp":"2026-08-01T18:24:06.302Z","url":"/api/v1/audit-logs"}
{"level":"info","message":"Request completed: GET /api/v1/audit-logs [Status: 200] - 15ms","method":"GET","requestId":"858eb336-ba48-4285-b5ef-2154ff085350","timestamp":"2026-08-01T18:24:06.317Z","url":"/api/v1/audit-logs"}
{"level":"info","message":"Incoming request: GET /api/v1/ethical-rules","method":"GET","requestId":"ed9c8664-b2eb-44c9-a910-a4274550776a","timestamp":"2026-08-01T18:24:06.319Z","url":"/api/v1/ethical-rules"}
{"level":"info","message":"Request completed: GET /api/v1/ethical-rules [Status: 200] - 12ms","method":"GET","requestId":"ed9c8664-b2eb-44c9-a910-a4274550776a","timestamp":"2026-08-01T18:24:06.331Z","url":"/api/v1/ethical-rules"}
{"level":"info","message":"Incoming request: GET /api/v1/employees","method":"GET","requestId":"a28c543c-3031-42b1-b3d9-054fdaff7b17","timestamp":"2026-08-01T18:24:06.334Z","url":"/api/v1/employees"}
{"level":"info","message":"Request completed: GET /api/v1/employees [Status: 401] - 1ms","method":"GET","requestId":"a28c543c-3031-42b1-b3d9-054fdaff7b17","timestamp":"2026-08-01T18:24:06.335Z","url":"/api/v1/employees"}
{"level":"info","message":"Client disconnected from WebSocket: 6lBOHof5X-1JSn06AAAH","timestamp":"2026-08-01T18:27:28.220Z"}
{"level":"info","message":"Client connected to WebSocket: j3ewrPLur-zH74kwAAAJ","timestamp":"2026-08-01T18:28:30.005Z"}
{"level":"info","message":"Client disconnected from WebSocket: j3ewrPLur-zH74kwAAAJ","timestamp":"2026-08-01T18:28:30.804Z"}
{"level":"info","message":"Client connected to WebSocket: NfCMHA9vB8TRCHQLAAAL","timestamp":"2026-08-01T18:28:31.953Z"}
{"level":"info","message":"Incoming request: GET /api/v1/audit-logs?page=1&limit=10&sortBy=createdAt&sortOrder=-1","method":"GET","requestId":"67b42d12-cc6d-467f-83d6-7518f27db8e0","timestamp":"2026-08-01T18:28:32.795Z","url":"/api/v1/audit-logs?page=1&limit=10&sortBy=createdAt&sortOrder=-1"}
{"level":"info","message":"Request completed: GET /api/v1/audit-logs?page=1&limit=10&sortBy=createdAt&sortOrder=-1 [Status: 401] - 21ms","method":"GET","requestId":"67b42d12-cc6d-467f-83d6-7518f27db8e0","timestamp":"2026-08-01T18:28:32.815Z","url":"/api/v1/audit-logs?page=1&limit=10&sortBy=createdAt&sortOrder=-1"}
{"level":"info","message":"Incoming request: GET /api/v1/audit-logs?page=1&limit=10&sortBy=createdAt&sortOrder=-1","method":"GET","requestId":"75ea2594-dd87-4fe0-a687-e584354a699e","timestamp":"2026-08-01T18:28:32.818Z","url":"/api/v1/audit-logs?page=1&limit=10&sortBy=createdAt&sortOrder=-1"}
{"level":"info","message":"Request completed: GET /api/v1/audit-logs?page=1&limit=10&sortBy=createdAt&sortOrder=-1 [Status: 401] - 8ms","method":"GET","requestId":"75ea2594-dd87-4fe0-a687-e584354a699e","timestamp":"2026-08-01T18:28:32.826Z","url":"/api/v1/audit-logs?page=1&limit=10&sortBy=createdAt&sortOrder=-1"}
{"level":"info","message":"Incoming request: POST /api/v1/auth/refresh","method":"POST","requestId":"92840273-87ed-490c-9493-1ecd152f57b2","timestamp":"2026-08-01T18:28:32.951Z","url":"/api/v1/auth/refresh"}
{"level":"info","message":"Request completed: POST /api/v1/auth/refresh [Status: 404] - 4ms","method":"POST","requestId":"92840273-87ed-490c-9493-1ecd152f57b2","timestamp":"2026-08-01T18:28:32.955Z","url":"/api/v1/auth/refresh"}
{"level":"info","message":"Incoming request: POST /api/v1/auth/refresh","method":"POST","requestId":"5b9d4563-480b-4b94-87cd-0d204c912581","timestamp":"2026-08-01T18:28:32.957Z","url":"/api/v1/auth/refresh"}
{"level":"info","message":"Request completed: POST /api/v1/auth/refresh [Status: 404] - 3ms","method":"POST","requestId":"5b9d4563-480b-4b94-87cd-0d204c912581","timestamp":"2026-08-01T18:28:32.960Z","url":"/api/v1/auth/refresh"}
{"level":"info","message":"Client disconnected from WebSocket: NfCMHA9vB8TRCHQLAAAL","timestamp":"2026-08-01T18:28:33.000Z"}
